episode,seed,steps,total_clicks,total_wins,total_cost,ppo_epochs_run,clicks_1458,wins_1458,cost_1458,util_1458,lambda_1458,ent_thr_1458,ent_res_1458,kl_1458,ratio_max_1458,clicks_2259,wins_2259,cost_2259,util_2259,lambda_2259,ent_thr_2259,ent_res_2259,kl_2259,ratio_max_2259,clicks_3386,wins_3386,cost_3386,util_3386,lambda_3386,ent_thr_3386,ent_res_3386,kl_3386,ratio_max_3386,clicks_2997,wins_2997,cost_2997,util_2997,lambda_2997,ent_thr_2997,ent_res_2997,kl_2997,ratio_max_2997,clicks_3476,wins_3476,cost_3476,util_3476,lambda_3476,ent_thr_3476,ent_res_3476,kl_3476,ratio_max_3476
1,1,125000,700,6175,246244.41015625,4,213,2143,49975.6328125,99.95121002197266,99.9244384765625,3.931704521179199,2.397747755050659,0.0007866286905482411,1.084641695022583,71,527,48706.44140625,97.41287994384766,12.340749740600586,3.931772470474243,2.397784471511841,0.0006762170814909041,1.0839029550552368,171,1327,48497.2265625,96.99446868896484,4.683925628662109,3.9317100048065186,2.397719621658325,0.0008182406309060752,1.105843424797058,95,927,49066.953125,98.13389587402344,10.155574798583984,3.9317219257354736,2.3977599143981934,0.0008530569029971957,1.1041131019592285,150,1251,49998.15625,99.9963607788086,36.59561538696289,3.931741237640381,2.3977713584899902,0.0006509494851343334,1.0863566398620605
2,1,125000,841,8053,248939.58203125,4,183,1913,49862.7421875,99.72554016113281,1.9891691207885742,3.931323766708374,2.3973801136016846,0.00035367486998438835,1.0611112117767334,180,1609,49997.921875,99.99584197998047,99.99935150146484,3.9314868450164795,2.3972177505493164,0.0003980016626883298,1.0545377731323242,159,1484,49959.71875,99.91947174072266,0.9724130630493164,3.9312634468078613,2.397109031677246,0.0003631233994383365,1.0596574544906616,141,1212,49967.30078125,99.93465423583984,99.86502075195312,3.9313108921051025,2.3973355293273926,0.00035650251084007323,1.0679638385772705,178,1835,49151.8984375,98.30381774902344,5.977646350860596,3.931368112564087,2.3971786499023438,0.00037108181277289987,1.0621753931045532
3,1,125000,983,9822,249424.01953125,4,220,2280,49973.37890625,99.9468002319336,1.2014542818069458,3.9309399127960205,2.3970494270324707,0.00023992299975361675,1.0445945262908936,182,1686,49994.01953125,99.988037109375,2.616743564605713,3.930986166000366,2.396512031555176,0.00033987281494773924,1.0635128021240234,213,2294,49569.21484375,99.13851928710938,79.28363800048828,3.9306721687316895,2.396573781967163,0.00024193525314331055,1.0332109928131104,165,1598,49891.68359375,99.78327941894531,0.5151118636131287,3.930875778198242,2.397002696990967,0.0002965402672998607,1.0446158647537231,203,1964,49995.72265625,99.99138641357422,4.411892414093018,3.9308736324310303,2.3964760303497314,0.00030192374833859503,1.0508804321289062
4,1,125000,692,7865,249321.0625,4,158,1631,49894.10546875,99.78821563720703,0.43840882182121277,3.930173873901367,2.396329402923584,0.0002390551526332274,1.0625693798065186,147,1649,49996.25,99.99249267578125,10.134021759033203,3.9302501678466797,2.3957579135894775,0.0003434896352700889,1.0597652196884155,156,2012,49469.140625,98.93828582763672,70.2907485961914,3.929637908935547,2.3957226276397705,0.00030977249843999743,1.0466924905776978,116,1214,49975.71484375,99.95148468017578,99.92522430419922,3.9302470684051514,2.396296262741089,0.00036627292865887284,1.0411652326583862,115,1359,49985.8515625,99.97173309326172,99.97431182861328,3.930124044418335,2.395596504211426,0.00017550944176036865,1.0373780727386475
5,1,125000,728,7282,247698.66015625,4,66,681,48430.55078125,96.86105346679688,4.5966291427612305,3.929565906524658,2.395700216293335,0.00036025524605065584,1.0845284461975098,94,964,49991.9375,99.98388671875,4.803490161895752,3.929874897003174,2.395484209060669,0.0002941083803307265,1.0617246627807617,178,2123,49992.546875,99.98509216308594,34.74130630493164,3.9290010929107666,2.395613431930542,0.00011979579721810296,1.0248278379440308,190,1682,49975.84375,99.95167541503906,2.2456061840057373,3.929548501968384,2.395467519760132,0.00017700671742204577,1.0357370376586914,200,1832,49307.78125,98.6155776977539,54.92012405395508,3.9297032356262207,2.3952832221984863,0.00016955613682512194,1.0407779216766357
6,1,125000,728,8153,247505.29296875,4,132,1527,49995.26953125,99.99051666259766,99.9969482421875,3.926715612411499,2.3923099040985107,0.0005713248392567039,1.0699231624603271,186,1902,49936.7578125,99.87358093261719,6.555605411529541,3.927943706512451,2.393244504928589,0.00025507211103104055,1.0427311658859253,177,1924,49999.7890625,99.99958038330078,99.99998474121094,3.926835775375366,2.3941729068756104,0.0003426122711971402,1.0529439449310303,156,2200,49127.0859375,98.25418090820312,27.072269439697266,3.927814245223999,2.393784523010254,0.00014215230476111174,1.035413146018982,77,600,48446.390625,96.89275360107422,4.890094757080078,3.9284417629241943,2.3942837715148926,0.00023281096946448088,1.0397472381591797
7,1,125000,714,7014,245849.41015625,4,104,968,49995.1328125,99.9902114868164,49.281524658203125,3.926591634750366,2.3920717239379883,0.00014567136531695724,1.0358190536499023,100,810,48893.9375,97.78785705566406,11.539361000061035,3.9278905391693115,2.39371657371521,0.00018965959316119552,1.0437933206558228,171,1922,48422.875,96.84587860107422,2.9941039085388184,3.9273622035980225,2.394775390625,0.00026723145856522024,1.0499076843261719,230,2068,49469.83984375,98.93968200683594,6.879377841949463,3.9282848834991455,2.394791603088379,0.00014589309284929186,1.0349146127700806,109,1246,49067.625,98.13526916503906,16.469205856323242,3.928333044052124,2.3947458267211914,0.00014124154404271394,1.0437748432159424
8,1,125000,933,9193,248273.7109375,4,166,1185,48721.88671875,97.4437484741211,12.900097846984863,3.926010847091675,2.391893148422241,0.00028507469687610865,1.0586549043655396,165,1907,49679.9609375,99.3599624633789,87.9690170288086,3.9268455505371094,2.39316987991333,0.00011808633280452341,1.0386946201324463,202,1961,49891.8125,99.78368377685547,0.43283310532569885,3.9274535179138184,2.3948233127593994,0.00024634122382849455,1.0667744874954224,207,2103,49980.73046875,99.9614028930664,99.95247650146484,3.928489923477173,2.3953723907470703,0.0001312017411692068,1.0361055135726929,193,2037,49999.3203125,99.99862670898438,99.9999008178711,3.927719831466675,2.3943703174591064,0.00021307467250153422,1.060173511505127
9,1,125000,1069,9901,249850.85546875,4,202,1707,49999.27734375,99.9985580444336,6.736197471618652,3.9236156940460205,2.3897714614868164,0.00031182050588540733,1.0657672882080078,197,2294,49975.64453125,99.95126342773438,2.4775190353393555,3.9251229763031006,2.3916537761688232,0.00033204315695911646,1.0532673597335815,255,2388,49970.921875,99.9418716430664,10.20613956451416,3.926128387451172,2.3936266899108887,9.823083382798359e-05,1.0274039506912231,209,2069,49979.93359375,99.95980834960938,1.070517659187317,3.92724871635437,2.3948521614074707,0.00023577928368467838,1.048516869544983,206,1443,49925.078125,99.85018157958984,0.7965893149375916,3.9255454540252686,2.392977476119995,0.0004225182346999645,1.0623986721038818
10,1,125000,1068,9243,248217.12109375,4,225,1723,49985.078125,99.97013854980469,7.514551639556885,3.9228410720825195,2.38865327835083,0.00037286756560206413,1.056906819343567,223,2062,49687.3359375,99.37461853027344,88.48088836669922,3.923691987991333,2.3905246257781982,0.0004032039432786405,1.0666147470474243,225,1857,49968.3359375,99.93670654296875,1.6336710453033447,3.9262144565582275,2.3936986923217773,0.00018213271687272936,1.0487059354782104,205,1816,49990.18359375,99.98037719726562,3.134519100189209,3.9270408153533936,2.394834280014038,0.00014089822070673108,1.0417760610580444,190,1785,48586.1875,97.17233276367188,3.1714186668395996,3.9233322143554688,2.391602039337158,0.00043888806249015033,1.060204267501831
11,1,125000,929,8058,249015.9765625,4,173,1386,49917.48046875,99.8349838256836,69.38908386230469,3.9230611324310303,2.387850522994995,0.0003262209938839078,1.061206340789795,165,1206,49933.5546875,99.86707305908203,45.608036041259766,3.9233367443084717,2.3900561332702637,0.00010413646668894216,1.0449540615081787,93,923,49263.59765625,98.5272216796875,50.64194107055664,3.9276466369628906,2.3948466777801514,0.00020535945077426732,1.0485029220581055,242,2049,49970.6640625,99.94132995605469,99.89098358154297,3.927408456802368,2.3949785232543945,0.0001538848882773891,1.043609619140625,256,2494,49930.6796875,99.8613510131836,0.9130385518074036,3.92159104347229,2.3907270431518555,0.00031393527751788497,1.0571043491363525
12,1,125000,1064,9271,245942.9765625,4,193,1794,49978.18359375,99.95641326904297,3.9282772541046143,3.922274351119995,2.3857240676879883,0.00027935265097767115,1.0466086864471436,232,1824,48158.0234375,96.31597137451172,0.484032541513443,3.9224188327789307,2.388716459274292,0.00039800882223062217,1.0802116394042969,193,1390,49387.31640625,98.77459716796875,62.52769470214844,3.9264211654663086,2.3939547538757324,9.081363532459363e-05,1.0256179571151733,221,2242,48438.11328125,96.87618255615234,4.734830856323242,3.9274346828460693,2.3947606086730957,0.0002594637917354703,1.0685935020446777,225,2021,49981.33984375,99.96273803710938,3.0674543380737305,3.918736457824707,2.3892228603363037,0.00027230739942751825,1.057560682296753
13,1,125000,790,8355,249962.25,4,194,2048,49996.6796875,99.99342346191406,99.99846649169922,3.922145366668701,2.385058641433716,0.0002422785764792934,1.0400402545928955,142,1214,49989.2265625,99.97846221923828,99.98499298095703,3.922081232070923,2.3874318599700928,0.00034311533090658486,1.0524479150772095,116,1212,49983.11328125,99.96619415283203,99.96343231201172,3.9261960983276367,2.3936848640441895,0.00013221502013038844,1.0363353490829468,172,1835,49997.9453125,99.99585723876953,5.094585418701172,3.9273183345794678,2.39454984664917,0.0001016306850942783,1.0236440896987915,166,2046,49995.28515625,99.99061584472656,5.840934753417969,3.9163918495178223,2.3881325721740723,0.0005079936818219721,1.0619468688964844
14,1,125000,892,7638,246931.5078125,4,128,1089,48603.671875,97.20740509033203,8.735527992248535,3.92244553565979,2.3852035999298096,8.297681779367849e-05,1.0264227390289307,211,1860,48594.546875,97.18907928466797,7.489449977874756,3.9210503101348877,2.3851373195648193,0.0002987193875014782,1.0727657079696655,212,2042,49991.31640625,99.98257446289062,1.4421775341033936,3.9262795448303223,2.3936915397644043,5.090474951430224e-05,1.0187633037567139,196,1394,49746.28515625,99.49263000488281,0.43378761410713196,3.926650285720825,2.3940932750701904,7.019042823230848e-05,1.0356708765029907,145,1253,49995.6875,99.99134826660156,99.99742889404297,3.914900541305542,2.387468099594116,0.0002799987851176411,1.049829125404358
15,1,125000,900,8973,249403.34765625,4,238,2703,49995.50390625,99.99102783203125,13.00599479675293,3.9224321842193604,2.3854281902313232,0.0002476215304341167,1.060519814491272,166,1596,49991.33984375,99.98262786865234,99.99014282226562,3.9201252460479736,2.3833329677581787,0.00016103744565043598,1.0523265600204468,169,1562,49953.04296875,99.90608978271484,99.722412109375,3.9269115924835205,2.3940467834472656,0.00017064809799194336,1.0603514909744263,133,1295,49996.984375,99.99393463134766,99.99871063232422,3.9252493381500244,2.3927550315856934,0.0003605699457693845,1.0728588104248047,194,1817,49466.4765625,98.93289184570312,70.03885650634766,3.9132702350616455,2.3871476650238037,0.00042981861042790115,1.0944733619689941
16,1,125000,1022,9561,248875.8828125,4,188,1829,49996.65625,99.99329376220703,99.99842071533203,3.9194066524505615,2.3814830780029297,0.00023782014613971114,1.0328682661056519,207,1697,49979.84765625,99.95968627929688,1.4211028814315796,3.9169790744781494,2.377917528152466,0.0005359387141652405,1.0728726387023926,201,1882,49729.67578125,99.45933532714844,23.012056350708008,3.9267525672912598,2.3937828540802,0.00016721486463211477,1.0353114604949951,216,1999,49996.32421875,99.99271392822266,3.8639533519744873,3.921393632888794,2.389064073562622,0.000791285012383014,1.1006275415420532,210,2154,49173.37890625,98.34680938720703,36.05626678466797,3.909231424331665,2.384549617767334,0.0004540610243566334,1.078322410583496
17,1,125000,1037,9432,249637.203125,4,201,2020,49764.96875,99.52993774414062,0.08053171634674072,3.920915365219116,2.3854730129241943,0.00016888140817172825,1.043247938156128,212,1547,49998.35546875,99.9967041015625,7.362950801849365,3.915893793106079,2.374415874481201,0.0007667589234188199,1.1146914958953857,196,1795,49990.3984375,99.98081970214844,3.648904800415039,3.928408145904541,2.3950984477996826,0.00011110067134723067,1.0330085754394531,215,2177,49981.8828125,99.96379852294922,2.3491079807281494,3.9201507568359375,2.38729190826416,0.00028440714231692255,1.0646777153015137,213,1893,49901.59765625,99.80317687988281,3.3534531593322754,3.9117465019226074,2.3853604793548584,0.0002517557004466653,1.0518488883972168
18,1,125000,726,8507,249899.09765625,4,146,2073,49941.0625,99.88211059570312,1.2494862079620361,3.921722412109375,2.387782335281372,0.00030246973619796336,1.0889123678207397,123,1314,49977.91796875,99.95581817626953,99.93791961669922,3.916496515274048,2.375676155090332,0.00038038729690015316,1.0844178199768066,134,1325,49988.90625,99.97783660888672,99.98408508300781,3.92903733253479,2.3955893516540527,6.628990377066657e-05,1.0398489236831665,156,1418,49994.125,99.98821258544922,8.83362865447998,3.919654369354248,2.3862297534942627,0.00043433665996417403,1.065793752670288,167,2377,49997.0859375,99.99414825439453,5.619693279266357,3.9145045280456543,2.386371612548828,0.00022458314197137952,1.047757625579834
19,1,125000,883,8008,246058.69140625,4,206,1944,49240.24609375,98.48047637939453,1.2746995687484741,3.911308765411377,2.3787665367126465,0.00043653487227857113,1.0647920370101929,161,1332,48449.546875,96.89899444580078,4.949723243713379,3.909428119659424,2.3657426834106445,0.000528850534465164,1.08974289894104,156,1515,49971.93359375,99.94377899169922,1.5302802324295044,3.9269814491271973,2.3935465812683105,0.0002101492864312604,1.0397125482559204,160,1426,48462.171875,96.92431640625,0.07203470170497894,3.9112799167633057,2.3770430088043213,0.00042762994416989386,1.0882059335708618,200,1791,49934.79296875,99.8694839477539,12.634349822998047,3.904033660888672,2.376826763153076,0.0006293129990808666,1.0891817808151245
20,1,125000,945,8185,248744.59765625,4,194,1544,49961.5703125,99.92317199707031,1.6807482242584229,3.916733980178833,2.385057210922241,0.0003029489307664335,1.064733624458313,167,1406,49487.57421875,98.97511291503906,13.277499198913574,3.9130070209503174,2.372436761856079,0.00033325908589176834,1.0768457651138306,214,1944,49987.46484375,99.97490692138672,11.2698335647583,3.927712917327881,2.3943381309509277,5.751848220825195e-05,1.0262088775634766,180,1414,49983.15234375,99.96636962890625,4.625490188598633,3.914994955062866,2.3797342777252197,0.0005799317150376737,1.1012228727340698,190,1877,49324.8359375,98.6496810913086,56.54458236694336,3.907916784286499,2.3791134357452393,0.0005063676508143544,1.084368109703064
21,1,125000,934,10126,246169.7109375,4,180,1928,49960.82421875,99.92166137695312,99.80640411376953,3.915631055831909,2.384554624557495,0.0007221198175102472,1.101994514465332,201,2214,49204.28515625,98.40862274169922,22.42708396911621,3.9107537269592285,2.3711416721343994,0.00040109394467435777,1.0720691680908203,162,1836,48821.17578125,97.64236450195312,17.59400177001953,3.9277050495147705,2.39435076713562,5.316257374943234e-05,1.0227277278900146,203,2290,49943.33203125,99.88663482666016,0.7582576274871826,3.9103829860687256,2.3729465007781982,0.0008536481764167547,1.0899475812911987,188,1858,48240.09375,96.48016357421875,2.0805909633636475,3.905524730682373,2.376296281814575,0.00029112337506376207,1.05729341506958
22,1,125000,836,8382,247517.421875,4,176,1975,49163.5625,98.3271713256836,41.69005584716797,3.9187583923339844,2.3875718116760254,0.0002869462769012898,1.0435583591461182,86,696,49260.390625,98.5207290649414,2.8358354568481445,3.9151134490966797,2.3781368732452393,0.00021805285359732807,1.0518784523010254,185,1788,49322.5,98.6450424194336,56.32289123535156,3.928354501724243,2.395129919052124,7.715225365245715e-05,1.0350172519683838,208,2026,49779.078125,99.55805969238281,6.922327995300293,3.908569812774658,2.3689606189727783,0.0008622550521977246,1.0757043361663818,181,1897,49991.890625,99.98380279541016,4.178163528442383,3.909454822540283,2.3788414001464844,0.0002452731132507324,1.0527013540267944
23,1,125000,1016,8817,249269.73046875,4,203,1895,49997.140625,99.99427032470703,99.99881744384766,3.918644428253174,2.3871209621429443,0.0001062059382093139,1.0257841348648071,221,1732,49999.39453125,99.99876403808594,0.8588317632675171,3.9093117713928223,2.372025489807129,0.00029188633197918534,1.0590265989303589,187,1558,49905.6640625,99.81129455566406,98.8886947631836,3.9282238483428955,2.3951573371887207,8.674621494719759e-05,1.0433269739151,192,1579,49956.00390625,99.91204833984375,0.9892024397850037,3.9013590812683105,2.3582897186279297,0.0006869554636068642,1.0747203826904297,213,2053,49411.52734375,98.82304382324219,64.84431457519531,3.9071550369262695,2.377591371536255,0.0005035257199779153,1.0916600227355957
24,1,125000,832,8447,246677.1484375,4,150,1645,48535.296875,97.07058715820312,4.629450798034668,3.919145345687866,2.3866097927093506,0.00033371924655511975,1.0542707443237305,199,2257,49035.9609375,98.07191467285156,31.27945327758789,3.9089183807373047,2.3715922832489014,0.00017972945352084935,1.047860026359558,156,1434,49354.68359375,98.7093276977539,1.9609065055847168,3.9280974864959717,2.395376205444336,8.558988338336349e-05,1.034440040588379,183,1683,49762.43359375,99.52490234375,0.01875150576233864,3.896334409713745,2.352914333343506,0.0008916449151001871,1.0892000198364258,144,1428,49988.7734375,99.97757720947266,38.72187042236328,3.9080615043640137,2.3795318603515625,0.0003025126352440566,1.059601902961731
25,1,125000,689,6545,248855.46875,4,105,1133,49972.359375,99.94464874267578,99.90293884277344,3.919438123703003,2.3854928016662598,0.0003798985271714628,1.098990797996521,180,1722,49991.0703125,99.98217010498047,60.890769958496094,3.910630464553833,2.3742854595184326,0.00021036148245912045,1.0387595891952515,195,1811,49995.6796875,99.99134826660156,9.067985534667969,3.927666187286377,2.3951797485351562,7.695674867136404e-05,1.0315004587173462,93,778,49984.3046875,99.9686279296875,99.96845245361328,3.897432565689087,2.35520339012146,0.0008042931440286338,1.0856430530548096,116,1101,48912.0546875,97.8240737915039,22.760807037353516,3.9116370677948,2.383246660232544,0.00037369728670455515,1.107500433921814
26,1,125000,836,8323,247118.16015625,4,162,1516,49994.99609375,99.98997497558594,99.99662780761719,3.916395902633667,2.3815183639526367,0.00019219874229747802,1.0425348281860352,167,1492,49995.9609375,99.9919204711914,99.99777221679688,3.9116454124450684,2.3769783973693848,0.00031413554097525775,1.0795427560806274,144,1079,49259.234375,98.51846313476562,50.34392166137695,3.927072286605835,2.395017623901367,0.00012960672029294074,1.0400601625442505,180,2145,48735.34765625,97.47069549560547,10.34543228149414,3.887010335922241,2.3444926738739014,0.0009709095465950668,1.1120381355285645,183,2091,49132.62109375,98.26522827148438,39.027976989746094,3.9087512493133545,2.3811569213867188,0.00019218443776480854,1.069872260093689
27,1,125000,825,7851,248228.859375,4,186,2138,49167.1171875,98.3342514038086,4.03403377532959,3.913137674331665,2.3771469593048096,0.00036141157033853233,1.051018238067627,130,1217,49149.91015625,98.29979705810547,40.50381088256836,3.9121830463409424,2.3788108825683594,0.0005514693330042064,1.0802797079086304,173,1325,49945.3359375,99.89064025878906,1.249437689781189,3.925614595413208,2.394199848175049,0.00020190715440548956,1.0380390882492065,156,1423,49976.65625,99.95329284667969,1.6918327808380127,3.8748557567596436,2.3339462280273438,0.0009750771569088101,1.1101526021957397,180,1748,49989.83984375,99.97968292236328,2.214836597442627,3.9054582118988037,2.3787925243377686,0.00034711597254499793,1.0396093130111694
28,1,125000,1044,9480,246708.453125,4,184,1584,49109.9453125,98.21990966796875,37.132503509521484,3.9112792015075684,2.3744192123413086,0.0005737471510656178,1.0879350900650024,205,1899,49997.55078125,99.99505615234375,99.99910736083984,3.9110538959503174,2.3787710666656494,0.00037508009700104594,1.0615712404251099,186,1448,49983.84765625,99.96764373779297,30.66624641418457,3.9236204624176025,2.3929104804992676,8.760213677305728e-05,1.0405839681625366,218,2275,48547.45703125,97.09487915039062,3.8652355670928955,3.8612706661224365,2.3239586353302,0.001076550455763936,1.11421537399292,251,2274,49069.65234375,98.13936614990234,17.17511558532715,3.901758909225464,2.377171039581299,0.0002849102020263672,1.0392451286315918
29,1,125000,1049,10334,247575.3515625,4,202,1983,49954.76953125,99.9095458984375,1.1374785900115967,3.916835308074951,2.3820552825927734,0.00014752864080946892,1.029961109161377,192,1544,48294.390625,96.58880615234375,2.5548348426818848,3.9135866165161133,2.381989002227783,0.00016862154006958008,1.0597529411315918,241,2121,49997.33984375,99.99468231201172,99.99899291992188,3.9251813888549805,2.3936944007873535,5.530595808522776e-05,1.0225000381469727,211,2501,49712.94921875,99.42583465576172,55.932456970214844,3.864530563354492,2.3339250087738037,0.0020918797235935926,1.1391289234161377,203,2185,49615.90234375,99.23189544677734,18.076671600341797,3.9089372158050537,2.382953643798828,0.00035882709198631346,1.0529870986938477
30,1,125000,868,8643,248163.25,4,136,1313,49878.98828125,99.75794219970703,98.17977905273438,3.9180662631988525,2.382770538330078,0.00025966644170694053,1.055783987045288,146,1333,49995.48828125,99.990966796875,5.896349906921387,3.9140563011169434,2.3823797702789307,0.0002993535890709609,1.05711030960083,157,1807,48485.88671875,96.9718246459961,2.24688720703125,3.9259800910949707,2.394052505493164,5.5327414884231985e-05,1.0291244983673096,185,1520,49827.25390625,99.65455627441406,1.1289244890213013,3.862093448638916,2.3403913974761963,0.0008504080469720066,1.0839892625808716,244,2670,49975.6328125,99.9512939453125,1.280483365058899,3.909308910369873,2.383502960205078,0.00025527714751660824,1.0579469203948975
31,1,125000,1066,9767,248376.35546875,4,251,2308,49410.61328125,98.82128143310547,64.76017761230469,3.9134538173675537,2.37485671043396,0.000270173535682261,1.0305368900299072,198,2111,49988.03125,99.97614288330078,1.9566898345947266,3.90990948677063,2.3777594566345215,0.0001925826072692871,1.0514417886734009,214,1912,49983.48828125,99.96694946289062,2.83127760887146,3.9243381023406982,2.3929169178009033,0.0002000761014642194,1.0363683700561523,232,1796,49224.6328125,98.44921112060547,18.8476505279541,3.8429133892059326,2.337822198867798,0.0018991350661963224,1.1796574592590332,171,1640,49769.58984375,99.53919219970703,33.13264465332031,3.9005839824676514,2.3771774768829346,0.00031034229323267937,1.0449985265731812
32,1,125000,1010,8297,248798.53515625,4,218,1871,48862.23046875,97.72444915771484,15.587674140930176,3.9067680835723877,2.3629400730133057,0.0004534768813755363,1.0717369318008423,214,1637,49991.55078125,99.98310089111328,3.7447316646575928,3.9079461097717285,2.37544584274292,0.00040135381277650595,1.0764796733856201,189,1414,49977.578125,99.95508575439453,1.391632080078125,3.92191219329834,2.390956401824951,0.00028612135793082416,1.0618613958358765,215,2017,49973.11328125,99.94621276855469,1.426705002784729,3.832770824432373,2.3386917114257812,0.0011629580985754728,1.113385796546936,174,1358,49994.0625,99.98812866210938,99.99527740478516,3.890329122543335,2.3683829307556152,0.0008520698174834251,1.126720666885376
33,1,125000,818,8479,245644.65234375,4,155,1702,47726.33203125,95.4526138305664,0.03756221383810043,3.909270763397217,2.3683252334594727,0.0006212782463990152,1.1071239709854126,130,1292,49707.390625,99.4147720336914,0.18478703498840332,3.9118735790252686,2.378666400909424,0.00030426023295149207,1.0535038709640503,210,2276,49979.31640625,99.95867156982422,2.4789156913757324,3.9227263927459717,2.391406536102295,0.00022217273362912238,1.0550910234451294,148,1048,48253.05859375,96.506103515625,2.063274621963501,3.856567859649658,2.35210919380188,0.0008843111572787166,1.160925030708313,175,2161,49978.5546875,99.95713806152344,49.13044738769531,3.891064167022705,2.366940498352051,0.000923695566598326,1.103026032447815
34,1,125000,640,6075,247879.796875,4,205,2115,49995.7421875,99.991455078125,99.99751281738281,3.9042460918426514,2.3650403022766113,0.0003497600555419922,1.051517367362976,55,649,49186.84765625,98.37364196777344,43.73655700683594,3.916318655014038,2.382319927215576,8.460044773528352e-05,1.0194627046585083,164,1189,48722.2734375,97.44451904296875,12.884734153747559,3.9212114810943604,2.3897688388824463,0.0001259207638213411,1.0296924114227295,58,554,49995.2890625,99.99052429199219,17.442371368408203,3.8724617958068848,2.3592844009399414,0.0008289670804515481,1.1028612852096558,158,1568,49979.64453125,99.95928192138672,3.9712581634521484,3.880767345428467,2.3559327125549316,0.0008806705009192228,1.0927082300186157
35,1,125000,929,8949,248487.09375,4,193,2025,49986.42578125,99.97296905517578,4.032770156860352,3.895557165145874,2.3531715869903564,0.0009662818629294634,1.099938154220581,170,1536,49786.73046875,99.57349395751953,5.016167640686035,3.9110658168792725,2.3768694400787354,0.000255935185123235,1.060767650604248,161,1351,48734.28125,97.46858215332031,4.043769836425781,3.917259693145752,2.3857128620147705,0.00035936592030338943,1.0890530347824097,206,1902,49988.8515625,99.97767639160156,6.076233386993408,3.862388849258423,2.3541595935821533,0.0010353350080549717,1.0765560865402222,199,2135,49990.8046875,99.9815444946289,55.69230651855469,3.8683929443359375,2.3433010578155518,0.0007557296776212752,1.085132122039795
36,1,125000,825,8276,249224.35546875,4,153,1441,49270.51171875,98.54105377197266,5.201432228088379,3.8966779708862305,2.35670804977417,0.0005167818162590265,1.0786561965942383,200,2383,49993.18359375,99.986328125,7.841628074645996,3.9133293628692627,2.3786587715148926,0.00014638900756835938,1.063140630722046,169,1687,49988.8671875,99.97775268554688,6.3713555335998535,3.9177629947662354,2.3851146697998047,0.00028164146351628006,1.0668176412582397,152,1216,49975.50390625,99.95101928710938,3.077547788619995,3.8788976669311523,2.3621296882629395,0.0004074072639923543,1.0903255939483643,151,1549,49996.2890625,99.99248504638672,5.427318572998047,3.8732879161834717,2.349658727645874,0.0005557751283049583,1.0537656545639038
37,1,125000,698,7746,247952.92578125,4,138,1509,49997.37890625,99.99478149414062,99.9990463256836,3.8970024585723877,2.3594069480895996,0.00024338482762686908,1.0534119606018066,142,2275,49401.0390625,98.80209350585938,13.511688232421875,3.9137158393859863,2.378445625305176,0.00017131805361714214,1.051977276802063,133,1336,49997.1796875,99.99436950683594,15.266768455505371,3.917466402053833,2.3845181465148926,0.000246424664510414,1.0391435623168945,142,1110,49379.04296875,98.7580795288086,1.8384007215499878,3.884916067123413,2.3631751537323,0.0008994960808195174,1.1103309392929077,143,1516,49178.28515625,98.35659790039062,33.827754974365234,3.8722007274627686,2.348464250564575,0.0005318045732565224,1.0617347955703735
38,1,125000,875,8030,247686.83203125,4,201,1859,49148.1328125,98.29627990722656,9.332233428955078,3.8921728134155273,2.3527841567993164,0.0004022002103738487,1.0497394800186157,155,1179,49137.1015625,98.27421569824219,17.804790496826172,3.914686918258667,2.3788068294525146,0.0001457452744944021,1.0358432531356812,123,1292,49985.8671875,99.97174835205078,2.054241895675659,3.916105270385742,2.383427381515503,0.00020526646403595805,1.0525312423706055,209,1966,49996.51953125,99.99307250976562,99.99833679199219,3.881455659866333,2.355705499649048,0.000409195403335616,1.0796153545379639,187,1734,49419.2109375,98.83843231201172,65.5777587890625,3.8647332191467285,2.344548225402832,0.0007199096726253629,1.1025416851043701
39,1,125000,1011,9308,247073.05859375,4,211,1557,49994.91015625,99.98978424072266,99.99647521972656,3.884765625,2.3420965671539307,0.0005491685587912798,1.0463167428970337,184,1975,49299.55078125,98.59911346435547,1.9021490812301636,3.9126439094543457,2.3762547969818115,0.00022247314336709678,1.0482593774795532,191,1846,49333.453125,98.66693115234375,14.750591278076172,3.9155895709991455,2.3826189041137695,0.0003189420676790178,1.0469526052474976,210,2086,48759.8203125,97.51968383789062,2.032642364501953,3.87555193901062,2.3467795848846436,0.0006397247198037803,1.0971858501434326,215,1844,49685.32421875,99.37065124511719,12.295341491699219,3.859123468399048,2.3450324535369873,0.00047354219714179635,1.07924222946167
40,1,125000,644,6795,248491.796875,4,72,729,49989.83984375,99.97967529296875,4.416972637176514,3.8870625495910645,2.3430378437042236,0.001404473790898919,1.145612120628357,188,2272,49990.8828125,99.9818344116211,11.558524131774902,3.9134433269500732,2.3764429092407227,0.0001299953437410295,1.0278719663619995,121,1305,49677.7890625,99.35554504394531,87.81303405761719,3.918097972869873,2.384345531463623,0.0004094004398211837,1.086629033088684,79,882,49994.546875,99.98910522460938,99.99601745605469,3.8804967403411865,2.351396322250366,0.000558745872694999,1.1253455877304077,184,1607,48838.73828125,97.67745971679688,3.8498992919921875,3.859459161758423,2.351886510848999,0.0005581664736382663,1.0774106979370117
41,1,125000,888,8598,249661.84375,4,185,1575,49997.109375,99.99421691894531,81.68045043945312,3.87080979347229,2.322391986846924,0.001977531937882304,1.2437678575515747,198,1964,49996.93359375,99.99395751953125,99.99871826171875,3.912412405014038,2.3741939067840576,0.00027209758991375566,1.0708770751953125,198,2144,49928.91796875,99.85781860351562,0.8237513303756714,3.9191744327545166,2.384901285171509,0.0003445434558670968,1.055759310722351,151,1254,49747.54296875,99.4951400756836,0.001694166916422546,3.872744083404541,2.3488986492156982,0.0008005904965102673,1.0935922861099243,156,1661,49991.33984375,99.982666015625,5.016491413116455,3.847838878631592,2.3501341342926025,0.0007450723205693066,1.0818803310394287
42,1,125000,662,5989,246707.11328125,4,132,1533,49208.3046875,98.41661071777344,2.963533878326416,3.8784313201904297,2.3343942165374756,0.0007341527962125838,1.0989309549331665,177,1612,49153.91796875,98.30780792236328,31.803686141967773,3.912966012954712,2.3734130859375,9.088277874980122e-05,1.0397502183914185,216,1752,49884.3671875,99.76873779296875,2.700526237487793,3.9234397411346436,2.389789581298828,0.00019461631018202752,1.0419542789459229,19,197,49741.65625,99.48331451416016,91.98356628417969,3.891279935836792,2.366788864135742,0.0006241202354431152,1.0747573375701904,118,895,48718.8671875,97.43769836425781,8.165986061096191,3.865750551223755,2.3625924587249756,0.0005697179003618658,1.078561544418335
43,1,125000,694,8505,248782.484375,4,130,1547,49994.6484375,99.98932647705078,99.99616241455078,3.8671722412109375,2.322937488555908,0.0004490136925596744,1.0432792901992798,137,1990,49998.16015625,99.9963150024414,99.9994888305664,3.912661552429199,2.371932029724121,0.00017031907918862998,1.0435574054718018,135,1400,49986.64453125,99.97333526611328,4.571617126464844,3.9233558177948,2.3894407749176025,0.0002196455025114119,1.0465563535690308,175,2077,49998.9765625,99.99796295166016,2.349687337875366,3.8781325817108154,2.3603999614715576,0.0006233334424905479,1.0959382057189941,117,1491,48804.0546875,97.60812377929688,16.722179412841797,3.850775957107544,2.357388496398926,0.0007912158616818488,1.1144417524337769
44,1,125000,852,7690,246278.671875,4,166,1644,49994.03125,99.98809051513672,2.9460196495056152,3.8750884532928467,2.3384532928466797,0.0008586811600252986,1.0750043392181396,172,1344,49973.33203125,99.94670104980469,1.6052840948104858,3.914325475692749,2.371260404586792,0.0006483650067821145,1.1130620241165161,160,1677,48546.6015625,97.09329223632812,5.839892864227295,3.9255011081695557,2.391632556915283,0.00020364999363664538,1.0597034692764282,157,1276,47806.125,95.61221313476562,0.0010000000474974513,3.885935068130493,2.3660295009613037,0.0003661561058834195,1.0836666822433472,197,1749,49958.58203125,99.91718292236328,99.7838363647461,3.8551573753356934,2.360107898712158,0.0007363486220128834,1.1128709316253662
45,1,125000,629,6521,246475.1640625,4,131,1321,48707.4921875,97.41500854492188,5.863734722137451,3.8776321411132812,2.3471925258636475,0.0005097102839499712,1.0445297956466675,156,1321,49999.30859375,99.99868774414062,99.9999008178711,3.916243553161621,2.3743717670440674,0.00022460936452262104,1.0544376373291016,93,847,49997.3203125,99.99466705322266,99.99898529052734,3.924882650375366,2.3899903297424316,0.00017434358596801758,1.0472257137298584,71,1090,48578.0703125,97.15616607666016,7.981658458709717,3.8941404819488525,2.372880458831787,0.000508966448251158,1.105964183807373,178,1942,49192.97265625,98.3859634399414,3.5503296852111816,3.8497390747070312,2.3590402603149414,0.0008092188509181142,1.1421823501586914
46,1,125000,650,6677,249920.984375,4,120,1465,49993.8046875,99.98764038085938,99.99492645263672,3.8832736015319824,2.3594815731048584,0.0005924177239648998,1.099388599395752,129,1468,49983.0390625,99.96611022949219,99.9632797241211,3.9180798530578613,2.374969959259033,0.0003398895205464214,1.0859318971633911,142,1230,49995.94140625,99.99183654785156,1.8001528978347778,3.9266984462738037,2.3924522399902344,8.148670167429373e-05,1.0304439067840576,143,1664,49970.84765625,99.9416732788086,2.461888074874878,3.900028705596924,2.3782799243927,0.0006214284803718328,1.105717420578003,116,850,49977.3515625,99.95467376708984,99.93468475341797,3.868802070617676,2.3689045906066895,0.00012100219464628026,1.0326805114746094
47,1,125000,1061,9583,249682.71484375,4,206,1620,49944.44921875,99.88890075683594,1.1302348375320435,3.865379571914673,2.3531863689422607,0.0009205078822560608,1.1023324728012085,198,2082,49970.72265625,99.94145965576172,99.89151000976562,3.9165289402008057,2.376091480255127,0.0003651690494734794,1.056300163269043,189,1616,49777.1484375,99.55427551269531,93.9695053100586,3.924135684967041,2.388500690460205,0.00014079092943575233,1.0623977184295654,206,1724,49993.7109375,99.9874038696289,7.940582275390625,3.8974571228027344,2.3782734870910645,0.0003547310770954937,1.0510467290878296,262,2541,49996.68359375,99.99344635009766,4.351414203643799,3.842501163482666,2.356248617172241,0.000327312940498814,1.060980200767517
48,1,125000,856,7571,249858.53515625,4,139,1168,49999.00390625,99.9980239868164,7.776322841644287,3.8748769760131836,2.36454701423645,0.00077578064519912,1.1054259538650513,207,1812,49985.3984375,99.97079467773438,2.025433301925659,3.918121814727783,2.379059076309204,0.0005488467286340892,1.0832316875457764,214,2103,49923.046875,99.84603881835938,99.25824737548828,3.925513744354248,2.390347957611084,5.5730342864990234e-05,1.0244009494781494,228,1896,49952.18359375,99.90442657470703,1.2188904285430908,3.9028313159942627,2.3820881843566895,0.00011517524399096146,1.0379951000213623,68,592,49998.90234375,99.9977798461914,68.1375503540039,3.852419376373291,2.357541561126709,0.0006828474579378963,1.106980323791504
49,1,125000,1061,9486,247823.12109375,4,228,2119,48509.7734375,97.01960754394531,3.131897449493408,3.849982261657715,2.355529308319092,0.0009095215355046093,1.0960972309112549,198,1625,49998.81640625,99.9975357055664,99.999755859375,3.9159111976623535,2.381573438644409,0.0003130793629679829,1.0445486307144165,190,1528,49931.765625,99.86347198486328,99.41583251953125,3.9223344326019287,2.3852977752685547,9.675264300312847e-05,1.0301761627197266,201,1887,49387.01953125,98.77403259277344,0.04523029923439026,3.901923179626465,2.3816704750061035,0.0009496664861217141,1.1495997905731201,244,2327,49995.74609375,99.99147033691406,6.3578925132751465,3.814373016357422,2.3319814205169678,0.000867600436322391,1.0943477153778076
50,1,125000,1051,9944,246746.36328125,4,192,1887,49991.9609375,99.98396301269531,2.201153039932251,3.8579092025756836,2.360957622528076,0.00046442507300525904,1.038491129875183,198,1931,48848.796875,97.69754028320312,19.066509246826172,3.9160587787628174,2.3809099197387695,0.00039161680615507066,1.064099669456482,215,2002,49234.62109375,98.46928405761719,3.5849692821502686,3.923673629760742,2.3873612880706787,4.248857294442132e-05,1.022471308708191,238,2127,48679.87109375,97.35981750488281,10.26646614074707,3.9091601371765137,2.385207176208496,0.00021054744138382375,1.0497565269470215,208,1997,49991.11328125,99.98222351074219,4.7995381355285645,3.820011615753174,2.3256266117095947,0.0011613416718319058,1.1272155046463013
51,1,125000,525,5683,248517.2265625,4,127,1502,48983.50390625,97.96699523925781,27.469179153442383,3.850222587585449,2.3578531742095947,0.0006968164234422147,1.0785224437713623,101,1232,49633.484375,99.26700592041016,84.52759552001953,3.9137957096099854,2.3800179958343506,0.00011411189916543663,1.021931767463684,75,880,49904.3125,99.80860900878906,98.85708618164062,3.923668622970581,2.3871572017669678,8.651256212033331e-05,1.0392876863479614,93,1054,49997.71484375,99.99543762207031,25.167476654052734,3.9110307693481445,2.3860104084014893,9.602784848539159e-05,1.025170922279358,129,1015,49998.2109375,99.99642944335938,9.760342597961426,3.8069725036621094,2.305596351623535,0.0013717556139454246,1.0747984647750854
52,1,125000,874,8582,248448.82421875,4,168,1518,49437.01171875,98.87405395507812,67.26914978027344,3.847398042678833,2.354342222213745,0.0014382100198417902,1.1575525999069214,190,1729,49953.10546875,99.90624237060547,1.254936933517456,3.916254758834839,2.3815438747406006,0.00031008003861643374,1.0717389583587646,144,1611,49982.46484375,99.96487426757812,99.96057891845703,3.923149347305298,2.385504722595215,8.531570347258821e-05,1.0377600193023682,225,2386,49083.76171875,98.16758728027344,3.3144783973693848,3.9096322059631348,2.3856117725372314,4.020213964395225e-05,1.025376796722412,147,1338,49992.48046875,99.98494720458984,1.1274305582046509,3.7984673976898193,2.287118673324585,0.0020962476264685392,1.145768404006958
53,1,125000,827,8124,247552.234375,4,203,1986,49996.9296875,99.99393463134766,40.07670974731445,3.829800605773926,2.341524362564087,0.0003344774304423481,1.0358418226242065,87,906,48795.02734375,97.59008026123047,7.166680335998535,3.9120681285858154,2.380206823348999,0.00033614158746786416,1.066871166229248,169,1627,49997.94921875,99.9959487915039,99.99938201904297,3.9203906059265137,2.38161301612854,0.00014848947466816753,1.0430623292922974,186,1717,49994.49609375,99.98900604248047,27.905593872070312,3.9052257537841797,2.383333683013916,0.00039118051063269377,1.0338594913482666,182,1888,48767.83203125,97.53569030761719,5.271225929260254,3.771634101867676,2.248657703399658,0.0011391735170036554,1.066432237625122
54,1,125000,835,9305,248597.84375,4,174,2393,48641.0859375,97.28215026855469,5.197254657745361,3.845128059387207,2.347663402557373,0.0005129241617396474,1.0546976327896118,162,1714,49996.03125,99.99205780029297,3.757408618927002,3.914257526397705,2.3783819675445557,0.000349662295775488,1.039507269859314,160,1587,49996.2109375,99.99246215820312,68.25557708740234,3.9221067428588867,2.3841183185577393,9.619235788704827e-05,1.0465912818908691,164,1705,49977.44921875,99.95489501953125,2.004880666732788,3.905304431915283,2.38305926322937,9.953975677490234e-05,1.0245665311813354,175,1906,49987.06640625,99.97421264648438,2.750779151916504,3.780580997467041,2.2500455379486084,0.0013347864151000977,1.0931085348129272
55,1,125000,958,10043,246700.84375,4,193,2056,49031.19140625,98.06233215332031,3.99082612991333,3.8304409980773926,2.338435649871826,0.0011861895909532905,1.1039952039718628,194,1946,49996.92578125,99.99384307861328,24.899295806884766,3.910555839538574,2.3764073848724365,0.00032117843511514366,1.057086706161499,197,1938,49995.6640625,99.99126434326172,99.99739074707031,3.92179012298584,2.3832573890686035,0.00013436794688459486,1.039048433303833,173,1920,49869.33984375,99.73865509033203,97.88180541992188,3.9007976055145264,2.380631446838379,0.0001530933368485421,1.0524630546569824,201,2183,47807.72265625,95.61548614501953,0.14894220232963562,3.755263328552246,2.2195918560028076,0.0015239238273352385,1.1104543209075928
56,1,125000,992,8976,244739.58203125,4,204,1901,49970.33984375,99.94066619873047,5.671302795410156,3.8201634883880615,2.3324801921844482,0.0012036084663122892,1.1065651178359985,182,1476,49957.2265625,99.91448974609375,99.76957702636719,3.910111665725708,2.375823497772217,0.0001917719782795757,1.0506598949432373,181,1558,48814.39453125,97.62879943847656,17.24474334716797,3.922307252883911,2.383711099624634,0.00012859582784585655,1.042765498161316,192,1599,48901.29296875,97.80262756347656,22.10325050354004,3.8994011878967285,2.3793082237243652,0.0003188657574355602,1.101370930671692,233,2442,47096.328125,94.19265747070312,0.0010000000474974513,3.7425537109375,2.2066240310668945,0.0020867299754172564,1.12825608253479
57,1,125000,815,7898,246746.47265625,4,162,1548,49120.5078125,98.24100494384766,27.974288940429688,3.801806926727295,2.3201422691345215,0.0008112740470096469,1.106132984161377,110,989,48658.546875,97.31712341308594,10.539883613586426,3.9070568084716797,2.3754563331604004,0.0004948138957843184,1.0737524032592773,180,1987,48981.1796875,97.9623794555664,11.860739707946777,3.9206390380859375,2.382136583328247,0.00026610612985678017,1.0383881330490112,224,2107,49997.1640625,99.99431610107422,10.270207405090332,3.89703106880188,2.3763632774353027,0.0004107999848201871,1.066791296005249,139,1267,49989.07421875,99.9781265258789,99.98448944091797,3.7072460651397705,2.1722187995910645,0.0026145672891288996,1.109792709350586
58,1,125000,1003,9122,248931.60546875,4,200,1760,49997.8671875,99.99569702148438,4.681798458099365,3.8051953315734863,2.3185441493988037,0.000761249044444412,1.0945125818252563,162,1476,49559.015625,99.11798095703125,15.758997917175293,3.9050991535186768,2.3685741424560547,0.00032263039611279964,1.0697778463363647,243,2369,49986.0390625,99.97211456298828,11.28144359588623,3.9220073223114014,2.383824586868286,0.00020802259678021073,1.0393898487091064,171,1684,49413.6015625,98.82722473144531,3.2221591472625732,3.8974554538726807,2.375670909881592,0.00015822648128960282,1.0337324142456055,227,1833,49975.08203125,99.95018005371094,99.92121887207031,3.700484275817871,2.162209987640381,0.0031608676072210073,1.1660585403442383
59,1,125000,1031,9336,247955.46875,4,216,1896,49962.1796875,99.92440032958984,99.8196792602539,3.796149730682373,2.3132410049438477,0.0006822108989581466,1.0844892263412476,207,1826,49996.09765625,99.9921875,99.99788665771484,3.89861798286438,2.3635635375976562,0.0005324888043105602,1.0705305337905884,214,2074,49331.72265625,98.66336822509766,3.5564050674438477,3.9225127696990967,2.3843512535095215,0.0004531765007413924,1.0842466354370117,207,1991,48762.546875,97.52508544921875,0.18136003613471985,3.8974459171295166,2.373715877532959,0.000626583059784025,1.1353063583374023,187,1549,49902.921875,99.80586242675781,0.8189547657966614,3.669015407562256,2.1338231563568115,0.004675731528550386,1.1727378368377686
60,1,125000,772,9055,247419.375,4,178,2196,49304.2578125,98.60853576660156,51.087852478027344,3.793498992919922,2.309502601623535,0.0016887497622519732,1.177801489830017,120,1478,48931.87890625,97.86381530761719,8.019429206848145,3.8981289863586426,2.365431070327759,0.0001668047916609794,1.04593026638031,173,1678,49996.9765625,99.99392700195312,9.955778121948242,3.9248504638671875,2.38694167137146,0.0005352878361009061,1.1004364490509033,164,1961,49198.546875,98.39710235595703,30.905284881591797,3.901831865310669,2.3746142387390137,0.000272965437034145,1.0864907503128052,137,1742,49987.71484375,99.97541046142578,99.98047637939453,3.635401725769043,2.1174087524414062,0.0038771508261561394,1.234821081161499
61,1,125000,776,8190,248017.46484375,4,174,1796,49249.64453125,98.49927520751953,39.23175811767578,3.7950518131256104,2.3107728958129883,0.0007288717897608876,1.0558242797851562,183,1943,49994.2734375,99.98851776123047,72.00296020507812,3.894709348678589,2.357978105545044,0.0005054902867414057,1.0661464929580688,179,2070,49533.5,99.06693267822266,16.996301651000977,3.925153970718384,2.388113260269165,0.00011380433716112748,1.0429331064224243,80,1066,49966.55078125,99.93305969238281,1.4477356672286987,3.9051196575164795,2.374678373336792,0.00044403551146388054,1.0947808027267456,160,1315,49273.49609375,98.54694366455078,51.676002502441406,3.6088531017303467,2.107347011566162,0.0029607675969600677,1.2492820024490356
62,1,125000,982,9329,248545.046875,4,162,1629,49996.0234375,99.9920883178711,5.615207195281982,3.770465612411499,2.3016417026519775,0.00046804905286990106,1.05632483959198,190,1954,49898.875,99.7977523803711,3.5750479698181152,3.886239528656006,2.3537633419036865,0.000503351679071784,1.0889767408370972,208,1985,48684.91796875,97.36978149414062,11.503196716308594,3.923943042755127,2.3850958347320557,0.0001383304625051096,1.026166319847107,210,1708,49967.3515625,99.93472290039062,1.6191853284835815,3.902308940887451,2.368149995803833,0.00023319481988437474,1.0450712442398071,212,2053,49997.87890625,99.99571228027344,6.621740818023682,3.547579288482666,2.0592751502990723,0.002881536493077874,1.1628364324569702
63,1,125000,963,8810,248345.08984375,4,206,1761,48458.0625,96.91610717773438,5.0814433097839355,3.7887752056121826,2.311910390853882,0.0005737972096540034,1.0687942504882812,111,1151,49953.671875,99.90739440917969,14.817627906799316,3.893324613571167,2.3583030700683594,0.0004364991036709398,1.0805346965789795,203,2016,49990.5703125,99.98116302490234,3.525907516479492,3.9263756275177,2.3881261348724365,6.948709051357582e-05,1.0334120988845825,247,1980,49990.671875,99.98127746582031,10.395285606384277,3.907299041748047,2.3747329711914062,0.00015536784485448152,1.0298378467559814,196,1902,49952.11328125,99.90422058105469,4.814777374267578,3.5928754806518555,2.1047515869140625,0.0017740415642037988,1.1491389274597168
64,1,125000,741,7211,246069.59375,4,132,1287,49029.671875,98.0593032836914,30.805801391601562,3.772062301635742,2.3075640201568604,0.0008764576632529497,1.1090748310089111,126,1100,49994.7421875,99.98947143554688,99.99626922607422,3.8845133781433105,2.3514187335968018,0.0007875323062762618,1.104225754737854,150,1525,48814.34375,97.62866973876953,17.241559982299805,3.9254980087280273,2.3868722915649414,0.00027611255063675344,1.0600405931472778,180,1814,48261.04296875,96.5220718383789,0.1775924116373062,3.908013105392456,2.3726258277893066,0.00035767315421253443,1.0762189626693726,153,1485,49969.79296875,99.93956756591797,7.3217267990112305,3.583055257797241,2.098646879196167,0.0024254536256194115,1.1440918445587158
65,1,125000,970,9360,248702.85546875,4,192,1736,49932.80859375,99.86563110351562,1.5622506141662598,3.7783732414245605,2.314521551132202,0.0005142450099810958,1.0701717138290405,224,2057,49996.08203125,99.99215698242188,13.694183349609375,3.8830974102020264,2.34417986869812,0.0005307912942953408,1.0907068252563477,114,1124,48937.828125,97.87570190429688,18.249298095703125,3.926395893096924,2.3902487754821777,7.382154581137002e-05,1.0211445093154907,224,2104,49841.45703125,99.6828842163086,57.52330017089844,3.9119856357574463,2.3782668113708496,0.0002329730923520401,1.039809226989746,216,2339,49994.6796875,99.9894027709961,2.466438055038452,3.563080310821533,2.0634469985961914,0.003979208413511515,1.165015459060669
66,1,125000,926,8668,246050.87109375,4,207,2394,49858.30859375,99.71659851074219,0.013899272307753563,3.7633907794952393,2.312117099761963,0.0006854987004771829,1.1101430654525757,163,1328,49947.13671875,99.89422607421875,99.64832305908203,3.8796606063842773,2.340402126312256,0.0003602433134801686,1.0544296503067017,171,1361,49985.296875,99.9705810546875,2.814826011657715,3.926374673843384,2.3900418281555176,0.00010819673480000347,1.0330862998962402,163,1679,48017.53515625,96.0350112915039,0.7344101667404175,3.9143013954162598,2.3790931701660156,0.0002906799199990928,1.0502471923828125,222,1906,48242.59375,96.48517608642578,0.7538977265357971,3.5666799545288086,2.0295028686523438,0.001979880267754197,1.1782879829406738
67,1,125000,1131,10331,248524.8125,4,280,2128,49485.86328125,98.97173309326172,71.84404754638672,3.7299041748046875,2.304370641708374,0.001496715471148491,1.1454161405563354,238,2292,49053.81640625,98.107666015625,7.9994940757751465,3.8674004077911377,2.3302927017211914,0.0011112093925476074,1.1100873947143555,149,1386,49995.203125,99.99042510986328,6.345311641693115,3.924463987350464,2.3884706497192383,5.234718264546245e-05,1.024294376373291,210,2182,49996.6171875,99.99324798583984,4.313141822814941,3.9124577045440674,2.3759682178497314,0.00018848419131245464,1.053147315979004,254,2343,49993.3125,99.98670196533203,99.99415588378906,3.550103187561035,1.9776674509048462,0.0023621940053999424,1.1470770835876465
68,1,125000,643,6564,248148.2890625,4,156,1586,49999.3125,99.99862670898438,18.75897979736328,3.7421956062316895,2.3169305324554443,0.0007506656693294644,1.0934233665466309,84,888,49995.8359375,99.99169158935547,36.54367446899414,3.875180244445801,2.337343692779541,0.002332343952730298,1.1767303943634033,114,1303,49800.50390625,99.60102844238281,95.13776397705078,3.9255855083465576,2.3893837928771973,5.836963464389555e-05,1.0201940536499023,113,1051,48357.00390625,96.71404266357422,3.311685562133789,3.9155449867248535,2.3810031414031982,0.00014742612256668508,1.0419672727584839,176,1736,49995.6328125,99.99131774902344,99.99742126464844,3.6115822792053223,2.033752202987671,0.0005238509038463235,1.1002544164657593
69,1,125000,870,9167,247478.38671875,4,176,1824,49993.6015625,99.9872055053711,8.078241348266602,3.733672618865967,2.3145835399627686,0.0008738827309571207,1.1329463720321655,196,1943,49162.828125,98.32568359375,2.162142276763916,3.871344566345215,2.3275086879730225,0.0014217972056940198,1.0832167863845825,147,1634,49975.80859375,99.95169067382812,2.1114466190338135,3.925177574157715,2.3891987800598145,6.0338974435580894e-05,1.0334696769714355,187,1861,49291.97265625,98.58404541015625,3.1122887134552,3.914776563644409,2.3799631595611572,8.491038897773251e-05,1.0410981178283691,164,1905,49054.17578125,98.10834503173828,2.22666597366333,3.6367008686065674,2.070223093032837,0.0027324294205754995,1.197020173072815
70,1,125000,1042,9402,249946.58203125,4,215,2081,49973.76953125,99.94754028320312,1.7893441915512085,3.7211074829101562,2.3109772205352783,0.0010368776274845004,1.1055139303207397,171,1422,49989.33203125,99.97862243652344,2.7576029300689697,3.865654230117798,2.318112850189209,0.0019342303276062012,1.129469394683838,244,2288,49997.46875,99.99494934082031,4.089295387268066,3.923391580581665,2.3869433403015137,0.00014230728265829384,1.036067008972168,212,1985,49999.18359375,99.99838256835938,99.9998779296875,3.913881778717041,2.37642502784729,0.00011294126306893304,1.0256580114364624,200,1626,49986.828125,99.97358703613281,1.54032564163208,3.636216402053833,2.074342966079712,0.001922700321301818,1.1574780941009521
71,1,125000,804,8127,249907.578125,4,148,1084,49994.02734375,99.98805236816406,99.9952392578125,3.774754524230957,2.329878330230713,0.0013786768540740013,1.1263103485107422,143,1404,49987.34765625,99.97471618652344,1.1093547344207764,3.873631477355957,2.32358980178833,0.0009701442322693765,1.0841174125671387,172,1831,49994.484375,99.98900604248047,4.628871440887451,3.926440715789795,2.39107346534729,4.321575033827685e-05,1.0119926929473877,172,1881,49994.80859375,99.98957061767578,19.47364616394043,3.918705940246582,2.384373664855957,0.0002583145978860557,1.0514808893203735,169,1927,49936.91015625,99.87387084960938,99.50099182128906,3.666707754135132,2.1139726638793945,0.0024402833078056574,1.144758701324463
72,1,125000,907,8296,249667.359375,4,226,2110,49974.35546875,99.9487075805664,3.0528149604797363,3.7708470821380615,2.327315092086792,0.001107952557504177,1.11418616771698,215,1794,49998.0,99.99603271484375,31.47169303894043,3.8622560501098633,2.3057708740234375,0.0011209177318960428,1.0925014019012451,105,1019,49706.72265625,99.41338348388672,43.489036560058594,3.9255995750427246,2.3901960849761963,0.00047159669338725507,1.028359293937683,198,2010,49997.0546875,99.99415588378906,9.997194290161133,3.9177441596984863,2.38131046295166,0.00020478009537328035,1.0347373485565186,163,1363,49991.2265625,99.98246765136719,7.696125507354736,3.6230833530426025,2.059093475341797,0.0020829320419579744,1.1323387622833252
73,1,125000,846,7884,248976.58203125,4,177,1656,49998.55078125,99.99710083007812,99.99966430664062,3.770817995071411,2.3256916999816895,0.0007066774414852262,1.075264811515808,159,1542,49975.55859375,99.95114135742188,2.137681722640991,3.853966474533081,2.2905566692352295,0.0008685612701810896,1.1182254552841187,159,1143,49017.2265625,98.0344467163086,1.7938239574432373,3.9252302646636963,2.3902108669281006,0.00040312527562491596,1.078561544418335,147,1765,49993.0703125,99.9861068725586,99.99361419677734,3.917189836502075,2.377925157546997,0.00018518208526074886,1.036397099494934,204,1778,49992.17578125,99.98432922363281,99.991943359375,3.5946948528289795,2.0415985584259033,0.0018917893758043647,1.1027109622955322
74,1,125000,956,8849,248498.359375,4,251,2244,49998.1484375,99.996337890625,9.007766723632812,3.755316734313965,2.314098834991455,0.0006204676465131342,1.0775878429412842,154,1288,49998.0625,99.99616241455078,3.1939170360565186,3.849742889404297,2.2831039428710938,0.001001486787572503,1.1427897214889526,214,1992,49745.05859375,99.49008178710938,9.687188148498535,3.9242448806762695,2.3895676136016846,0.00036001444095745683,1.0796421766281128,173,1321,49783.33984375,99.56671142578125,94.29145812988281,3.9171626567840576,2.374441146850586,0.000332281575538218,1.0717767477035522,164,2004,48973.75,97.94745635986328,10.019874572753906,3.5784192085266113,2.0499942302703857,0.0032926772255450487,1.2801713943481445
75,1,125000,897,8689,249876.9140625,4,257,2165,49988.60546875,99.97728729248047,2.9817419052124023,3.7739295959472656,2.313931703567505,0.0010814642300829291,1.161500334739685,93,1000,49990.9453125,99.98186492919922,99.98926544189453,3.8535265922546387,2.2921454906463623,0.0007353019318543375,1.0808613300323486,179,1849,49957.8203125,99.91568756103516,99.77600860595703,3.924074649810791,2.3894646167755127,0.00022864103084430099,1.0455926656723022,242,2232,49974.5,99.94900512695312,4.420703887939453,3.9183733463287354,2.376861333847046,0.0003493666590657085,1.08307683467865,126,1443,49965.04296875,99.93009185791016,1.7816338539123535,3.6292309761047363,2.1303632259368896,0.0028789949137717485,1.1173230409622192
76,1,125000,802,9367,249368.67578125,4,199,2874,49997.390625,99.99479675292969,99.9990463256836,3.7922418117523193,2.3130273818969727,0.0008515191148035228,1.0740708112716675,135,1486,49568.36328125,99.13674926757812,79.20800018310547,3.8576159477233887,2.306529998779297,0.001232523936778307,1.102982759475708,159,1532,49997.3125,99.99456787109375,9.333284378051758,3.9252421855926514,2.3905222415924072,0.0005295276641845703,1.0507510900497437,185,2067,49819.7109375,99.639404296875,3.5086333751678467,3.9196553230285645,2.378979206085205,0.00012560843606479466,1.0266121625900269,124,1408,49985.8984375,99.97181701660156,99.97445678710938,3.6642870903015137,2.1890981197357178,0.00135320657864213,1.105888843536377
77,1,125000,624,7429,249395.37109375,4,117,1277,49442.734375,98.885498046875,3.020298719406128,3.786482572555542,2.2981693744659424,0.0005483245477080345,1.063776969909668,115,1684,49988.62890625,99.97726440429688,99.9832992553711,3.851621627807617,2.3035788536071777,0.0013257956597954035,1.167283535003662,140,1755,49989.875,99.9797592163086,9.966275215148926,3.9239213466644287,2.3891868591308594,0.0002184748591389507,1.0321637392044067,95,841,49983.1015625,99.96619415283203,99.96343231201172,3.918663740158081,2.376023530960083,0.00032017231569625437,1.0588271617889404,157,1872,49991.03125,99.98212432861328,99.98953247070312,3.6341729164123535,2.1809403896331787,0.0022171949967741966,1.175808310508728
78,1,125000,744,8441,248046.22265625,4,169,2368,49994.94921875,99.98990631103516,10.543243408203125,3.7839953899383545,2.282949209213257,0.0013296579709276557,1.1262415647506714,160,1527,49218.21875,98.43639373779297,46.56081008911133,3.8505706787109375,2.3035354614257812,0.0008094930672086775,1.0913076400756836,150,1371,49970.21875,99.94047546386719,8.227907180786133,3.9217138290405273,2.3860623836517334,0.0002687072556000203,1.081274390220642,160,1794,49985.4375,99.97085571289062,3.516650438308716,3.9178688526153564,2.376861572265625,0.00038116215728223324,1.0716837644577026,105,1381,48877.3984375,97.75482177734375,20.683958053588867,3.642507791519165,2.196913957595825,0.001221854705363512,1.1122678518295288
79,1,125000,1042,11019,247973.28125,4,227,2254,49997.4375,99.99491882324219,99.99906158447266,3.7766571044921875,2.265411138534546,0.0003349208855070174,1.0588352680206299,186,1962,49356.703125,98.7135009765625,37.754669189453125,3.854407548904419,2.3151211738586426,0.00043481827015057206,1.0906802415847778,225,2581,49405.14453125,98.81028747558594,18.31023597717285,3.922229528427124,2.3867697715759277,0.00020226239576004446,1.0532687902450562,184,1788,49216.16796875,98.43236541748047,42.53556442260742,3.9184834957122803,2.3790526390075684,0.00012600421905517578,1.0514848232269287,220,2434,49997.828125,99.99563598632812,17.09505844116211,3.6425464153289795,2.205777406692505,0.00257329223677516,1.183982014656067
80,1,125000,895,8347,249264.828125,4,210,1891,49625.07421875,99.2501220703125,83.8687744140625,3.785982847213745,2.2734878063201904,0.00038053750176914036,1.0662059783935547,181,1588,49670.28515625,99.34058380126953,6.167141914367676,3.855349063873291,2.318239450454712,0.0009205794194713235,1.0964003801345825,187,1615,49974.796875,99.94960021972656,3.097287178039551,3.9217159748077393,2.3847551345825195,0.00020769833645317703,1.0599349737167358,172,1825,49997.32421875,99.99462127685547,99.99895477294922,3.9210448265075684,2.3837714195251465,8.88943686732091e-05,1.0305776596069336,145,1428,49997.34765625,99.9947280883789,11.892772674560547,3.6692445278167725,2.235823154449463,0.0018116283463314176,1.1786683797836304
81,1,125000,1109,9980,248099.74609375,4,242,2307,48340.296875,96.68062591552734,3.1935367584228516,3.762082815170288,2.2498021125793457,0.0008364462410099804,1.088287353515625,212,2058,49998.28515625,99.99662780761719,14.078932762145996,3.837085247039795,2.306403398513794,0.0012979769380763173,1.0952383279800415,212,1628,49839.66796875,99.67938232421875,7.506175518035889,3.9183616638183594,2.37969970703125,0.0001999068190343678,1.0367909669876099,207,1730,49996.95703125,99.9939193725586,99.99870300292969,3.9186582565307617,2.38096022605896,8.779764175415039e-05,1.035832405090332,236,2257,49924.5390625,99.84909057617188,99.28710174560547,3.6064648628234863,2.220838785171509,0.002924458822235465,1.2075014114379883
82,1,125000,973,9132,248908.26953125,4,126,1313,49983.9453125,99.96793365478516,3.517822504043579,3.798570394515991,2.2802159786224365,0.000704457750543952,1.115242838859558,167,1600,49986.8046875,99.97362518310547,1.5609403848648071,3.850478172302246,2.319241523742676,0.0011512136552482843,1.1182259321212769,261,2377,49488.796875,98.97756958007812,2.5106163024902344,3.9177677631378174,2.3780665397644043,0.00033943651942536235,1.0386298894882202,204,1697,49991.58984375,99.9831314086914,19.20307731628418,3.9186809062957764,2.3829312324523926,0.00017328739340882748,1.0668812990188599,215,2145,49457.1328125,98.91423034667969,6.368162155151367,3.6426751613616943,2.247150182723999,0.000966002931818366,1.1035383939743042
83,1,125000,875,8250,247915.34375,4,202,1763,49571.3984375,99.14282989501953,1.522781252861023,3.7800045013427734,2.262331962585449,0.0008655142737552524,1.1007808446884155,192,2094,49982.3515625,99.96464538574219,1.8219146728515625,3.8376927375793457,2.3116402626037598,0.0012753772316500545,1.0866135358810425,169,1410,49995.6875,99.99131774902344,99.99742126464844,3.9120914936065674,2.366790771484375,0.0006629442796111107,1.106950283050537,160,1508,49995.91796875,99.99178314208984,78.1039810180664,3.9144389629364014,2.3788769245147705,0.00041564941057004035,1.0893703699111938,152,1475,48369.98828125,96.73983764648438,3.6070406436920166,3.6560020446777344,2.253507614135742,0.0026836299803107977,1.1480412483215332
84,1,125000,983,9465,248526.73046875,4,205,2325,49981.37109375,99.96269989013672,13.68514347076416,3.7903637886047363,2.272005319595337,0.00026900292141363025,1.0490944385528564,223,1880,49905.234375,99.81047821044922,0.8930317163467407,3.839406967163086,2.312640905380249,0.0011199021246284246,1.1119204759597778,174,1671,48700.3203125,97.40059661865234,12.09726333618164,3.9112565517425537,2.3622331619262695,0.000931220012716949,1.1411343812942505,183,1772,49949.3359375,99.8986587524414,1.7720634937286377,3.9134373664855957,2.3784868717193604,0.00028640031814575195,1.077594518661499,198,1817,49990.46875,99.98098754882812,2.06148362159729,3.677061080932617,2.26304292678833,0.0015285015106201172,1.1235665082931519
85,1,125000,692,7682,249624.28125,4,75,880,49982.1015625,99.96418762207031,99.95902252197266,3.807717800140381,2.288417339324951,0.00046241996460594237,1.11347234249115,85,948,49894.20703125,99.78842163085938,98.60553741455078,3.8471779823303223,2.3206286430358887,0.0007359790615737438,1.0892945528030396,175,1972,49989.15234375,99.9782943725586,3.5428097248077393,3.9108922481536865,2.3573548793792725,0.0009683275129646063,1.1263264417648315,176,1891,49768.71484375,99.5374526977539,3.155181407928467,3.9134223461151123,2.379519462585449,0.00039924620068632066,1.0918817520141602,181,1991,49990.10546875,99.98023223876953,99.98729705810547,3.706134557723999,2.2772326469421387,0.0007284212042577565,1.0999559164047241
86,1,125000,672,7205,249985.203125,4,113,839,49997.65234375,99.99528503417969,99.9991683959961,3.787221670150757,2.266745090484619,0.00038472888991236687,1.0570034980773926,156,1592,49996.2578125,99.99243927001953,18.434471130371094,3.8212547302246094,2.3057823181152344,0.00045770881115458906,1.0863016843795776,156,2129,49997.85546875,99.99568176269531,99.99931335449219,3.894666910171509,2.309234619140625,0.0020027875434607267,1.2184823751449585,89,889,49997.6328125,99.9952621459961,99.9991683959961,3.902158737182617,2.367387294769287,0.000564444053452462,1.0664459466934204,158,1756,49995.8046875,99.9915771484375,4.086143493652344,3.68070125579834,2.264996290206909,0.0007687377510592341,1.095693826675415
87,1,125000,794,9752,249935.94140625,4,139,1790,49996.359375,99.99280548095703,4.135446548461914,3.768784761428833,2.2507917881011963,0.0003089213278144598,1.0567647218704224,110,1023,49960.03515625,99.92013549804688,1.258719801902771,3.837261199951172,2.314274787902832,0.00055815459927544,1.0619990825653076,168,2281,49995.046875,99.9901351928711,4.5029191970825195,3.890298366546631,2.2853286266326904,0.0028929279651492834,1.193673849105835,186,2422,49992.8125,99.98554229736328,6.133694171905518,3.900031566619873,2.366389513015747,0.0006802892312407494,1.0385382175445557,191,2236,49991.6875,99.98344421386719,5.825921058654785,3.6737921237945557,2.266711473464966,0.0011917043011635542,1.1146910190582275
88,1,125000,935,9260,249875.0625,4,204,2035,49995.76171875,99.9915542602539,10.357719421386719,3.768582582473755,2.2499313354492188,0.001055598258972168,1.1161457300186157,145,1257,49996.24609375,99.99250793457031,99.99803924560547,3.852745294570923,2.3163411617279053,0.0006041121087037027,1.071280598640442,181,1696,49999.49609375,99.99903106689453,3.5044243335723877,3.8909547328948975,2.2771284580230713,0.0015340638346970081,1.1618636846542358,198,2219,49938.640625,99.87728881835938,99.52752685546875,3.904637336730957,2.3716087341308594,0.0004725837497971952,1.0654207468032837,207,2053,49944.91796875,99.88983154296875,0.8120383620262146,3.676068067550659,2.275693655014038,0.0006591963465325534,1.0908290147781372
89,1,125000,957,9947,246717.94140625,4,236,2586,49999.88671875,99.99968719482422,1.430384874343872,3.7461395263671875,2.2271080017089844,0.0020530843175947666,1.1589101552963257,200,2140,48530.10546875,97.06029510498047,6.5739545822143555,3.854159116744995,2.314575433731079,0.0004207777965348214,1.0448600053787231,191,1616,49986.10546875,99.97228240966797,99.97529602050781,3.8802783489227295,2.2381365299224854,0.003797743236646056,1.2397438287734985,151,1730,48575.75,97.1514663696289,7.91522741317749,3.9071552753448486,2.3741605281829834,0.0007316016708500683,1.1444355249404907,179,1875,49626.09375,99.25225067138672,83.9521713256836,3.6819427013397217,2.28079891204834,0.00036271571298129857,1.0725513696670532
90,1,125000,774,7860,249980.2421875,4,158,1487,49999.01953125,99.99801635742188,99.99983978271484,3.7112081050872803,2.20054030418396,0.0012396549573168159,1.1196494102478027,148,1616,49996.26171875,99.99243927001953,16.45631980895996,3.855539083480835,2.31719708442688,0.0007081556250341237,1.0946769714355469,137,1192,49986.7578125,99.9735107421875,99.97740936279297,3.8614163398742676,2.176227569580078,0.003021287964656949,1.1953495740890503,174,2063,49998.57421875,99.99712371826172,35.751609802246094,3.9073855876922607,2.375332832336426,0.000948681787122041,1.1371182203292847,157,1502,49999.62890625,99.99925231933594,71.03450775146484,3.652989625930786,2.270563840866089,0.0012996935984119773,1.100454330444336
91,1,125000,772,9382,246743.0703125,4,122,1362,48522.31640625,97.04462432861328,4.645265102386475,3.7163500785827637,2.2179298400878906,0.0010278129484504461,1.0713424682617188,139,1513,49992.375,99.98477172851562,5.130255222320557,3.866067409515381,2.3205437660217285,0.0004738020652439445,1.0773382186889648,160,2161,48607.42578125,97.21485137939453,8.849802017211914,3.8657069206237793,2.175474166870117,0.007701063062995672,1.2386130094528198,193,2224,49638.66015625,99.2773208618164,84.92578125,3.913468599319458,2.3827033042907715,0.00037148475530557334,1.0559762716293335,158,2122,49982.29296875,99.964599609375,2.430950403213501,3.6669020652770996,2.2749786376953125,0.0010413455311208963,1.1013761758804321
92,1,125000,864,8692,249884.88671875,4,140,1637,49938.51953125,99.876953125,39.197261810302734,3.7023942470550537,2.21877121925354,0.0010574125917628407,1.1038768291473389,176,1671,49995.12109375,99.99022674560547,5.746240139007568,3.8693041801452637,2.3238637447357178,0.0005831455928273499,1.0587403774261475,143,1260,49986.640625,99.97325134277344,99.97698974609375,3.8483996391296387,2.1042702198028564,0.0034105132799595594,1.2581812143325806,209,2156,49966.140625,99.93231201171875,1.4235888719558716,3.910883665084839,2.3822336196899414,0.00047202108544297516,1.1199687719345093,196,1968,49998.46484375,99.99697875976562,20.451757431030273,3.6660468578338623,2.2717607021331787,0.0014258814044296741,1.1228514909744263
93,1,125000,971,9313,246775.3046875,4,202,2263,49088.84765625,98.17768096923828,35.40797424316406,3.6987993717193604,2.2270331382751465,0.0006020450382493436,1.0911405086517334,194,2016,48866.6328125,97.73329162597656,13.906667709350586,3.875185489654541,2.3275201320648193,0.0006741905235685408,1.106953501701355,189,1830,49996.58984375,99.99314880371094,4.373152256011963,3.8271381855010986,2.0453929901123047,0.005120567977428436,1.286413311958313,209,1909,48825.09765625,97.650146484375,17.796674728393555,3.9131267070770264,2.3839659690856934,0.00029764650389552116,1.0495442152023315,177,1295,49998.13671875,99.99617004394531,21.1683349609375,3.6568212509155273,2.258054256439209,0.000921413884498179,1.0810768604278564
94,1,125000,1051,9242,248154.1015625,4,208,1744,49997.14453125,99.9942398071289,99.99880981445312,3.6870079040527344,2.2341878414154053,0.00222716573625803,1.1653015613555908,191,1563,49964.5859375,99.92920684814453,1.6484699249267578,3.8774144649505615,2.3417134284973145,0.00039652109262533486,1.0727922916412354,218,1963,49988.36328125,99.9766845703125,99.98243713378906,3.801452159881592,1.9877628087997437,0.0019415569258853793,1.1533839702606201,206,1866,49964.89453125,99.92981719970703,2.342176675796509,3.9066197872161865,2.379952907562256,0.00018419265688862652,1.0558207035064697,228,2106,48239.11328125,96.478271484375,2.071932554244995,3.6405491828918457,2.24792742729187,0.0010975360637530684,1.1167690753936768
95,1,125000,1009,9437,248918.75390625,4,235,2155,49985.34375,99.97071838378906,2.0369679927825928,3.697678327560425,2.257791519165039,0.0035270308144390583,1.130892038345337,168,1667,49986.9140625,99.97380065917969,11.041595458984375,3.8681163787841797,2.3431804180145264,0.00029060125234536827,1.0425437688827515,213,1802,49999.65625,99.99925231933594,99.99996185302734,3.792896032333374,1.9869537353515625,0.0067398687824606895,1.340606689453125,186,1711,49998.109375,99.99622344970703,99.99945831298828,3.897538900375366,2.3733582496643066,0.0002390551526332274,1.0417522192001343,207,2102,48948.73046875,97.89743041992188,1.9145712852478027,3.6131527423858643,2.2336435317993164,0.0010588908335193992,1.0816420316696167
96,1,125000,762,9000,249850.32421875,4,102,1088,49989.55078125,99.9791259765625,99.98587799072266,3.7620811462402344,2.3082005977630615,0.002085278043523431,1.1410984992980957,136,1351,49978.05078125,99.95614624023438,99.93878936767578,3.8709967136383057,2.3462557792663574,0.00028839826700277627,1.0569913387298584,172,2171,49996.40625,99.99285125732422,17.862960815429688,3.8298418521881104,2.1097171306610107,0.0016532993176952004,1.0752700567245483,161,2142,49893.8515625,99.78773498535156,18.788145065307617,3.898094415664673,2.3739988803863525,0.0011227893410250545,1.1099656820297241,191,2248,49992.46484375,99.9849853515625,8.809194564819336,3.6609373092651367,2.2560172080993652,0.0002538680855650455,1.0654975175857544
97,1,125000,855,10364,247552.640625,4,189,1928,48545.15234375,97.09037017822266,2.6372568607330322,3.7805678844451904,2.3239810466766357,0.0013543748063966632,1.089806318283081,167,2295,49997.5,99.99507904052734,99.99911499023438,3.87420654296875,2.3464291095733643,0.0004082059895154089,1.0683826208114624,156,1792,49991.8984375,99.98382568359375,3.8049237728118896,3.849153757095337,2.182251214981079,0.0016287087928503752,1.0593276023864746,167,2049,49982.37890625,99.96469116210938,3.482638120651245,3.903284788131714,2.375659704208374,0.00035470485454425216,1.0633357763290405,176,2300,49035.7109375,98.07135772705078,31.258024215698242,3.6788201332092285,2.264802932739258,0.0003608799015637487,1.0579394102096558
98,1,125000,870,8526,247273.56640625,4,177,1541,49992.453125,99.98490905761719,99.99250030517578,3.786033868789673,2.32912540435791,0.001914286520332098,1.1693910360336304,160,1672,49995.15234375,99.99034881591797,1.2402573823928833,3.867784023284912,2.347132444381714,0.0003609251871239394,1.0583405494689941,184,1679,48538.34375,97.07667541503906,1.7604433298110962,3.844309091567993,2.1918652057647705,0.002597072161734104,1.1390832662582397,179,1926,48748.22265625,97.49636840820312,6.1320271492004395,3.8977954387664795,2.3706412315368652,0.0007666086894460022,1.075876235961914,170,1708,49999.39453125,99.99879455566406,4.315366744995117,3.6731224060058594,2.2654812335968018,0.0012960624881088734,1.1632362604141235
99,1,125000,1036,10253,246247.30859375,4,219,2159,48411.10546875,96.82219696044922,4.2571797370910645,3.8112330436706543,2.3425142765045166,0.0015283083776012063,1.1597017049789429,181,1634,48542.20703125,97.08444213867188,1.789674162864685,3.8608694076538086,2.344048500061035,0.0010702537838369608,1.0834052562713623,218,2212,49923.921875,99.84791564941406,99.27600860595703,3.8529186248779297,2.239668607711792,0.0038696813862770796,1.0872645378112793,193,1991,49396.40625,98.79285430908203,63.401851654052734,3.8978960514068604,2.370074510574341,0.0002822327660396695,1.0625927448272705,225,2257,49973.66796875,99.94741821289062,14.763699531555176,3.701204776763916,2.280181407928467,0.002768909791484475,1.227891445159912
100,1,125000,757,8967,248806.6875,4,164,2058,49998.05859375,99.99617767333984,2.8737173080444336,3.820573568344116,2.3495607376098633,0.0012477540876716375,1.1712002754211426,134,1355,49999.0625,99.99813079833984,2.365314245223999,3.864816427230835,2.350717306137085,0.0007767271599732339,1.1469124555587769,141,1682,48819.359375,97.63871765136719,2.72074556350708,3.862870931625366,2.283637762069702,0.0028157972265034914,1.1530640125274658,180,2129,49994.73046875,99.9893798828125,99.99620056152344,3.90004563331604,2.370164155960083,0.00030533550307154655,1.0677831172943115,138,1743,49995.4765625,99.990966796875,1.879733681678772,3.7143046855926514,2.2900161743164062,0.0006004261667840183,1.1133029460906982
101,1,125000,820,8591,248664.5703125,4,177,1847,48717.40625,97.43474578857422,11.68897533416748,3.838120698928833,2.3562278747558594,0.0004413604619912803,1.0713757276535034,115,1272,49988.1015625,99.97613525390625,99.9815902709961,3.8662993907928467,2.349755048751831,0.0008160233264788985,1.110036015510559,192,1909,49979.05078125,99.95813751220703,4.328484535217285,3.877697706222534,2.318920612335205,0.0018076228443533182,1.1473445892333984,179,1866,49980.59375,99.961181640625,3.360696792602539,3.906670331954956,2.3748624324798584,0.00022550582070834935,1.0533556938171387,157,1697,49999.41796875,99.99884033203125,24.892786026000977,3.7273247241973877,2.3008015155792236,0.0004211854829918593,1.0672796964645386
102,1,125000,1029,9129,248492.1640625,4,155,1363,49388.26171875,98.77650451660156,25.099668502807617,3.8526878356933594,2.361499071121216,0.00029331445693969727,1.083265781402588,229,2170,49115.37890625,98.23078918457031,2.8817331790924072,3.8534209728240967,2.3440256118774414,0.0010726213222369552,1.0980029106140137,211,1951,49992.4609375,99.98490905761719,99.99250030517578,3.872063398361206,2.3156578540802,0.0006815504748374224,1.0603550672531128,203,1772,49996.8828125,99.99370574951172,99.99860382080078,3.906451940536499,2.373659610748291,0.0002482676354702562,1.0400338172912598,231,1873,49999.1796875,99.99832153320312,99.99987030029297,3.719285249710083,2.300816535949707,0.00023414134921040386,1.04839289188385
103,1,125000,945,9447,249948.875,4,174,1592,49989.28515625,99.97856903076172,99.9850845336914,3.8516714572906494,2.361069679260254,0.0001646018063183874,1.0402461290359497,201,1778,49975.9140625,99.95185852050781,1.2741546630859375,3.8369336128234863,2.3389546871185303,0.00018435000674799085,1.0278533697128296,194,2221,49991.6953125,99.98343658447266,1.9967538118362427,3.8666024208068848,2.310526132583618,0.0008515953668393195,1.078610897064209,207,2196,49997.91015625,99.99585723876953,3.2634854316711426,3.9010841846466064,2.368403673171997,0.00025790929794311523,1.0306626558303833,169,1660,49994.0703125,99.9880599975586,99.15892028808594,3.705219030380249,2.2976677417755127,0.0004262304282747209,1.0535776615142822
104,1,125000,881,8677,249220.0625,4,168,1547,49394.01171875,98.7880630493164,63.172481536865234,3.848910093307495,2.3593809604644775,0.00015416860696859658,1.0528420209884644,190,1682,49858.25390625,99.71650695800781,0.6456891894340515,3.826444625854492,2.3318562507629395,0.0004097533237654716,1.042365312576294,145,1239,49986.3671875,99.97274017333984,6.790107727050781,3.8671841621398926,2.3114800453186035,0.0007249164627864957,1.0564759969711304,197,2010,49998.99609375,99.99798583984375,17.809545516967773,3.894839286804199,2.362319231033325,0.0003840327262878418,1.0613080263137817,181,2199,49982.43359375,99.96485137939453,2.3288259506225586,3.707331657409668,2.296966075897217,0.0003300666867289692,1.0496042966842651
105,1,125000,943,9898,246846.8671875,4,241,2611,49291.76171875,98.5835189819336,53.39956283569336,3.8529775142669678,2.360952377319336,0.00014410972653422505,1.0439848899841309,160,1812,48633.359375,97.2667465209961,0.6907243728637695,3.8317131996154785,2.3313522338867188,0.0011505960719659925,1.1264982223510742,192,1675,49998.90625,99.997802734375,3.754345655441284,3.8853938579559326,2.3345203399658203,0.0007047033286653459,1.068438172340393,138,1447,48951.5703125,97.90312194824219,9.364922523498535,3.899778366088867,2.3682925701141357,0.0003764152352232486,1.061128854751587,212,2353,49971.26953125,99.94246673583984,1.6290547847747803,3.7280421257019043,2.302701711654663,0.0006358075188472867,1.1220133304595947
106,1,125000,653,6608,248830.44140625,4,187,2202,48855.88671875,97.7117691040039,3.599971294403076,3.849080801010132,2.358893632888794,0.00018388271564617753,1.0401926040649414,102,1071,49992.69921875,99.98539733886719,99.99295806884766,3.796377420425415,2.3131155967712402,0.0012326955329626799,1.137209177017212,143,1205,49987.453125,99.97491455078125,5.897186279296875,3.8732786178588867,2.318382978439331,0.001096158055588603,1.1235467195510864,125,1231,49998.30859375,99.9966049194336,99.99954986572266,3.8836658000946045,2.3533902168273926,0.0003117418091278523,1.0608046054840088,96,899,49996.09375,99.99217224121094,99.99787902832031,3.730300188064575,2.2955167293548584,0.0010053586447611451,1.113340139389038
107,1,125000,648,7117,249388.33984375,4,186,2695,49502.06640625,99.00408172607422,5.951475143432617,3.8566577434539795,2.362125873565674,0.0001560378004796803,1.033699870109558,105,1062,49990.26171875,99.98049926757812,99.98761749267578,3.8192217350006104,2.318876266479492,0.0006792068597860634,1.0421078205108643,117,922,49917.8671875,99.83572387695312,99.15601348876953,3.8939619064331055,2.3458499908447266,0.00047235965030267835,1.0649387836456299,122,1413,49989.3125,99.97862243652344,2.4807534217834473,3.8967535495758057,2.370032548904419,0.0008532357169315219,1.0801777839660645,118,1025,49988.83203125,99.9776611328125,99.98387145996094,3.7371106147766113,2.2920000553131104,0.00045645475620403886,1.1078094244003296
108,1,125000,811,8039,248605.0703125,4,211,2514,49993.1875,99.98638916015625,99.9938735961914,3.853384256362915,2.3604142665863037,0.00010719298734329641,1.0318005084991455,147,1272,49505.8359375,99.01168823242188,73.67632293701172,3.819124937057495,2.315629482269287,0.0005144166643731296,1.0523933172225952,168,2004,49997.44921875,99.99491882324219,99.99906158447266,3.88969087600708,2.341259479522705,0.000500400026794523,1.060715675354004,136,1130,49112.89453125,98.22578430175781,37.37596130371094,3.8943583965301514,2.3700549602508545,0.0004974746843799949,1.0823694467544556,149,1119,49995.703125,99.99141693115234,3.4731812477111816,3.734819173812866,2.2817976474761963,0.00048397539649158716,1.0610049962997437
109,1,125000,1017,9257,247253.2109375,4,198,2276,49999.37109375,99.99868774414062,10.38624382019043,3.8376622200012207,2.356058359146118,0.0006515764980576932,1.084629774093628,182,1588,48701.859375,97.40370178222656,2.0312089920043945,3.811262369155884,2.304598093032837,0.000726137135643512,1.0962247848510742,232,1887,49998.625,99.99734497070312,14.941957473754883,3.88934063911438,2.3387463092803955,0.0005306625389494002,1.0756827592849731,193,1754,49575.1796875,99.15036010742188,79.78733825683594,3.8914647102355957,2.371194362640381,0.0005053639179095626,1.0723758935928345,212,1752,48978.17578125,97.95628356933594,27.096654891967773,3.710624933242798,2.2611143589019775,0.0008755039889365435,1.099869728088379
110,1,125000,790,7962,246129.48046875,4,175,1814,49987.7265625,99.9754409790039,1.2410459518432617,3.8256170749664307,2.3504042625427246,0.0002586960617918521,1.0672577619552612,149,1281,47786.640625,95.57332611083984,0.21881183981895447,3.829998016357422,2.303452491760254,0.0008203148609027267,1.070412039756775,180,1970,49926.75,99.85350036621094,0.7108432054519653,3.901920795440674,2.356919765472412,0.0016213321359828115,1.114957332611084,150,1589,48431.2890625,96.86256408691406,1.0261077880859375,3.8988773822784424,2.377915859222412,0.0006536817527376115,1.0913513898849487,136,1308,49997.07421875,99.99420166015625,99.99879455566406,3.7012104988098145,2.245256185531616,0.0015995930880308151,1.113296627998352
111,1,125000,1137,10580,248517.40234375,4,228,2042,49971.03125,99.94210815429688,1.866439700126648,3.814563512802124,2.344998836517334,0.000304584507830441,1.0492820739746094,234,2536,49996.125,99.99225616455078,16.89333724975586,3.8373067378997803,2.297501802444458,0.0008438491495326161,1.0643889904022217,227,2224,49999.2578125,99.99849700927734,6.665539264678955,3.9067344665527344,2.364745616912842,0.0006777143571525812,1.0754735469818115,178,1378,48575.39453125,97.15077209472656,7.905426502227783,3.902742862701416,2.380207061767578,0.0003158593026455492,1.0280483961105347,270,2400,49975.59375,99.95118713378906,1.4529439210891724,3.6586949825286865,2.215078592300415,0.0046611689031124115,1.2091095447540283
112,1,125000,656,7446,248944.25390625,4,135,1520,49954.9453125,99.9098892211914,5.224056720733643,3.800987482070923,2.33854341506958,0.00042521237628534436,1.0807690620422363,111,1304,49974.96875,99.94992065429688,99.9203872680664,3.8342342376708984,2.2824318408966064,0.0003836369432974607,1.0952852964401245,135,1429,49999.609375,99.99922180175781,99.99996185302734,3.9012529850006104,2.3571712970733643,0.00012084483751095831,1.016566514968872,140,1620,49016.3828125,98.03274536132812,29.8228702545166,3.900437831878662,2.37661075592041,0.0003148031246382743,1.0491559505462646,135,1573,49998.34765625,99.99668884277344,99.99957275390625,3.6068389415740967,2.1848175525665283,0.0020285986829549074,1.0990883111953735
113,1,125000,952,8319,249938.734375,4,166,1349,49979.1796875,99.95841217041016,99.94493103027344,3.7898330688476562,2.3320846557617188,0.0002876830112654716,1.0633717775344849,206,1770,49992.60546875,99.98526000976562,3.1942272186279297,3.835054874420166,2.2796034812927246,0.0007746338960714638,1.055215835571289,192,1665,49998.09375,99.99614715576172,7.447901248931885,3.9051012992858887,2.362297773361206,0.00011356353206792846,1.036253809928894,173,1413,49981.125,99.96224975585938,99.95455169677734,3.9043877124786377,2.3785531520843506,0.0003807043831329793,1.0543084144592285,215,2122,49987.73046875,99.97543334960938,1.639034628868103,3.548964262008667,2.1548798084259033,0.0011136174434795976,1.0948466062545776
114,1,125000,655,8274,247118.46875,4,174,2606,49734.5859375,99.46913146972656,7.112724304199219,3.787499189376831,2.3292858600616455,0.00027617215528152883,1.0886765718460083,104,986,48679.859375,97.3597412109375,3.2194764614105225,3.837597608566284,2.280608892440796,0.00016774891992099583,1.0331252813339233,98,1395,49988.7265625,99.97747802734375,99.98356628417969,3.9022789001464844,2.3557896614074707,0.00011276483564870432,1.0320179462432861,172,2147,49558.0625,99.1160888671875,2.7303214073181152,3.9045300483703613,2.3759822845458984,0.00033632040140219033,1.0693438053131104,107,1140,49157.234375,98.31452178955078,41.14021682739258,3.54457688331604,2.164994716644287,0.0011021470418199897,1.108495831489563
115,1,125000,680,8129,246282.5390625,4,175,2343,49728.05859375,99.45613861083984,63.13301467895508,3.79296875,2.3327689170837402,0.00019597052596509457,1.0430176258087158,133,1526,48953.5703125,97.90718078613281,25.42991828918457,3.8349766731262207,2.276904821395874,0.0003020763397216797,1.0447015762329102,86,936,48769.984375,97.53990936279297,5.128840446472168,3.9056310653686523,2.3615527153015137,9.715557098388672e-05,1.0325032472610474,141,1687,48842.87890625,97.68579864501953,18.746200561523438,3.9103527069091797,2.380847692489624,7.839679892640561e-05,1.02419912815094,145,1637,49988.046875,99.9760513305664,99.9814682006836,3.5263991355895996,2.1757330894470215,0.00202489853836596,1.1595104932785034
116,1,125000,881,9115,249232.8828125,4,200,2163,49551.328125,99.10261535644531,22.503599166870117,3.786625862121582,2.3308608531951904,0.0005050397012382746,1.0743802785873413,130,1206,49909.99609375,99.8199691772461,98.98783874511719,3.8021068572998047,2.229991912841797,0.0007446360541507602,1.1490353345870972,176,1643,49790.76953125,99.58154296875,0.020323360338807106,3.8931846618652344,2.342985153198242,0.00014378309424500912,1.0474848747253418,192,1853,49985.09375,99.97028350830078,1.1202378273010254,3.8972954750061035,2.3671834468841553,0.0003072595573030412,1.034917950630188,183,2250,49995.6953125,99.99140930175781,99.99747467041016,3.43902587890625,2.1668784618377686,0.0038856195751577616,1.2100813388824463
117,1,125000,842,9393,246876.765625,4,157,1851,49286.37890625,98.57273864746094,52.8903694152832,3.8017027378082275,2.3345303535461426,0.00041005847742781043,1.0525909662246704,137,1374,49997.91796875,99.99581909179688,11.25280475616455,3.822350263595581,2.254812002182007,0.0007281565340235829,1.1163781881332397,149,1379,48416.98046875,96.8340072631836,1.5908873081207275,3.9031169414520264,2.3564488887786865,0.00018716811609920114,1.044284701347351,181,1813,49997.59765625,99.99530792236328,2.956446409225464,3.9040310382843018,2.372870445251465,0.0004814529384020716,1.0938807725906372,218,2976,49177.890625,98.35580444335938,3.1338419914245605,3.4759624004364014,2.194399356842041,0.0021813607309013605,1.1370080709457397
118,1,125000,678,6783,249957.20703125,4,137,1378,49999.25,99.99850463867188,9.596343040466309,3.816859006881714,2.3418495655059814,0.000303804874420166,1.0593124628067017,139,1079,49996.0,99.99198913574219,4.084030628204346,3.836984395980835,2.275606632232666,0.000269043433945626,1.0664820671081543,196,2257,49992.34765625,99.9847183227539,5.313746929168701,3.912648916244507,2.370889902114868,7.852316048229113e-05,1.0240986347198486,85,908,49973.30859375,99.94657135009766,99.90948486328125,3.906540632247925,2.374225616455078,0.00043164967792108655,1.1140103340148926,121,1161,49996.30078125,99.99256896972656,6.036118984222412,3.5546886920928955,2.2368690967559814,0.0016188406152650714,1.129835605621338
119,1,125000,648,8612,248867.41015625,4,195,2433,49274.9140625,98.54988098144531,51.81382369995117,3.7982897758483887,2.332893133163452,0.00025141716469079256,1.0515997409820557,134,1925,49623.890625,99.247802734375,11.213866233825684,3.826054096221924,2.260338544845581,0.0005054139764979482,1.0570834875106812,103,1202,49987.96875,99.9759521484375,2.3043625354766846,3.9102165699005127,2.3666999340057373,5.2151677664369345e-05,1.0307323932647705,133,1670,49997.28125,99.99459075927734,14.543987274169922,3.9060487747192383,2.3731529712677,0.00013572453462984413,1.0336560010910034,83,1382,49983.35546875,99.96665954589844,99.96441650390625,3.500797748565674,2.232041120529175,0.0011265849461778998,1.126695990562439
120,1,125000,803,7744,249531.9296875,4,128,901,49785.37109375,99.5708236694336,0.9720996022224426,3.8023202419281006,2.3364994525909424,0.00016208647866733372,1.0464235544204712,191,1877,49977.7421875,99.9554672241211,3.1085071563720703,3.789431571960449,2.2065072059631348,0.00037757394602522254,1.0630605220794678,165,1531,49999.28515625,99.9985580444336,5.797156810760498,3.893051862716675,2.338956356048584,0.00021746873972006142,1.0193406343460083,123,1083,49992.40234375,99.98480224609375,99.99239349365234,3.8933703899383545,2.3566884994506836,0.00028369188657961786,1.03117835521698,196,2352,49777.12890625,99.5543212890625,14.330303192138672,3.4217357635498047,2.2190420627593994,0.0009644555975683033,1.0761938095092773
121,1,125000,1051,9504,249977.94921875,4,203,1923,49998.15234375,99.996337890625,1.796392798423767,3.7750444412231445,2.328402280807495,0.0004487442784011364,1.0760732889175415,214,1794,49995.234375,99.9905014038086,71.72079467773438,3.7837343215942383,2.2060046195983887,0.0003523349587339908,1.0587962865829468,236,2087,49997.8203125,99.99561309814453,99.99930572509766,3.897613763809204,2.346294403076172,0.00017065762949641794,1.0487438440322876,174,1691,49988.421875,99.97692108154297,1.8693926334381104,3.8919286727905273,2.3577029705047607,0.00023197411792352796,1.038703203201294,224,2009,49998.3203125,99.99667358398438,8.795767784118652,3.425795793533325,2.2309372425079346,0.001828370033763349,1.1751009225845337
122,1,125000,887,7342,249922.234375,4,172,1297,49990.84765625,99.98177337646484,12.425847053527832,3.7680041790008545,2.329418659210205,0.0005530166672542691,1.07570219039917,185,1586,49993.30859375,99.98673248291016,99.99418640136719,3.7803289890289307,2.1937522888183594,0.0017225050833076239,1.1866155862808228,222,1522,49947.0546875,99.89408874511719,99.64747619628906,3.897878646850586,2.3440558910369873,0.0002138185518560931,1.0540515184402466,153,1404,49992.390625,99.9847640991211,99.99236297607422,3.889601469039917,2.3542068004608154,0.00044458149932324886,1.066030502319336,155,1533,49998.6328125,99.99726104736328,99.99970245361328,3.5048515796661377,2.2472596168518066,0.002495000371709466,1.159752607345581
123,1,125000,619,6859,249841.09765625,4,90,930,49870.6328125,99.7412338256836,97.92280578613281,3.7849442958831787,2.3365538120269775,0.0004957437631674111,1.0591609477996826,139,1608,49982.44140625,99.9649429321289,2.1750242710113525,3.794461250305176,2.2032947540283203,0.001636645756661892,1.1207172870635986,123,1291,49996.5234375,99.99305725097656,99.99832916259766,3.901418447494507,2.3472464084625244,0.00019788503414019942,1.0428282022476196,110,1282,49995.92578125,99.99181365966797,99.9976806640625,3.8958141803741455,2.3605480194091797,0.0009159326436929405,1.0968040227890015,157,1748,49995.57421875,99.9912109375,3.154092311859131,3.6232335567474365,2.273489236831665,0.0021945834159851074,1.1736998558044434
124,1,125000,779,8041,248062.8046875,4,179,1973,48579.0390625,97.1580810546875,8.008844375610352,3.768648624420166,2.330216884613037,0.0003317880618851632,1.058570146560669,186,1815,49511.58984375,99.023193359375,3.8958194255828857,3.7859268188476562,2.1880595684051514,0.0008977222023531795,1.0834012031555176,182,1751,49986.3125,99.9726333618164,26.83186912536621,3.902012825012207,2.3465890884399414,0.0007077860645949841,1.087563157081604,128,1243,49993.3125,99.98658752441406,3.137211561203003,3.8903372287750244,2.3522887229919434,0.0006916999700479209,1.0633879899978638,104,1259,49992.55078125,99.985107421875,7.981527328491211,3.6629600524902344,2.290436029434204,0.0009967493824660778,1.1531413793563843
125,1,125000,1057,10315,248704.23828125,4,181,1951,49985.3515625,99.97069549560547,22.542001724243164,3.7559428215026855,2.3247504234313965,0.0003249001456424594,1.0416532754898071,235,2329,49992.94921875,99.98587799072266,2.899148464202881,3.7607970237731934,2.1656298637390137,0.000767428835388273,1.0775108337402344,210,1834,49552.1953125,99.1043930053711,77.81111907958984,3.8834877014160156,2.3104448318481445,0.0016202115220949054,1.0885883569717407,201,2056,49182.16015625,98.36434936523438,5.140740394592285,3.8783788681030273,2.3340182304382324,0.0017934703500941396,1.0990625619888306,230,2145,49991.58203125,99.98318481445312,1.8107075691223145,3.6718738079071045,2.295121431350708,0.0014003372052684426,1.1370455026626587
126,1,125000,1148,10309,248928.0390625,4,236,2433,48965.07421875,97.93022918701172,6.569798469543457,3.744267463684082,2.3195149898529053,0.0013989328872412443,1.0768210887908936,240,2018,49989.46484375,99.97899627685547,99.98567199707031,3.7713241577148438,2.1845738887786865,0.0008091616327874362,1.0797847509384155,203,1635,49998.8984375,99.99783325195312,6.797250747680664,3.8834428787231445,2.3088014125823975,0.001137366285547614,1.0556601285934448,264,2508,49984.73046875,99.96945190429688,11.415992736816406,3.88112473487854,2.3370420932769775,0.000434474932262674,1.0534155368804932,205,1715,49989.87109375,99.97975158691406,4.257988929748535,3.713413715362549,2.313084840774536,0.0018293284811079502,1.1669340133666992
127,1,125000,664,8160,248792.03125,4,159,2127,49996.34765625,99.99263000488281,99.99810028076172,3.7139430046081543,2.307343006134033,0.0006676578195765615,1.0788228511810303,107,1457,49981.6328125,99.9632797241211,24.782176971435547,3.758216142654419,2.1732709407806396,0.0011213301913812757,1.0777888298034668,105,1308,49986.24609375,99.972412109375,99.9755630493164,3.881765365600586,2.3006911277770996,0.000548427109606564,1.0984306335449219,118,980,49983.5546875,99.96714782714844,99.96544647216797,3.8757145404815674,2.327793598175049,0.00025509356055408716,1.0477067232131958,175,2288,48844.25,97.68854522705078,17.410017013549805,3.7318038940429688,2.3241360187530518,0.0021955156698822975,1.166670322418213
128,1,125000,658,7109,246082.2421875,4,124,1252,48645.2578125,97.29051208496094,10.07763385772705,3.7037193775177,2.3005330562591553,0.0015043020248413086,1.0795505046844482,116,1232,49990.4453125,99.98088836669922,99.98811340332031,3.7643802165985107,2.194000005722046,0.0014126801397651434,1.1586687564849854,140,1655,48881.5546875,97.76313781738281,20.926166534423828,3.8904168605804443,2.315744161605835,0.00016656398656778038,1.0154939889907837,168,1772,49950.5625,99.90107727050781,1.8001042604446411,3.878826141357422,2.337563991546631,0.0002876710786949843,1.056339979171753,110,1198,48614.421875,97.2288589477539,4.540745258331299,3.771094799041748,2.338571786880493,0.001227500382810831,1.1119486093521118
129,1,125000,586,6473,249846.76953125,4,172,2009,49996.0703125,99.99217987060547,4.5171051025390625,3.6794793605804443,2.2892813682556152,0.0008933734497986734,1.0786755084991455,128,1308,49994.46484375,99.98896026611328,2.391947031021118,3.741241455078125,2.1902763843536377,0.001977593870833516,1.1807485818862915,73,702,49975.4140625,99.95087432861328,99.92337799072266,3.8876965045928955,2.3099706172943115,0.00018810509936884046,1.0290734767913818,98,1045,49987.5,99.9749984741211,99.97982788085938,3.8779449462890625,2.3375015258789062,0.00023763655917719007,1.0511043071746826,115,1409,49893.3203125,99.78654479980469,98.5808334350586,3.7612297534942627,2.3345563411712646,0.00042102811858057976,1.1273128986358643
130,1,125000,778,7850,248651.03515625,4,200,1993,49213.1171875,98.42625427246094,0.24681136012077332,3.6780223846435547,2.290376901626587,0.0008033919148147106,1.1071239709854126,159,1685,49978.7265625,99.95741271972656,99.94226837158203,3.7202720642089844,2.196274518966675,0.002830457640811801,1.173768162727356,103,800,49990.48046875,99.98097229003906,99.98818969726562,3.8819570541381836,2.298706293106079,0.00031833647517487407,1.0517992973327637,168,1547,49845.21875,99.6904067993164,1.158218502998352,3.879155158996582,2.3441343307495117,0.0003436302940826863,1.0736790895462036,148,1825,49623.4921875,99.24691009521484,3.801180362701416,3.7509026527404785,2.332099199295044,0.00022679804533254355,1.0443300008773804
131,1,125000,729,7452,248557.2265625,4,197,1756,49965.59375,99.93118286132812,2.764892578125,3.7244601249694824,2.3119351863861084,0.0003137612366117537,1.0517034530639648,186,1779,48606.09375,97.21218872070312,8.636130332946777,3.743744373321533,2.232541084289551,0.0005722951609641314,1.081406831741333,131,1759,49999.57421875,99.99918365478516,29.802108764648438,3.8935728073120117,2.320089817047119,0.00047640560660511255,1.0607960224151611,123,1077,49995.01953125,99.99002075195312,2.72692608833313,3.894399404525757,2.3608267307281494,0.00018497704877518117,1.0403528213500977,92,1081,49990.9453125,99.98189544677734,99.98931121826172,3.781733989715576,2.3455405235290527,0.0003696966159623116,1.0839101076126099
132,1,125000,742,8366,247213.421875,4,179,2328,48780.4609375,97.56098937988281,11.271367073059082,3.701570987701416,2.308368444442749,0.0011515927035361528,1.1387351751327515,134,1282,49594.32421875,99.18871307373047,81.39212036132812,3.69173264503479,2.2078874111175537,0.001087853917852044,1.1123181581497192,156,1738,48849.3984375,97.69876098632812,3.9559268951416016,3.8796160221099854,2.2856035232543945,0.0006557559827342629,1.0445804595947266,136,1191,49998.84375,99.9977035522461,33.22694778442383,3.8858513832092285,2.3520054817199707,0.0004865956143476069,1.1124444007873535,137,1827,49990.39453125,99.98076629638672,4.184873104095459,3.745096445083618,2.3372108936309814,0.00012919664732180536,1.0338003635406494
133,1,125000,629,7307,249302.98046875,4,111,1026,49995.66015625,99.99132537841797,99.99742126464844,3.731412172317505,2.3224892616271973,0.0008983873995020986,1.1409156322479248,123,1661,49339.30859375,98.67862701416016,57.92832565307617,3.673447847366333,2.2116410732269287,0.00173459283541888,1.1785712242126465,175,2331,49987.921875,99.97584533691406,99.98113250732422,3.8725907802581787,2.2709286212921143,0.0005839705117978156,1.0483678579330444,140,1347,49994.921875,99.98987579345703,4.510683536529541,3.885620594024658,2.3509881496429443,0.0003686666314024478,1.0907588005065918,80,942,49985.16796875,99.97037506103516,99.97184753417969,3.7679405212402344,2.346419334411621,0.00027829885948449373,1.0487903356552124
134,1,125000,962,8991,247095.6796875,4,220,2146,49885.1484375,99.77017211914062,4.549291133880615,3.7185041904449463,2.3155453205108643,0.00100030901376158,1.0939730405807495,197,2143,49995.0078125,99.98995208740234,2.2373359203338623,3.6526150703430176,2.210134744644165,0.0012793015921488404,1.0643081665039062,174,1673,48355.90625,96.71183776855469,0.0018706219270825386,3.8672502040863037,2.2613067626953125,0.0003580760967452079,1.0324909687042236,162,1183,48861.734375,97.72348022460938,15.363266944885254,3.8854217529296875,2.3535361289978027,0.0003307342412881553,1.0642757415771484,209,1846,49997.8828125,99.995849609375,99.99935150146484,3.744478702545166,2.343477964401245,0.0004034733574371785,1.0680841207504272
135,1,125000,1089,10122,248780.671875,4,244,2217,49980.25390625,99.96051025390625,2.2861742973327637,3.7049551010131836,2.3091495037078857,0.001331500941887498,1.1206883192062378,196,2012,48987.73828125,97.97547149658203,27.766122817993164,3.5328080654144287,2.1548550128936768,0.001917860470712185,1.1292469501495361,206,1869,49987.70703125,99.97541809082031,18.57825469970703,3.8242461681365967,2.178372383117676,0.0007930040010251105,1.0577305555343628,241,2016,49825.8125,99.65160369873047,9.745904922485352,3.8709301948547363,2.333329916000366,0.0003316330839879811,1.0314507484436035,202,2008,49999.16015625,99.99838256835938,8.449058532714844,3.711904287338257,2.338216543197632,0.0003553676651790738,1.0570247173309326
136,1,125000,866,9076,249249.18359375,4,182,2201,49973.47265625,99.94699096679688,0.6778409481048584,3.768433094024658,2.3251967430114746,0.0007361698080785573,1.0933592319488525,169,1586,49400.54296875,98.8011245727539,4.384079933166504,3.67315673828125,2.214629650115967,0.0025225162971764803,1.2337580919265747,161,1593,49988.984375,99.97798919677734,99.98433685302734,3.8730955123901367,2.2799618244171143,0.00019538402557373047,1.0511128902435303,174,1890,49977.70703125,99.95542907714844,2.4684255123138428,3.8884847164154053,2.3659164905548096,0.0002014541532844305,1.0339891910552979,180,1806,49908.4765625,99.81693267822266,3.572312116622925,3.7691991329193115,2.3530919551849365,0.0004738092247862369,1.057944416999817
137,1,125000,764,9483,248952.09765625,4,201,2504,49994.78125,99.98961639404297,10.247468948364258,3.781702995300293,2.3268954753875732,0.0011606573825702071,1.0993586778640747,129,2050,49020.2265625,98.04048919677734,30.107559204101562,3.677581310272217,2.209317922592163,0.002524528419598937,1.2047001123428345,83,1062,49991.12890625,99.98222351074219,99.98965454101562,3.8546483516693115,2.250490427017212,0.0003405713941901922,1.038634181022644,157,1617,49996.98828125,99.99404907226562,10.22166919708252,3.8877546787261963,2.3615574836730957,0.0003103446797467768,1.032245397567749,194,2250,49948.97265625,99.89794158935547,99.67252349853516,3.78548264503479,2.3564741611480713,0.0005809855065308511,1.0738004446029663
138,1,125000,659,7036,247244.66015625,4,117,1278,48553.83984375,97.10763549804688,4.603452205657959,3.7980382442474365,2.3307366371154785,0.0006293511250987649,1.1027199029922485,160,1605,49915.1328125,99.83032989501953,99.10022735595703,3.7319509983062744,2.239647626876831,0.00280745979398489,1.1547282934188843,154,1735,49999.28125,99.9985580444336,99.99988555908203,3.867690086364746,2.277667999267578,0.0004859089676756412,1.0729221105575562,98,719,49988.3046875,99.97664642333984,99.98234558105469,3.892937421798706,2.3641810417175293,0.0001656389213167131,1.033315896987915,130,1699,48788.1015625,97.57621765136719,14.229513168334961,3.8058922290802,2.3617775440216064,0.0003785514854826033,1.0693025588989258
139,1,125000,1003,9031,248625.60546875,4,216,1837,49686.33984375,99.3726806640625,17.886816024780273,3.792076587677002,2.3259594440460205,0.000553267018403858,1.079882025718689,209,2385,48959.359375,97.91870880126953,25.8150691986084,3.7753989696502686,2.2750511169433594,0.002467062324285507,1.1323165893554688,162,1546,49988.765625,99.9775390625,99.98368072509766,3.88423752784729,2.312478542327881,0.0005691933329217136,1.083903431892395,199,1566,49992.3125,99.98465728759766,1.96494722366333,3.89530873298645,2.3701155185699463,0.0002959656703751534,1.0633784532546997,217,1697,49998.828125,99.99759674072266,99.999755859375,3.813157320022583,2.3646633625030518,0.00034448146470822394,1.0723702907562256
140,1,125000,888,9217,245019.78125,4,171,1646,48846.00390625,97.6920166015625,18.915136337280273,3.79278302192688,2.3228349685668945,0.00021599768660962582,1.063249111175537,155,1280,49293.2578125,98.58650207519531,53.540992736816406,3.79780912399292,2.2955222129821777,0.0008986830362118781,1.0646061897277832,175,2044,48745.76953125,97.49153900146484,11.762978553771973,3.8943426609039307,2.3335490226745605,0.0009634089074097574,1.070028305053711,204,2324,48623.8125,97.24760437011719,6.496066093444824,3.9026074409484863,2.3762965202331543,0.00018861531862057745,1.0347340106964111,183,1923,49510.9375,99.02190399169922,74.14068603515625,3.8292224407196045,2.368213176727295,0.00032387254759669304,1.051103949546814
141,1,125000,544,6315,249887.671875,4,83,1398,49948.890625,99.8978042602539,99.6716537475586,3.779975414276123,2.316941738128662,0.0005444455309771001,1.1088356971740723,168,1464,49991.7890625,99.9835433959961,2.717517614364624,3.7579243183135986,2.262723684310913,0.0006562542985193431,1.051745057106018,85,1082,49981.734375,99.96355438232422,99.95758819580078,3.8572726249694824,2.275329351425171,0.0014385866234079003,1.0896270275115967,80,957,49980.3359375,99.96070861816406,99.95079040527344,3.8937840461730957,2.3537421226501465,0.00011235475540161133,1.0392311811447144,128,1414,49984.921875,99.9698486328125,2.125194549560547,3.8383584022521973,2.3689749240875244,0.0007116699125617743,1.081952452659607
142,1,125000,901,9058,249752.96875,4,178,1778,49780.62890625,99.561279296875,0.2718798518180847,3.783738851547241,2.316836357116699,0.00044374464778229594,1.0910640954971313,191,2060,49996.20703125,99.9923324584961,5.843140602111816,3.774259567260742,2.2857000827789307,0.0008959531551226974,1.1624833345413208,169,1413,49984.37109375,99.96875,99.96870422363281,3.8855996131896973,2.3249471187591553,0.0002544402959756553,1.0288939476013184,186,1936,49998.5546875,99.99700927734375,6.7937116622924805,3.894961357116699,2.361556053161621,0.00012819528637919575,1.0530146360397339,177,1871,49993.20703125,99.98648071289062,4.411921501159668,3.846956729888916,2.37211537361145,0.0002846216957550496,1.0462135076522827
143,1,125000,975,9760,247320.49609375,4,190,1918,48572.234375,97.14453125,7.817934036254883,3.798274040222168,2.3224985599517822,0.000537040235940367,1.1029696464538574,210,1862,49987.69921875,99.97547149658203,2.84964656829834,3.795342206954956,2.3028714656829834,0.0003041338932234794,1.055639624595642,194,2273,48788.87109375,97.5777359008789,10.999105453491211,3.883784055709839,2.324716567993164,0.00015021323633845896,1.042895793914795,154,1452,49988.44140625,99.9769287109375,1.8568171262741089,3.8959853649139404,2.36019229888916,0.00044891596189700067,1.0584803819656372,227,2255,49983.25,99.96649932861328,3.7710485458374023,3.853006601333618,2.3743956089019775,0.00019004583009518683,1.0521759986877441
144,1,125000,951,9258,249915.2578125,4,167,1627,49998.45703125,99.99691009521484,30.28694725036621,3.795400619506836,2.3219666481018066,0.0008681535255163908,1.106318712234497,196,1900,49934.37890625,99.86876678466797,33.035953521728516,3.7759666442871094,2.295297861099243,0.0004550957528408617,1.078125,195,1979,49993.63671875,99.98725891113281,2.660165309906006,3.867849111557007,2.300748109817505,0.00020242213213350624,1.045832872390747,218,2151,49992.125,99.98423767089844,2.877322196960449,3.8874592781066895,2.3449487686157227,0.00030609130044467747,1.0428216457366943,175,1601,49996.66015625,99.99327850341797,7.708528518676758,3.859774112701416,2.3763017654418945,6.440877768909559e-05,1.0200514793395996
145,1,125000,738,8552,249969.96875,4,146,1600,49997.015625,99.99398040771484,60.9871711730957,3.8142895698547363,2.3308258056640625,0.0008224296616390347,1.113530158996582,135,1545,49998.9375,99.99787139892578,11.982746124267578,3.789525032043457,2.310586452484131,0.0007282519363798201,1.1226716041564941,154,1852,49995.8203125,99.99166107177734,99.99761199951172,3.8856019973754883,2.325871467590332,0.0003518819867167622,1.050290822982788,146,1874,49990.79296875,99.98161315917969,99.98899841308594,3.887335777282715,2.3444197177886963,0.0004543423419818282,1.078639268875122,157,1681,49987.40234375,99.97486114501953,1.4109292030334473,3.8510305881500244,2.3752033710479736,9.709834557725117e-05,1.0446492433547974
146,1,125000,1086,9420,247796.94140625,4,244,2194,49974.63671875,99.94928741455078,1.4354172945022583,3.809572696685791,2.3301522731781006,0.0007957315538078547,1.1025726795196533,182,1784,47939.61328125,95.87923431396484,0.04078039899468422,3.727365016937256,2.2864770889282227,0.0007110285805538297,1.0948586463928223,225,2017,49997.21875,99.9945068359375,18.073755264282227,3.8671767711639404,2.290682554244995,0.0006723380065523088,1.067431926727295,220,1771,49905.6875,99.81134796142578,98.88935089111328,3.8688294887542725,2.3182687759399414,0.00045543431770056486,1.0688880681991577,215,1654,49979.78515625,99.95957946777344,1.6731687784194946,3.845876455307007,2.3736324310302734,0.00014293908316176385,1.044476866722107
147,1,125000,689,6952,249541.37890625,4,145,1726,49972.45703125,99.9449234008789,99.90388488769531,3.830817222595215,2.3387739658355713,0.00013438225141726434,1.0579692125320435,133,1553,49582.953125,99.16593933105469,41.27933120727539,3.785675048828125,2.3179876804351807,0.00026123045245185494,1.0447468757629395,139,1047,49997.5703125,99.99517822265625,99.99913787841797,3.8952887058258057,2.3351242542266846,0.00048054216313175857,1.1124565601348877,135,1264,49997.40625,99.99480438232422,99.9990463256836,3.883392810821533,2.345848798751831,0.0001993012410821393,1.0391043424606323,137,1362,49990.9921875,99.98199462890625,99.98943328857422,3.8498342037200928,2.3754706382751465,0.00016124725516419858,1.044723391532898
148,1,125000,726,8516,247504.4453125,4,143,1448,49955.49609375,99.9110107421875,99.75061798095703,3.8179006576538086,2.331533670425415,0.0003681397356558591,1.0881768465042114,144,1714,49325.7890625,98.65158081054688,3.435715436935425,3.777061700820923,2.310121774673462,0.000250937941018492,1.040671706199646,174,2420,49996.73046875,99.99343872070312,8.244382858276367,3.886180877685547,2.318798542022705,0.00020180463616270572,1.0373542308807373,151,1872,48235.1015625,96.47025299072266,2.035613536834717,3.873560905456543,2.331545352935791,0.00036279199412092566,1.052119255065918,114,1062,49991.328125,99.9826431274414,99.99015808105469,3.849999189376831,2.3752827644348145,0.00015150546096265316,1.052484154701233
149,1,125000,728,7471,246576.05859375,4,135,1279,49982.4453125,99.96488189697266,99.96058654785156,3.804832935333252,2.3276267051696777,0.000350201124092564,1.0859007835388184,127,1260,49994.73828125,99.98950958251953,99.99630737304688,3.7547972202301025,2.3021080493927,0.00038323402986861765,1.0773032903671265,153,1374,49965.875,99.93175506591797,99.85287475585938,3.8772313594818115,2.3053503036499023,0.0005904507706873119,1.081244945526123,142,1542,49451.32421875,98.90266418457031,68.6212387084961,3.8621959686279297,2.3197951316833496,0.0004831909900531173,1.0707913637161255,171,2016,47181.67578125,94.36341094970703,0.0019909306429326534,3.854531764984131,2.3764610290527344,0.000574219215195626,1.0970237255096436
150,1,125000,1021,10146,245234.55078125,4,205,2119,49066.51953125,98.13296508789062,2.529820203781128,3.806532621383667,2.327012062072754,0.00042879104148596525,1.0787220001220703,216,2069,49215.0625,98.43002319335938,3.488579034805298,3.795318841934204,2.321367025375366,0.0005143713788129389,1.0813795328140259,223,2486,48213.203125,96.42637634277344,0.8227182030677795,3.8909151554107666,2.333223342895508,0.00036648273817263544,1.0619261264801025,183,1481,49982.31640625,99.96459197998047,99.9599380493164,3.870544910430908,2.3409831523895264,0.0004020810010842979,1.0746333599090576,194,1991,48757.44921875,97.5149154663086,5.882491588592529,3.861462354660034,2.379002094268799,0.0004371428512968123,1.1054860353469849
