episode,seed,steps,total_clicks,total_wins,total_cost,ppo_epochs_run,clicks_1458,wins_1458,cost_1458,util_1458,lambda_1458,ent_thr_1458,ent_res_1458,kl_1458,ratio_max_1458,clicks_2259,wins_2259,cost_2259,util_2259,lambda_2259,ent_thr_2259,ent_res_2259,kl_2259,ratio_max_2259,clicks_3386,wins_3386,cost_3386,util_3386,lambda_3386,ent_thr_3386,ent_res_3386,kl_3386,ratio_max_3386,clicks_2997,wins_2997,cost_2997,util_2997,lambda_2997,ent_thr_2997,ent_res_2997,kl_2997,ratio_max_2997,clicks_3476,wins_3476,cost_3476,util_3476,lambda_3476,ent_thr_3476,ent_res_3476,kl_3476,ratio_max_3476
1,4,125000,784,7154,249488.55078125,4,165,1458,49994.625,99.98931884765625,99.99614715576172,3.9317028522491455,2.3977010250091553,0.0008700346807017922,1.0765329599380493,158,1569,49995.328125,99.99063110351562,4.909453392028809,3.931745767593384,2.3977315425872803,0.0008676719735376537,1.0856854915618896,153,1147,49976.9375,99.95384216308594,2.55804443359375,3.9317400455474854,2.3977768421173096,0.0008301925263367593,1.0832250118255615,165,1586,49610.0859375,99.22015380859375,82.67506408691406,3.931708335876465,2.3977577686309814,0.0008576035033911467,1.083201289176941,143,1394,49911.57421875,99.82320404052734,99.02349090576172,3.9317502975463867,2.397730588912964,0.0009204793022945523,1.0751899480819702
2,4,125000,858,8620,249144.734375,4,189,1702,49983.9375,99.96783447265625,2.311429262161255,3.931243896484375,2.3971667289733887,0.0004057550395373255,1.0611188411712646,187,1995,49997.71484375,99.99537658691406,74.7166748046875,3.931457757949829,2.397081136703491,0.0004238414694555104,1.0686042308807373,162,1529,49991.80859375,99.98362731933594,96.70962524414062,3.93141508102417,2.3973495960235596,0.00034185408730991185,1.067934274673462,178,1793,49174.09765625,98.34825134277344,42.311859130859375,3.9312751293182373,2.397209644317627,0.00043652293970808387,1.0643514394760132,142,1601,49997.17578125,99.99439239501953,13.978690147399902,3.931468963623047,2.397132158279419,0.0003648638667073101,1.0586049556732178
3,4,125000,789,8118,249274.98828125,4,155,1883,49950.67578125,99.9013900756836,1.4905253648757935,3.9305760860443115,2.396327257156372,0.0003080940223298967,1.0687259435653687,155,1614,49953.578125,99.90715026855469,0.9550147652626038,3.931047201156616,2.396360397338867,0.0002669048262760043,1.049656867980957,142,1466,49386.55078125,98.7730484008789,62.45355224609375,3.9308712482452393,2.396739959716797,0.00034944532671943307,1.0415037870407104,152,1283,49999.41015625,99.99884033203125,99.99993133544922,3.9305419921875,2.396101713180542,0.00044574259663932025,1.063351035118103,185,1872,49984.7734375,99.96954345703125,6.163213729858398,3.931011199951172,2.3963656425476074,0.00023924827110022306,1.0431559085845947
4,4,125000,903,8313,249131.2421875,4,144,1025,49980.640625,99.96129608154297,5.794518947601318,3.92997670173645,2.3952841758728027,0.00024848460452631116,1.0396634340286255,177,1192,49656.1328125,99.3122329711914,86.24320220947266,3.9307494163513184,2.3961288928985596,0.00014662503963336349,1.031940221786499,226,2540,49540.26171875,99.0805892944336,76.7671890258789,3.93027400970459,2.3958940505981445,0.0003496146237011999,1.0465483665466309,197,2043,49998.7421875,99.99746704101562,99.9997329711914,3.9295976161956787,2.394615411758423,0.00044403073843568563,1.0574955940246582,159,1513,49955.46484375,99.910888671875,2.048783540725708,3.9305107593536377,2.3958630561828613,0.00011466979776741937,1.036353588104248
5,4,125000,758,7890,245715.69140625,4,148,1401,48943.65234375,97.88729858398438,2.04807710647583,3.9285411834716797,2.3930294513702393,0.0004092263989150524,1.0718564987182617,145,1640,49318.5546875,98.63713073730469,2.151249885559082,3.9303786754608154,2.3957576751708984,0.00011485099821584299,1.0285382270812988,186,1455,48480.00390625,96.96002960205078,5.564828872680664,3.9291868209838867,2.394071340560913,0.0005264162900857627,1.0858708620071411,84,1270,49398.26953125,98.79656982421875,3.3047091960906982,3.9282848834991455,2.3926165103912354,0.00040561199421063066,1.0667628049850464,195,2124,49575.2109375,99.15036010742188,79.78733825683594,3.929654359817505,2.394993782043457,0.00023586749739479274,1.040357232093811
6,4,125000,813,8007,247144.01953125,4,194,1966,49419.3203125,98.8386001586914,18.27981185913086,3.9276702404022217,2.391963243484497,0.00028021811158396304,1.0431792736053467,115,1039,48522.02734375,97.04405975341797,1.833774209022522,3.93017578125,2.395620107650757,0.00018272637680638582,1.0385817289352417,62,785,49994.48828125,99.98898315429688,11.114473342895508,3.9283905029296875,2.3923449516296387,0.0005000638775527477,1.07158362865448,239,2016,49214.12109375,98.42826843261719,46.191322326660156,3.92671799659729,2.3909525871276855,0.00034236907958984375,1.0783076286315918,203,2201,49994.0625,99.98807525634766,15.958877563476562,3.9288816452026367,2.394542694091797,0.0001584744459250942,1.0351648330688477
7,4,125000,1054,9495,249925.33984375,4,215,2035,49996.7890625,99.9936294555664,2.4289474487304688,3.9268505573272705,2.391437292098999,0.00014486550935544074,1.0430763959884644,217,1996,49978.1171875,99.95622253417969,34.82542037963867,3.9293506145477295,2.394426107406616,0.0003631377185229212,1.0453553199768066,180,1544,49976.75390625,99.95343780517578,1.5860157012939453,3.9263877868652344,2.3884310722351074,0.0005871749017387629,1.0619438886642456,241,2156,49998.4609375,99.9969711303711,17.382246017456055,3.925347089767456,2.3892784118652344,0.0006333255441859365,1.0967637300491333,201,1764,49975.21875,99.9504165649414,94.07524108886719,3.928262948989868,2.3944594860076904,0.0002086567837977782,1.0451345443725586
8,4,125000,728,6798,248598.90234375,4,100,898,49973.73828125,99.94747924804688,36.634010314941406,3.9261720180511475,2.3912017345428467,0.00020173548546154052,1.0420637130737305,195,2047,49416.47265625,98.83292388916016,9.295448303222656,3.9282727241516113,2.3924856185913086,0.00025151489535346627,1.0407764911651611,147,1266,49984.82421875,99.9696044921875,1.9066044092178345,3.9239492416381836,2.3831701278686523,0.00045637128641828895,1.0614826679229736,124,1127,49228.78125,98.45755767822266,47.44089126586914,3.923002004623413,2.384742498397827,0.00029776571318507195,1.0573861598968506,162,1460,49995.0859375,99.99018859863281,99.99673461914062,3.927391290664673,2.3939952850341797,0.00014366864343173802,1.0416905879974365
9,4,125000,1080,10251,249120.51171875,4,217,1906,49975.765625,99.95148468017578,1.5205206871032715,3.9250950813293457,2.3909692764282227,0.0002626895729918033,1.0407631397247314,229,2132,49987.59765625,99.97518920898438,2.185401678085327,3.927093505859375,2.3907785415649414,0.0005396771593950689,1.0799459218978882,203,1842,49660.6875,99.3214340209961,86.58283996582031,3.921414375305176,2.3782260417938232,0.00045275449519976974,1.0691444873809814,204,1892,49497.98828125,98.99592590332031,68.61955261230469,3.9212052822113037,2.3809335231781006,0.00036354540497995913,1.055054783821106,227,2479,49998.47265625,99.99693298339844,85.85028076171875,3.926555633544922,2.3935484886169434,0.0002182436001021415,1.0428589582443237
10,4,125000,702,7296,248124.4609375,4,158,1911,49633.265625,99.26654052734375,24.928300857543945,3.924048900604248,2.3901491165161133,0.0003092765691690147,1.0511895418167114,198,2253,49997.90234375,99.99579620361328,99.99933624267578,3.9253551959991455,2.387925863265991,0.0006593585130758584,1.0864721536636353,78,654,49998.9765625,99.99793243408203,99.99980926513672,3.9202630519866943,2.3769478797912598,0.0003453707613516599,1.0572515726089478,142,1465,48496.9375,96.99386596679688,5.041599273681641,3.920079231262207,2.3769028186798096,0.0010954999597743154,1.0813130140304565,126,1013,49997.37890625,99.99474334716797,9.013630867004395,3.9256811141967773,2.392871618270874,0.000416743743699044,1.082095980644226
11,4,125000,768,7738,248268.2578125,4,180,2181,49986.95703125,99.97395324707031,1.7451227903366089,3.923405170440674,2.3903825283050537,0.0004664420848712325,1.039171814918518,207,2089,49234.57421875,98.46917724609375,42.09107971191406,3.923682689666748,2.384788751602173,0.00040497779264114797,1.0394766330718994,112,929,49987.7265625,99.97547912597656,7.367840766906738,3.9175126552581787,2.3747739791870117,0.0005447554285638034,1.0737082958221436,172,1465,49063.84765625,98.12773895263672,1.8308157920837402,3.917900323867798,2.3695778846740723,0.0010435867588967085,1.0770378112792969,97,1074,49995.15234375,99.99031829833984,99.9968490600586,3.924572706222534,2.3920955657958984,0.00040830133366398513,1.0528897047042847
12,4,125000,935,8497,247583.203125,4,196,1874,48912.1484375,97.82430267333984,5.735489368438721,3.922537088394165,2.390286922454834,0.00022714614169672132,1.065167784690857,229,2109,49991.4296875,99.98295593261719,99.99048614501953,3.9217185974121094,2.379697322845459,0.0005626106285490096,1.0832513570785522,151,1294,49997.55078125,99.99507904052734,99.99911499023438,3.913337230682373,2.3682799339294434,0.0006010746583342552,1.0706275701522827,185,1641,48846.48046875,97.69296264648438,0.5250186920166016,3.915285587310791,2.362610101699829,0.0006198954652063549,1.0724024772644043,174,1579,49835.59375,99.67118835449219,0.2600264847278595,3.920813798904419,2.38999080657959,0.0005512761999852955,1.049746036529541
13,4,125000,590,5701,249804.05078125,4,74,652,49937.08984375,99.87416076660156,99.50325012207031,3.923731803894043,2.3913071155548096,0.00021634816948790103,1.0462145805358887,129,1517,49969.28515625,99.93858337402344,99.88063049316406,3.9214775562286377,2.378046751022339,0.00039130449295043945,1.0554497241973877,127,1420,49960.6328125,99.9212875366211,1.492469072341919,3.9154231548309326,2.369323253631592,0.0004607725131791085,1.0759639739990234,163,1181,49976.53515625,99.95307922363281,2.972637891769409,3.9171557426452637,2.368638277053833,0.0004652976931538433,1.0808907747268677,97,931,49960.5078125,99.92102813720703,2.262032985687256,3.919520854949951,2.389352798461914,0.0004972076276317239,1.08275306224823
14,4,125000,732,8988,248600.57421875,4,127,1418,49996.8359375,99.99368286132812,11.363170623779297,3.920477867126465,2.3893580436706543,0.0003273224865552038,1.0789365768432617,174,2205,49995.75,99.99148559570312,8.164652824401855,3.9174864292144775,2.369765281677246,0.0004923629458062351,1.0796411037445068,71,670,48617.6875,97.23533630371094,3.5837173461914062,3.9106600284576416,2.3599853515625,0.0010297917760908604,1.1233789920806885,188,2620,49992.296875,99.98451232910156,2.450439929962158,3.9131102561950684,2.362423896789551,0.0002016878133872524,1.0521925687789917,172,2075,49998.00390625,99.99606323242188,5.168133735656738,3.913010835647583,2.3840103149414062,0.000790986989159137,1.0951699018478394
15,4,125000,934,9277,249694.828125,4,174,1748,49827.578125,99.6551284790039,96.34307098388672,3.9190309047698975,2.3896400928497314,0.0007520413491874933,1.1168664693832397,189,1693,49971.93359375,99.94388580322266,99.90021514892578,3.9149956703186035,2.365983009338379,0.00024823902640491724,1.0520591735839844,245,2461,49956.45703125,99.91284942626953,99.76074981689453,3.903433084487915,2.3484437465667725,0.0008148193010129035,1.1333602666854858,147,1318,49993.51171875,99.98704528808594,99.99442291259766,3.910466194152832,2.3548896312713623,0.000753405096475035,1.1020008325576782,179,2057,49945.34765625,99.89070892333984,99.62471771240234,3.9073619842529297,2.3780460357666016,0.0006447219639085233,1.0637785196304321
16,4,125000,1084,9415,247607.5703125,4,231,1997,48910.3828125,97.82072448730469,2.123582601547241,3.920912504196167,2.391392469406128,0.0003658819186966866,1.076657772064209,218,1863,49978.16796875,99.95630645751953,2.1779491901397705,3.916720390319824,2.3711776733398438,0.0005071163177490234,1.0558222532272339,214,1948,49649.33203125,99.29865264892578,85.736083984375,3.9038445949554443,2.3520827293395996,0.0006353044300340116,1.0679124593734741,241,2189,49077.8203125,98.15559387207031,3.329699993133545,3.914193630218506,2.3603758811950684,0.00037777185207232833,1.0578259229660034,180,1418,49991.8671875,99.9836654663086,26.23388671875,3.906702756881714,2.3753819465637207,0.0006787609891034663,1.0627402067184448
17,4,125000,989,8947,248451.66796875,4,197,1769,49023.02734375,98.04606628417969,9.915305137634277,3.9217448234558105,2.3923752307891846,0.00040012120734900236,1.0506458282470703,214,2185,49999.7265625,99.99938201904297,30.792112350463867,3.914426803588867,2.3681023120880127,0.0006543970084749162,1.1007750034332275,166,1562,49972.11328125,99.94426727294922,2.322640895843506,3.898167133331299,2.344977378845215,0.000757460598833859,1.0711979866027832,204,1607,49948.578125,99.8970947265625,1.0821242332458496,3.914144277572632,2.3604509830474854,0.000554873957298696,1.0833923816680908,208,1824,49508.22265625,99.01644897460938,73.89299774169922,3.901320695877075,2.3671658039093018,0.0010459398617967963,1.11289381980896
18,4,125000,844,8498,248774.51171875,4,177,1607,49512.90625,99.0257568359375,18.50387191772461,3.9231956005096436,2.3933935165405273,0.0001239728881046176,1.0290141105651855,162,1694,49995.87890625,99.99178314208984,68.74652099609375,3.9115986824035645,2.3648934364318848,0.000502169132232666,1.0766167640686035,77,778,49978.49609375,99.95692443847656,20.71538543701172,3.8950626850128174,2.3403589725494385,0.0009143876959569752,1.0937403440475464,242,2817,49292.00390625,98.583984375,3.0617144107818604,3.914724588394165,2.3624489307403564,0.0005575513932853937,1.074319839477539,186,1602,49995.2265625,99.99042510986328,47.04265213012695,3.8987765312194824,2.362746238708496,0.000811352685559541,1.1068896055221558
19,4,125000,862,8929,248586.234375,4,201,2311,49497.5859375,98.99513244628906,58.571712493896484,3.9243359565734863,2.3939874172210693,6.869554636068642e-05,1.0231614112854004,193,2111,49211.70703125,98.42341613769531,45.97123718261719,3.910709857940674,2.365055561065674,0.0010325121693313122,1.1337401866912842,136,1188,49914.93359375,99.8298568725586,3.5132830142974854,3.8875694274902344,2.329010486602783,0.0008088540635071695,1.1012532711029053,231,2401,49966.6015625,99.9331283569336,1.9418607950210571,3.9182698726654053,2.3726329803466797,0.00038047312409617007,1.0811516046524048,101,918,49995.40625,99.99082946777344,99.99713897705078,3.903451442718506,2.367610216140747,0.0006037115817889571,1.0638734102249146
20,4,125000,1022,9892,248939.0234375,4,202,1893,49955.3046875,99.91056060791016,1.0699511766433716,3.924767255783081,2.3944008350372314,0.00016799927107058465,1.04252290725708,176,1914,49657.9375,99.31584930419922,86.37713623046875,3.909705638885498,2.362931728363037,0.0011195444967597723,1.1275537014007568,225,1990,49958.49609375,99.91698455810547,5.534881114959717,3.885828733444214,2.3285434246063232,0.000629267655313015,1.0763179063796997,185,1705,49825.30859375,99.6505355834961,96.24687194824219,3.922102689743042,2.382749080657959,0.00022406339121516794,1.0416697263717651,234,2390,49541.9765625,99.0838851928711,13.111480712890625,3.90385103225708,2.3678107261657715,0.0008102345163933933,1.1162909269332886
21,4,125000,916,8536,249858.140625,4,203,1713,49916.41015625,99.8328857421875,4.462212562561035,3.9243671894073486,2.394303321838379,6.978750025155023e-05,1.0209590196609497,190,1762,49968.35546875,99.93673706054688,2.2175753116607666,3.900411605834961,2.348219156265259,0.0009829854825511575,1.082077980041504,146,1434,49991.58203125,99.98319244384766,2.6929075717926025,3.8695228099823,2.3103909492492676,0.0009914875263348222,1.0639444589614868,205,1992,49985.16796875,99.97032165527344,7.510595321655273,3.9193692207336426,2.38055419921875,0.0002443075063638389,1.045730710029602,172,1635,49996.625,99.99320220947266,5.3303117752075195,3.90293025970459,2.368340492248535,0.0005344772362150252,1.0640504360198975
22,4,125000,685,8881,248393.54296875,4,131,1639,49672.94921875,99.34590148925781,2.3889918327331543,3.9239208698272705,2.3939476013183594,6.500243762275204e-05,1.0290008783340454,130,1549,49524.96875,99.04988861083984,6.1890058517456055,3.889848470687866,2.3303637504577637,0.0017957735108211637,1.0894711017608643,175,2713,49992.75390625,99.98551940917969,99.99308776855469,3.84960675239563,2.2914671897888184,0.001400909386575222,1.1539307832717896,113,1006,49960.25,99.92047119140625,99.80055236816406,3.9151527881622314,2.3764312267303467,0.0005036425427533686,1.1262028217315674,136,1974,49242.62109375,98.48531341552734,48.80462646484375,3.903160333633423,2.370335817337036,0.0016176867065951228,1.156713843345642
23,4,125000,827,7320,248300.8984375,4,114,982,48534.79296875,97.06958770751953,1.928133487701416,3.9244091510772705,2.3943867683410645,0.00011477231601020321,1.035402774810791,173,1495,49985.640625,99.97126770019531,99.9735107421875,3.8900389671325684,2.323422908782959,0.0016841244651004672,1.1534264087677002,201,1733,49820.578125,99.6411361694336,0.37889817357063293,3.8476011753082275,2.292964220046997,0.0009832072537392378,1.1111323833465576,185,1929,49981.96484375,99.96393585205078,6.354552745819092,3.9202466011047363,2.3842554092407227,0.0002064752479782328,1.0315043926239014,154,1181,49977.921875,99.95586395263672,99.93802642822266,3.9100890159606934,2.377155303955078,0.00037103414069861174,1.067170262336731
24,4,125000,1018,9354,248900.85546875,4,213,2002,49980.91015625,99.96178436279297,2.0957798957824707,3.922545909881592,2.392946481704712,0.00013433695130515844,1.0405209064483643,198,1926,49997.6640625,99.99531555175781,17.025907516479492,3.8767013549804688,2.28814697265625,0.002922010375186801,1.1852846145629883,217,1901,49971.78515625,99.94371032714844,0.6924704313278198,3.8261213302612305,2.2745296955108643,0.0010182714322581887,1.0957868099212646,215,2051,49123.515625,98.24707794189453,23.87436866760254,3.918168783187866,2.381931781768799,0.00018898486450780183,1.0511469841003418,175,1474,49826.98046875,99.65391540527344,33.598751068115234,3.9095311164855957,2.3771002292633057,0.0004319429281167686,1.0901092290878296
25,4,125000,869,9069,248097.87109375,4,199,2159,49995.6953125,99.99131774902344,1.412584900856018,3.920750379562378,2.391467809677124,0.00016017674352042377,1.0437489748001099,165,1575,49995.8203125,99.99170684814453,99.99761962890625,3.870847702026367,2.2692880630493164,0.002944500418379903,1.20852792263031,150,1464,49980.703125,99.96141815185547,7.844015598297119,3.829665184020996,2.2845346927642822,0.001024765893816948,1.1188606023788452,157,2012,48131.9296875,96.26385498046875,1.2739598751068115,3.917590618133545,2.380533218383789,0.00024215220764745027,1.050771713256836,198,1859,49993.72265625,99.98744201660156,99.9947509765625,3.9113147258758545,2.377485513687134,0.00022011040709912777,1.0561480522155762
26,4,125000,647,6712,249883.48828125,4,163,1671,49923.22265625,99.84642028808594,99.26182556152344,3.918606996536255,2.3897438049316406,0.00013233422941993922,1.0432593822479248,180,1741,49998.07421875,99.99612426757812,6.23511266708374,3.861938953399658,2.25105357170105,0.001408026204444468,1.1482433080673218,78,941,49997.65625,99.99530029296875,99.99918365478516,3.8423149585723877,2.3006722927093506,0.0009973979322239757,1.1457388401031494,55,720,49986.671875,99.97335815429688,99.9771499633789,3.915496349334717,2.3767693042755127,0.0006774949724785984,1.0898312330245972,171,1639,49977.86328125,99.95569610595703,99.93757629394531,3.9112374782562256,2.3758938312530518,0.0001578903174959123,1.047430396080017
27,4,125000,1045,9822,248197.78515625,4,202,1789,48635.3125,97.27062225341797,3.2174718379974365,3.9174251556396484,2.388965368270874,0.00018858432304114103,1.059372067451477,228,2103,49607.69921875,99.21538543701172,82.48278045654297,3.853070020675659,2.2414588928222656,0.001436717459000647,1.118207335472107,225,2236,49998.64453125,99.99727630615234,22.11418342590332,3.8404736518859863,2.2954413890838623,0.002048606751486659,1.1500954627990723,208,2091,49998.08984375,99.99614715576172,4.8538312911987305,3.9141674041748047,2.3746120929718018,0.00020674466213677078,1.0473570823669434,182,1603,49958.0390625,99.91606140136719,1.8526215553283691,3.9106950759887695,2.3745412826538086,0.00018979310698341578,1.040585994720459
28,4,125000,1039,8772,246660.7265625,4,220,1698,49084.77734375,98.16962432861328,1.457658290863037,3.9181501865386963,2.389251947402954,0.00037882328615523875,1.0612133741378784,208,1998,49308.73046875,98.6174545288086,1.7276865243911743,3.85351824760437,2.25140380859375,0.0009722947725094855,1.090430498123169,208,2001,48323.3984375,96.64686584472656,2.9763970375061035,3.8494040966033936,2.299989938735962,0.0010065436363220215,1.1179662942886353,215,1713,49945.7890625,99.89153289794922,19.28923797607422,3.9157917499542236,2.376739501953125,0.0005435681086964905,1.1072453260421753,188,1362,49998.03125,99.99610900878906,89.18919372558594,3.91192364692688,2.3766767978668213,0.00024874447262845933,1.053752064704895
29,4,125000,737,9361,249042.86328125,4,164,2511,49984.9375,99.96996307373047,3.115309238433838,3.917780637741089,2.3879151344299316,0.000304265005979687,1.0714129209518433,113,1407,49983.63671875,99.96722412109375,4.813169956207275,3.8490984439849854,2.2492759227752686,0.0016520594945177436,1.145589828491211,183,2226,49137.3125,98.2745590209961,39.42426681518555,3.8453056812286377,2.289099931716919,0.0011773204896599054,1.1390093564987183,127,1349,49972.71484375,99.94548797607422,1.3592334985733032,3.9130771160125732,2.373326301574707,0.0005908322054892778,1.1025779247283936,150,1868,49964.26171875,99.9284896850586,4.173953056335449,3.910158634185791,2.376176118850708,0.0003087925724685192,1.0677266120910645
30,4,125000,1023,9327,246343.95703125,4,232,2460,48748.015625,97.49605560302734,13.546992301940918,3.9135146141052246,2.383052349090576,0.00020288943778723478,1.057900071144104,209,1766,48908.890625,97.8177719116211,10.676368713378906,3.8248167037963867,2.219069480895996,0.0011674045817926526,1.1253509521484375,201,1710,49319.26953125,98.63851928710938,19.10950469970703,3.811184883117676,2.237981081008911,0.002690005348995328,1.175337314605713,208,1847,49384.6171875,98.76924896240234,21.428876876831055,3.9027891159057617,2.360928535461426,0.0007363533950410783,1.1299536228179932,173,1544,49983.1640625,99.96630096435547,99.96366882324219,3.9026260375976562,2.370265007019043,0.00047623395221307874,1.0590665340423584
31,4,125000,870,8317,249266.72265625,4,269,2585,49989.6328125,99.9792251586914,2.128844976425171,3.915632486343384,2.3838326930999756,0.0003208160342182964,1.06838059425354,58,747,49963.1484375,99.92628479003906,0.9666949510574341,3.836848735809326,2.246724843978882,0.0015606427332386374,1.1628652811050415,207,2029,49999.71875,99.99944305419922,40.05007553100586,3.8086607456207275,2.2210628986358643,0.002426879247650504,1.1396129131317139,130,1187,49356.83984375,98.71365356445312,6.1103925704956055,3.9029009342193604,2.3620681762695312,0.0006703304825350642,1.1100492477416992,206,1769,49957.3828125,99.9148178100586,99.77136993408203,3.9015350341796875,2.3701324462890625,0.0004255604580976069,1.0621581077575684
32,4,125000,858,8471,247520.09765625,4,203,2076,49996.43359375,99.99282836914062,43.68320846557617,3.918642520904541,2.385617256164551,0.00021724462567362934,1.0443787574768066,145,1417,49686.80078125,99.37371826171875,9.511435508728027,3.828120708465576,2.2368991374969482,0.0028330993372946978,1.1847805976867676,232,2442,49998.68359375,99.99736785888672,6.883230209350586,3.812321424484253,2.210073709487915,0.0015458321431651711,1.0989389419555664,79,804,49237.01171875,98.47405242919922,48.28523254394531,3.90405011177063,2.3637921810150146,0.0004190850304439664,1.0700303316116333,199,1732,48601.16796875,97.20231628417969,6.964154243469238,3.8987951278686523,2.3690402507781982,0.0006678795907646418,1.055132269859314
33,4,125000,810,8008,248480.40234375,4,165,1606,49992.515625,99.98503875732422,99.99263763427734,3.9187490940093994,2.3854918479919434,0.0006326031289063394,1.1181187629699707,141,1471,49876.17578125,99.75238800048828,98.09617614746094,3.802415609359741,2.205933094024658,0.0014814304886385798,1.1283900737762451,215,2001,49993.22265625,99.9864730834961,80.81007385253906,3.7983856201171875,2.1790661811828613,0.0019155597547069192,1.1138956546783447,137,1374,48621.16796875,97.24236297607422,8.684072494506836,3.8955821990966797,2.3546290397644043,0.0009195494349114597,1.0800087451934814,152,1556,49997.3203125,99.99464416503906,4.180597305297852,3.891341209411621,2.3655200004577637,0.0002629566006362438,1.0687953233718872
34,4,125000,961,9396,248044.14453125,4,168,1567,49942.17578125,99.88427734375,1.7355674505233765,3.9226303100585938,2.3899970054626465,9.151935228146613e-05,1.0217334032058716,185,1830,49993.51171875,99.9870376586914,4.834967136383057,3.8102941513061523,2.21716570854187,0.0006897497223690152,1.083643913269043,196,1785,49987.95703125,99.97592163085938,99.98128509521484,3.8158373832702637,2.196763753890991,0.001107010873965919,1.1129282712936401,210,2138,48940.58984375,97.88123321533203,24.57600212097168,3.9025747776031494,2.363316774368286,0.0003098177840001881,1.0569179058074951,202,2076,49179.91015625,98.35978698730469,18.323713302612305,3.8937840461730957,2.367854118347168,0.0006555294967256486,1.082279086112976
35,4,125000,819,8461,248779.265625,4,160,1783,49991.5703125,99.98312377929688,2.2188894748687744,3.923220157623291,2.390901565551758,8.13603401184082e-05,1.0328805446624756,164,1595,49954.484375,99.908935546875,5.33187198638916,3.7910282611846924,2.1914045810699463,0.0018260597717016935,1.1252617835998535,180,2190,48877.40234375,97.7547607421875,20.681922912597656,3.8151426315307617,2.1868462562561035,0.0005549812340177596,1.0838176012039185,172,1647,49960.77734375,99.92154693603516,1.0479599237442017,3.9026548862457275,2.363175392150879,0.0003714275371748954,1.082524299621582,143,1246,49995.03125,99.99005126953125,95.34455871582031,3.8903770446777344,2.3634114265441895,0.0003559875476639718,1.0831981897354126
36,4,125000,975,8907,248540.91015625,4,192,1937,48995.1640625,97.99029541015625,0.989453911781311,3.923680067062378,2.3916661739349365,0.00011423348769312724,1.0405943393707275,190,2012,49999.30078125,99.99859619140625,46.5826530456543,3.7746880054473877,2.1619670391082764,0.0020558142568916082,1.1362574100494385,226,1880,49992.234375,99.98445129394531,2.808687686920166,3.8164210319519043,2.1867752075195312,0.0007735419203527272,1.1449289321899414,182,1526,49993.59375,99.98717498779297,99.99455261230469,3.9038853645324707,2.3661656379699707,0.00031386135378852487,1.0870171785354614,185,1552,49560.6171875,99.12122344970703,78.540771484375,3.89007568359375,2.3618524074554443,0.00043251036549918354,1.0969306230545044
37,4,125000,954,9839,247385.671875,4,173,1781,49734.54296875,99.46903228759766,0.04082860052585602,3.9245903491973877,2.3925485610961914,0.00017084836144931614,1.0571733713150024,180,1968,49576.15234375,99.15227508544922,5.3015055656433105,3.7701427936553955,2.1549811363220215,0.0005157303530722857,1.0662826299667358,202,1849,49990.578125,99.98114013671875,99.98843383789062,3.8205766677856445,2.1973538398742676,0.0008638572762720287,1.1206878423690796,188,2164,48890.63671875,97.78135681152344,7.607595920562744,3.90832257270813,2.371952772140503,0.0005620979936793447,1.063327670097351,211,2077,49193.76171875,98.38753509521484,9.376456260681152,3.8906943798065186,2.36285662651062,0.0002985191240441054,1.0563641786575317
38,4,125000,937,8841,248898.47265625,4,182,1907,49991.19140625,99.98241424560547,89.9034423828125,3.923651695251465,2.391657829284668,0.0001513218885520473,1.0329055786132812,180,1463,49742.66796875,99.4853515625,92.04405212402344,3.74252986907959,2.130823850631714,0.0012508630752563477,1.111303448677063,174,1824,49999.2578125,99.99853515625,7.860313892364502,3.8086864948272705,2.1793575286865234,0.0014690804528072476,1.1800230741500854,218,1896,49991.66015625,99.98330688476562,4.749019622802734,3.901042938232422,2.3649230003356934,0.0004236316599417478,1.052613615989685,183,1751,49173.6953125,98.347412109375,2.1451101303100586,3.884585380554199,2.3600049018859863,0.0004097914497833699,1.0821893215179443
39,4,125000,809,7858,248317.3515625,4,151,1808,48991.55859375,97.98307800292969,2.020122766494751,3.9248740673065186,2.3928771018981934,8.20159912109375e-05,1.0244033336639404,127,1069,49976.6875,99.95342254638672,1.761074185371399,3.739896535873413,2.1213557720184326,0.0031030343379825354,1.198669195175171,174,1528,49998.05078125,99.99612426757812,1.9980854988098145,3.8192737102508545,2.196650743484497,0.0009219812927767634,1.1032658815383911,182,1936,49641.96875,99.28394317626953,85.17911529541016,3.905426502227783,2.3681466579437256,0.0002773666346911341,1.0489963293075562,175,1517,49709.0859375,99.41810607910156,4.0294694900512695,3.8878936767578125,2.363929271697998,0.0003841304569505155,1.0488249063491821
40,4,125000,617,7123,248737.09765625,4,158,2072,49982.15625,99.96431732177734,3.8387811183929443,3.925957441329956,2.3938446044921875,8.704662468517199e-05,1.023436188697815,152,1435,48923.46875,97.8469467163086,4.8320417404174805,3.733586311340332,2.1103572845458984,0.003181095002219081,1.1674878597259521,101,1109,49855.01171875,99.70999908447266,97.39897918701172,3.832104444503784,2.218618631362915,0.000536611070856452,1.051951289176941,87,796,49991.9609375,99.98391723632812,99.99152374267578,3.9092235565185547,2.3712000846862793,0.0002807259443216026,1.030181646347046,119,1711,49984.5,99.9688949584961,2.474104166030884,3.8921937942504883,2.3665504455566406,0.0003346562443766743,1.0663584470748901
41,4,125000,794,8088,248199.4765625,4,148,1664,49743.80078125,99.48761749267578,1.3431053161621094,3.9248759746551514,2.392871856689453,7.912158616818488e-05,1.0213485956192017,187,1668,49998.953125,99.99789428710938,99.99980163574219,3.6604392528533936,2.0457875728607178,0.0019729947671294212,1.1450430154800415,172,1979,48537.7421875,97.0754623413086,6.216547012329102,3.8062009811401367,2.171765089035034,0.0008934902725741267,1.083744764328003,149,1463,49972.10546875,99.9441909790039,1.403031587600708,3.894137382507324,2.356196880340576,0.00031064270297065377,1.0552831888198853,138,1314,49946.875,99.89376068115234,1.1322194337844849,3.8855819702148438,2.3612523078918457,0.0004460358468350023,1.108896017074585
42,4,125000,953,9030,248859.1328125,4,203,2037,49977.31640625,99.95467376708984,2.0432755947113037,3.926105499267578,2.393963098526001,0.0001807379740057513,1.0469770431518555,173,1764,48938.8828125,97.87771606445312,24.461734771728516,3.6645591259002686,2.080087900161743,0.0026365756057202816,1.244507074356079,216,1965,49991.80078125,99.9836196899414,6.939931392669678,3.8136510848999023,2.1881744861602783,0.0008053969941101968,1.072498083114624,177,1445,49958.56640625,99.91714477539062,99.78367614746094,3.9018499851226807,2.364356517791748,0.00033425568835809827,1.056414008140564,184,1819,49992.56640625,99.98516082763672,1.9746692180633545,3.894927978515625,2.3695921897888184,0.0006153940921649337,1.1023645401000977
43,4,125000,848,7804,244952.296875,4,246,2082,49995.78125,99.99162292480469,37.62794876098633,3.9260802268981934,2.3938992023468018,9.555339784128591e-05,1.0376946926116943,42,519,49060.23828125,98.12049102783203,33.14113235473633,3.6980679035186768,2.1324734687805176,0.0008379506762139499,1.089224934577942,247,2515,48581.265625,97.16255187988281,7.824262619018555,3.8150432109832764,2.201335906982422,0.0010788083309307694,1.0898815393447876,98,808,48509.56640625,97.01912689208984,5.654827117919922,3.904083490371704,2.365980625152588,0.000142755510751158,1.0312539339065552,215,1880,48805.4453125,97.61087799072266,4.657763957977295,3.9026150703430176,2.376614570617676,0.000831897254101932,1.0963046550750732
44,4,125000,1007,9114,247180.5,4,203,1687,49996.9140625,99.99380493164062,48.511287689208984,3.924748659133911,2.3926968574523926,0.0001444983499823138,1.037208914756775,146,1105,48372.35546875,96.74471282958984,3.643030881881714,3.639328718185425,2.0868022441864014,0.0015746878925710917,1.1086771488189697,231,2331,49986.6796875,99.9733657836914,2.156757116317749,3.8142552375793457,2.2140653133392334,0.001382374786771834,1.1043747663497925,199,1820,49672.609375,99.34523010253906,4.204991817474365,3.8982667922973633,2.3583242893218994,0.0004758333961945027,1.0819882154464722,228,2171,49151.94140625,98.30386352539062,15.239864349365234,3.904358148574829,2.378830909729004,0.00021960496087558568,1.036442518234253
45,4,125000,636,7355,246195.5390625,4,117,1520,49690.1328125,99.38024139404297,48.05497741699219,3.9247288703918457,2.3923163414001465,0.00017768859106581658,1.046473503112793,158,1869,49134.23046875,98.2684097290039,7.42099142074585,3.6630570888519287,2.0962581634521484,0.0022720240522176027,1.2117136716842651,174,1851,48540.48046875,97.08096313476562,3.1066081523895264,3.8290483951568604,2.244893789291382,0.0006441688165068626,1.0856554508209229,76,1015,49599.2109375,99.19837188720703,1.6011141538619995,3.907609224319458,2.3680107593536377,0.0005648565129376948,1.0873360633850098,111,1100,49231.484375,98.46295928955078,3.0353660583496094,3.910081386566162,2.383666753768921,0.0004496550536714494,1.0892996788024902
46,4,125000,934,9749,248728.87109375,4,172,1854,49125.60546875,98.251220703125,38.43782043457031,3.9227523803710938,2.390157461166382,0.00025127173285000026,1.0582244396209717,176,2223,49996.16015625,99.99230194091797,4.629001617431641,3.6642138957977295,2.071772336959839,0.0009380578994750977,1.0895391702651978,161,1718,49672.27734375,99.34449768066406,3.709683656692505,3.83078670501709,2.252540349960327,0.0011377405608072877,1.0930054187774658,236,2124,49936.18359375,99.87240600585938,0.5088180303573608,3.911238431930542,2.373318672180176,0.000421497825300321,1.1150321960449219,189,1830,49998.64453125,99.99724578857422,5.476003170013428,3.913032054901123,2.386441230773926,0.0003371715429238975,1.080461025238037
47,4,125000,1086,10132,249756.96484375,4,203,2045,49998.046875,99.99609375,4.480342864990234,3.9201674461364746,2.3881561756134033,8.970975613920018e-05,1.0219838619232178,247,2318,49974.375,99.94877624511719,1.8978135585784912,3.5976977348327637,1.9760339260101318,0.0024098013527691364,1.118345856666565,202,1847,49978.6171875,99.95724487304688,1.3997595310211182,3.827671766281128,2.2570552825927734,0.001429464784450829,1.100359320640564,226,1875,49976.3125,99.95264434814453,2.160085678100586,3.904435396194458,2.36637282371521,0.0003507971705403179,1.033925175666809,208,2047,49829.61328125,99.65918731689453,5.485062122344971,3.9140632152557373,2.387214422225952,0.0002959656703751534,1.0685807466506958
48,4,125000,1051,8867,249782.92578125,4,179,1364,49998.31640625,99.99662017822266,99.99954986572266,3.920119047164917,2.3880510330200195,9.26089269341901e-05,1.0341973304748535,177,1384,49997.32421875,99.99462890625,99.99897766113281,3.5630481243133545,1.9392465353012085,0.0020439743530005217,1.1048983335494995,237,2105,49986.55078125,99.97300720214844,1.4866704940795898,3.8305554389953613,2.272996664047241,0.0006610178970731795,1.0836713314056396,236,2108,49803.59765625,99.60723876953125,95.28428649902344,3.9035661220550537,2.364253044128418,0.0004440331249497831,1.1000361442565918,222,1906,49997.13671875,99.99421691894531,3.1861932277679443,3.9153835773468018,2.3881664276123047,0.0002568149648141116,1.061621904373169
49,4,125000,615,6036,249339.19140625,4,94,1059,49958.03125,99.91604614257812,99.77787017822266,3.9213783740997314,2.3897740840911865,0.00018169640679843724,1.0611274242401123,131,1123,49652.4765625,99.30497741699219,4.736560821533203,3.62416672706604,2.0034804344177246,0.0010681557469069958,1.0812199115753174,200,2180,49996.99609375,99.99396514892578,30.790922164916992,3.8430471420288086,2.2917590141296387,0.000626823864877224,1.1246498823165894,108,1035,49938.6796875,99.87736511230469,1.6966439485549927,3.9118077754974365,2.3733065128326416,9.159088222077116e-05,1.0381158590316772,82,639,49793.0078125,99.5860366821289,94.77574157714844,3.918978691101074,2.3905093669891357,5.21540641784668e-05,1.022807240486145
50,4,125000,995,9060,248563.15625,4,202,1834,49839.88671875,99.67980194091797,1.473431944847107,3.919663667678833,2.3887972831726074,0.0001230025227414444,1.0569179058074951,213,2055,49493.140625,98.98628234863281,72.51459503173828,3.5585854053497314,1.9322893619537354,0.0026660561561584473,1.1725401878356934,208,1709,49304.30078125,98.60857391357422,24.556543350219727,3.839522123336792,2.291775941848755,0.0004225611628498882,1.0772196054458618,203,2046,49928.99609375,99.85801696777344,0.8774210810661316,3.912189245223999,2.374640703201294,0.0005926561425440013,1.1469299793243408,169,1416,49996.83203125,99.99362182617188,99.99857330322266,3.9147770404815674,2.3886492252349854,0.0002923035644926131,1.0807238817214966
51,4,125000,655,7806,248473.8046875,4,132,1378,49974.9765625,99.949951171875,99.92051696777344,3.9193999767303467,2.3891711235046387,0.00013986349222250283,1.0456265211105347,151,1868,48609.54296875,97.21907043457031,3.5036990642547607,3.517564296722412,1.8662946224212646,0.007406890392303467,1.2445875406265259,168,2176,49974.4375,99.94888305664062,9.235736846923828,3.8450427055358887,2.2999727725982666,0.0004649281327147037,1.0630158185958862,108,1348,49997.86328125,99.9957046508789,99.99932098388672,3.9184441566467285,2.382357358932495,0.00045982596930116415,1.0621196031570435,96,1036,49916.984375,99.8339614868164,99.13805389404297,3.9131550788879395,2.3877334594726562,0.0002189254737459123,1.0605360269546509
52,4,125000,865,7943,249614.93359375,4,158,1496,49998.53125,99.99705505371094,21.71854019165039,3.9171528816223145,2.3880977630615234,0.0002738213515840471,1.0588862895965576,172,1305,49953.69140625,99.90739440917969,99.73003387451172,3.376298189163208,1.6944462060928345,0.0037811945658177137,1.1935112476348877,196,1794,49995.671875,99.99134826660156,1.849952220916748,3.8395583629608154,2.2967145442962646,0.0005627369973808527,1.05826735496521,177,1568,49672.04296875,99.34408569335938,14.337913513183594,3.9148223400115967,2.37961483001709,0.000573575496673584,1.072851538658142,162,1780,49994.99609375,99.9900131225586,10.903071403503418,3.9066689014434814,2.3847856521606445,7.922649092506617e-05,1.0272413492202759
53,4,125000,709,8314,247372.09765625,4,140,1240,49977.66015625,99.95533752441406,99.9365463256836,3.9182803630828857,2.3889753818511963,0.00035140750696882606,1.0777596235275269,149,1697,49997.25390625,99.99455261230469,99.9989242553711,3.4167845249176025,1.667145848274231,0.002567226765677333,1.1500669717788696,153,1960,49996.046875,99.99211120605469,1.9532489776611328,3.8541247844696045,2.3173630237579346,0.000655725016258657,1.0823498964309692,130,1535,47406.71875,94.81340026855469,0.00147730833850801,3.9213740825653076,2.3873133659362793,0.0002595233963802457,1.0661647319793701,137,1882,49994.41796875,99.98878479003906,99.99579620361328,3.909623384475708,2.3866004943847656,8.067369344644248e-05,1.0272682905197144
54,4,125000,813,8616,248510.15625,4,167,1761,49881.46484375,99.76287078857422,47.80546569824219,3.91727352142334,2.3887033462524414,0.0001417994499206543,1.0412689447402954,210,2419,49016.65625,98.0333251953125,14.501238822937012,3.3909249305725098,1.5985140800476074,0.0011826705886051059,1.1359426975250244,163,1844,49988.01953125,99.97596740722656,1.6067003011703491,3.8545048236846924,2.320354700088501,0.0002185988414566964,1.0546704530715942,150,1433,49992.15625,99.98434448242188,1.8882840871810913,3.9222819805145264,2.3884525299072266,0.00023220300499815494,1.0662562847137451,123,1159,49631.859375,99.2636947631836,2.5193703174591064,3.9088096618652344,2.386627197265625,2.8917789677507244e-05,1.023872971534729
55,4,125000,979,10239,246774.5,4,180,1965,49817.796875,99.63562774658203,4.592446327209473,3.9169857501983643,2.3891148567199707,0.00018052339146379381,1.060302972793579,195,2364,49235.66015625,98.47129821777344,12.318528175354004,3.40130352973938,1.610120177268982,0.001878087525255978,1.0891317129135132,180,1905,48646.03125,97.29206848144531,5.2376861572265625,3.8598461151123047,2.3262298107147217,0.0002132034278474748,1.068032145500183,184,1875,49079.53125,98.1590347290039,16.962989807128906,3.9257452487945557,2.3916678428649902,8.202552271541208e-05,1.0315810441970825,240,2130,49995.48046875,99.990966796875,99.99722290039062,3.91211199760437,2.3881497383117676,4.822254049940966e-05,1.027330994606018
56,4,125000,905,9193,245539.6484375,4,160,1463,48675.0,97.35002136230469,5.239063739776611,3.9132580757141113,2.386448383331299,0.00020107507589273155,1.0503038167953491,198,2144,49268.76171875,98.53756713867188,4.217325210571289,3.158236026763916,1.4210091829299927,0.0019152950262650847,1.1162831783294678,186,1988,49570.41796875,99.14073181152344,2.9046781063079834,3.83772611618042,2.303394317626953,0.0002253127022413537,1.0389443635940552,193,1669,49238.32421875,98.47677612304688,48.41051483154297,3.9215610027313232,2.388157844543457,0.0001489186252001673,1.0300917625427246,168,1929,48787.14453125,97.57422637939453,12.028807640075684,3.906820058822632,2.3859245777130127,8.342981163877994e-05,1.0275137424468994
57,4,125000,1030,9112,248304.90234375,4,226,2023,48421.98046875,96.84391784667969,4.444225311279297,3.9111835956573486,2.3854167461395264,0.00018161535263061523,1.0473536252975464,198,1749,49935.34765625,99.87071990966797,0.9906437993049622,3.0798072814941406,1.4606221914291382,0.0017703676130622625,1.1113777160644531,218,1932,49999.25,99.99845886230469,99.99988555908203,3.8372881412506104,2.304985523223877,0.00041044235695153475,1.0875999927520752,167,1451,49950.203125,99.90039825439453,0.6112068295478821,3.92140793800354,2.388601541519165,5.585193503065966e-05,1.0216944217681885,221,1957,49998.12109375,99.99617767333984,10.361227035522461,3.9090688228607178,2.3871724605560303,0.00017047404253389686,1.0426223278045654
58,4,125000,688,7622,249697.32421875,4,103,1254,49995.4375,99.99089050292969,7.972930908203125,3.914612293243408,2.387885093688965,7.75504086050205e-05,1.0326018333435059,129,1561,49993.25,99.98654174804688,99.99398803710938,3.218364715576172,1.640946865081787,0.0014328336110338569,1.129991888999939,156,1724,49997.80078125,99.99549865722656,11.181608200073242,3.8545806407928467,2.326176404953003,0.00020413874881342053,1.0384570360183716,151,1529,49714.87890625,99.4296646118164,4.793381214141846,3.925976514816284,2.392727851867676,7.227659079944715e-05,1.0218006372451782,149,1554,49995.95703125,99.99192810058594,20.498138427734375,3.9161717891693115,2.3905773162841797,7.781505701132119e-05,1.0307844877243042
59,4,125000,958,9628,248868.5078125,4,162,1668,49855.21484375,99.71043395996094,0.01889992691576481,3.9114158153533936,2.3856570720672607,0.00016238450189121068,1.0554901361465454,227,2796,49252.64453125,98.50520324707031,49.72650146484375,3.0893054008483887,1.5800584554672241,0.0005269455723464489,1.0647579431533813,187,1594,49998.7109375,99.99746704101562,26.57657241821289,3.841980218887329,2.3151044845581055,0.00031395911355502903,1.0523672103881836,194,1789,49771.796875,99.5435562133789,0.04433295130729675,3.9240477085113525,2.3913068771362305,7.977723726071417e-05,1.0178543329238892,188,1781,49990.140625,99.98028564453125,2.120633840560913,3.91188645362854,2.3889918327331543,5.528211477212608e-05,1.0184495449066162
60,4,125000,891,8680,249088.79296875,4,236,1952,49968.5078125,99.93704986572266,0.7106716632843018,3.911223888397217,2.3858206272125244,0.00014059066597837955,1.0346944332122803,239,2556,49128.34765625,98.25672149658203,15.177380561828613,3.096635103225708,1.6244083642959595,0.001328456331975758,1.143109679222107,176,1543,49996.5625,99.99311065673828,45.98269271850586,3.839289426803589,2.310229778289795,0.00040111778071150184,1.0622644424438477,183,1865,49996.0546875,99.99214172363281,3.183849573135376,3.9235188961029053,2.391106605529785,4.663705840357579e-05,1.0287933349609375,57,764,49999.3203125,99.99868774414062,7.55106258392334,3.9112303256988525,2.389174461364746,7.656097295694053e-05,1.025591492652893
61,4,125000,818,8106,248305.3203125,4,171,1325,49125.22265625,98.25043487548828,38.40453338623047,3.9118902683258057,2.38708758354187,0.00018823861319106072,1.0568407773971558,170,1874,49999.3828125,99.99874114990234,99.99990844726562,3.186110258102417,1.7037584781646729,0.0007181596592999995,1.1254245042800903,172,2127,49522.859375,99.0456771850586,52.9493293762207,3.8424413204193115,2.313873529434204,0.00027670382405631244,1.0609710216522217,134,1179,49673.26953125,99.34656524658203,20.94675064086914,3.9261655807495117,2.3931360244750977,2.7377604055800475e-05,1.0223308801651,171,1601,49984.5859375,99.96922302246094,2.8041188716888428,3.9114043712615967,2.389509439468384,7.81965209171176e-05,1.0279401540756226
62,4,125000,1092,9767,247056.98046875,4,230,1990,48455.44140625,96.91090393066406,5.065030097961426,3.9081616401672363,2.385542154312134,0.00042869089520536363,1.0816130638122559,219,1856,48614.2421875,97.22850036621094,4.327901363372803,3.1974446773529053,1.6943203210830688,0.004290265962481499,1.2029556035995483,234,2006,49994.79296875,99.98957824707031,3.3023009300231934,3.830386161804199,2.3039464950561523,0.00028400897281244397,1.0458723306655884,226,2423,49995.328125,99.99071502685547,3.8647704124450684,3.925027370452881,2.392439603805542,0.0001221299171447754,1.034989595413208,183,1492,49997.17578125,99.99436950683594,99.99886322021484,3.9094293117523193,2.3894567489624023,0.00019861698092427105,1.0579525232315063
63,4,125000,688,8090,247623.0,4,110,981,49954.21484375,99.90846252441406,1.6210658550262451,3.9065182209014893,2.3839566707611084,0.00041691301157698035,1.077823281288147,142,1880,48918.90625,97.83779907226562,16.088693618774414,3.367119789123535,1.7832921743392944,0.0026678061112761497,1.1842840909957886,157,1980,49989.22265625,99.9783935546875,5.909685134887695,3.8327527046203613,2.306291341781616,0.0005718636675737798,1.0639256238937378,130,1467,48762.375,97.52471160888672,9.105535507202148,3.927536725997925,2.3946428298950195,6.536006549140438e-05,1.0323034524917603,149,1782,49998.28125,99.99649810791016,4.9234724044799805,3.9134678840637207,2.391464948654175,7.255315722431988e-05,1.0319992303848267
64,4,125000,931,9170,248155.8125,4,219,2063,49991.7265625,99.98344421386719,1.1994044780731201,3.8995814323425293,2.3781371116638184,0.00024385929282288998,1.0647563934326172,186,2074,49465.92578125,98.93184661865234,30.742780685424805,3.3335609436035156,1.6931555271148682,0.0034469461534172297,1.129244327545166,161,1545,49994.9921875,99.98995208740234,99.99659729003906,3.807762384414673,2.275829792022705,0.0010890221456065774,1.145470142364502,168,1626,48707.0546875,97.41413116455078,12.365482330322266,3.9260380268096924,2.393669366836548,0.00015484809409826994,1.0276832580566406,197,1862,49996.11328125,99.99224853515625,3.69863224029541,3.9091382026672363,2.3908441066741943,0.0001492595620220527,1.0553545951843262
65,4,125000,790,9704,245515.50390625,4,143,1562,48199.6171875,96.39921569824219,1.7375764846801758,3.897566556930542,2.3760766983032227,0.0006034326506778598,1.0739192962646484,197,2493,49941.17578125,99.88232421875,0.8940053582191467,3.4486143589019775,1.7970385551452637,0.003546113846823573,1.211154580116272,177,2210,49995.546875,99.99110412597656,99.997314453125,3.8052849769592285,2.26676869392395,0.0007065558456815779,1.1423048973083496,135,1853,49976.859375,99.95368957519531,1.73604416847229,3.927098274230957,2.394716739654541,3.25298315146938e-05,1.0105774402618408,138,1586,47402.3046875,94.80461883544922,0.0018113910919055343,3.9101927280426025,2.3915889263153076,0.0001287388731725514,1.0402133464813232
66,4,125000,641,6996,247905.359375,4,168,1790,49269.15234375,98.53833770751953,25.461048126220703,3.8960654735565186,2.374751567840576,0.00032669067149981856,1.0708705186843872,91,1096,49925.31640625,99.85055541992188,99.30077362060547,3.531203031539917,1.8689687252044678,0.0022054410073906183,1.1457957029342651,114,1326,48729.4140625,97.4587631225586,1.605590581893921,3.8013033866882324,2.2596778869628906,0.000304477202007547,1.0459591150283813,59,877,49996.6328125,99.99324035644531,2.3239762783050537,3.9263319969177246,2.3942646980285645,3.186225876561366e-05,1.0145984888076782,209,1907,49984.84375,99.9697265625,1.8815689086914062,3.9099199771881104,2.391765594482422,0.0001038932750816457,1.0318821668624878
67,4,125000,950,9644,247998.33984375,4,188,1988,48745.4765625,97.49100494384766,0.006641290616244078,3.895939826965332,2.3765316009521484,0.00034592626616358757,1.080146312713623,174,1887,49707.81640625,99.41566467285156,0.08709552139043808,3.6187896728515625,1.967090368270874,0.0015894698444753885,1.1501250267028809,203,2254,49793.80859375,99.58760070800781,0.05853237956762314,3.81612229347229,2.2802841663360596,0.00035719393054023385,1.0763717889785767,202,1940,49805.9375,99.61189270019531,0.5135170221328735,3.929643392562866,2.3962724208831787,1.0950565410894342e-05,1.0142569541931152,183,1575,49945.30078125,99.8905029296875,99.62327575683594,3.913867712020874,2.3931961059570312,5.687474913429469e-05,1.024533748626709
68,4,125000,870,8420,249567.6015625,4,189,1841,49892.87109375,99.78572845458984,22.032445907592773,3.889101982116699,2.37290620803833,0.0007653904031030834,1.0922738313674927,170,1806,49713.0625,99.4261474609375,90.20710754394531,3.558640718460083,1.9151345491409302,0.0012178611941635609,1.173531413078308,161,1305,49988.51953125,99.97705841064453,1.8903110027313232,3.791569709777832,2.2642316818237305,0.0013029312249273062,1.1575851440429688,182,1535,49992.0234375,99.98403930664062,42.029144287109375,3.927198648452759,2.3949358463287354,3.713369369506836e-05,1.0191059112548828,168,1933,49981.125,99.96235656738281,2.8815805912017822,3.909020185470581,2.3916516304016113,6.352424679789692e-05,1.0338630676269531
69,4,125000,1121,10753,248260.0625,4,226,2086,49982.20703125,99.96446228027344,3.748365879058838,3.882314920425415,2.3692893981933594,0.0005547261098399758,1.086489200592041,196,1703,49484.7890625,98.9695816040039,71.74422454833984,3.580108642578125,1.952237844467163,0.0007007479434832931,1.0892106294631958,221,2019,48812.65625,97.62537384033203,17.157440185546875,3.799320697784424,2.28423810005188,0.0012918472057208419,1.1023303270339966,231,2447,49993.01953125,99.98603057861328,8.016092300415039,3.9256794452667236,2.3940210342407227,0.00015811204502824694,1.0447388887405396,247,2498,49987.390625,99.97484588623047,2.473785877227783,3.9089934825897217,2.3916351795196533,9.944438352249563e-05,1.0229487419128418
70,4,125000,650,7860,248656.58203125,4,149,1800,49041.328125,98.0826187133789,31.684736251831055,3.873176097869873,2.3649134635925293,0.0009370374609716237,1.0861716270446777,172,2071,49956.1640625,99.91233825683594,1.766777753829956,3.6141581535339355,1.985809326171875,0.0007741069421172142,1.0861855745315552,76,1037,49955.36328125,99.91080474853516,99.7494125366211,3.818873882293701,2.306386947631836,0.0003507757210172713,1.0523054599761963,125,1379,49994.5234375,99.9891128540039,99.99601745605469,3.9261958599090576,2.3939685821533203,0.00019538878405001014,1.0405234098434448,128,1573,49709.203125,99.41841125488281,0.12445523589849472,3.910085439682007,2.392025947570801,6.47997876512818e-05,1.0262973308563232
71,4,125000,775,8970,249035.7734375,4,146,1749,49099.19921875,98.1984634399414,0.920991837978363,3.863123893737793,2.35945200920105,0.0008725929073989391,1.0905497074127197,145,2123,49967.65234375,99.9352798461914,30.94838523864746,3.6556785106658936,2.0378875732421875,0.0014878916554152966,1.11327064037323,176,1819,49988.15234375,99.97635650634766,99.98194885253906,3.8017594814300537,2.2937049865722656,0.0008215117268264294,1.1252275705337524,144,1491,49995.96875,99.9919204711914,99.99777221679688,3.9247124195098877,2.3928070068359375,0.00021278142230585217,1.048180341720581,164,1788,49984.80078125,99.96961212158203,99.9704360961914,3.9083411693573,2.3915953636169434,0.00022586583509109914,1.053853154182434
72,4,125000,764,8786,248893.75390625,4,124,1391,49993.2734375,99.98645782470703,3.196843385696411,3.8554720878601074,2.354464292526245,0.0008164834580384195,1.112836480140686,185,2101,49993.57421875,99.98722076416016,99.99459075927734,3.676578998565674,2.051309823989868,0.0029699443839490414,1.2090553045272827,170,2420,48983.0390625,97.96607208251953,1.8298561573028564,3.779958486557007,2.2720043659210205,0.001494104857556522,1.1103203296661377,150,1505,49992.19921875,99.98438262939453,4.0369977951049805,3.922560453414917,2.39164662361145,7.688045297982171e-05,1.0248181819915771,135,1369,49931.66796875,99.86337280273438,99.41497039794922,3.9031994342803955,2.3905532360076904,0.00012694834731519222,1.017488956451416
73,4,125000,567,7243,249881.17578125,4,85,1050,49997.44921875,99.99496459960938,99.99907684326172,3.8568246364593506,2.354992389678955,0.000734274392016232,1.0983830690383911,133,1720,49950.67578125,99.90129852294922,72.1379623413086,3.688236713409424,2.0649497509002686,0.0023536300286650658,1.1398378610610962,129,1526,49978.0546875,99.95606994628906,99.93860626220703,3.7493736743927,2.2378976345062256,0.0016533827874809504,1.0993503332138062,115,1789,49961.01171875,99.92200469970703,99.80815887451172,3.9178647994995117,2.389340400695801,0.00010324954928364605,1.0187686681747437,105,1158,49993.984375,99.9880142211914,99.9952163696289,3.897362470626831,2.389927864074707,0.00024842499988153577,1.0256555080413818
74,4,125000,674,7439,247813.640625,4,155,1626,49998.23828125,99.99656677246094,38.897647857666016,3.8663671016693115,2.360905647277832,0.0009463882306590676,1.1254706382751465,109,1268,49797.49609375,99.59503936767578,94.99445343017578,3.753225326538086,2.1666829586029053,0.003425252391025424,1.17349112033844,133,1516,49310.2109375,98.62045288085938,55.151241302490234,3.7699801921844482,2.25081729888916,0.001441688509657979,1.15807044506073,125,1296,48719.37109375,97.438720703125,11.123332977294922,3.9216084480285645,2.391368865966797,0.00012375354708638042,1.0220812559127808,152,1733,49988.32421875,99.97669219970703,2.255436897277832,3.8985345363616943,2.390841007232666,0.0003803086292464286,1.0552761554718018
75,4,125000,1043,10247,248940.90234375,4,208,1991,49986.28515625,99.97261047363281,7.349753379821777,3.870931386947632,2.3639004230499268,0.0005958080291748047,1.0573806762695312,175,1642,49969.15625,99.93828582763672,0.8571457266807556,3.761929750442505,2.189229726791382,0.002743587363511324,1.1944555044174194,228,2155,49199.7109375,98.3993148803711,28.417381286621094,3.7205135822296143,2.2077102661132812,0.0009044122416526079,1.119344711303711,215,2338,49802.94921875,99.60587310791016,17.836467742919922,3.9145970344543457,2.387816905975342,0.00031901596230454743,1.0793343782424927,217,2121,49982.80078125,99.96561431884766,4.179419994354248,3.8884756565093994,2.3893370628356934,0.0002789902500808239,1.0397045612335205
76,4,125000,821,8495,248884.5859375,4,188,1855,49991.0234375,99.98204040527344,13.518105506896973,3.874364137649536,2.367079973220825,0.00047217129031196237,1.0711238384246826,119,1168,49994.30859375,99.98860931396484,6.208744525909424,3.7881219387054443,2.2283084392547607,0.0012805938022211194,1.1153672933578491,188,2281,49792.7578125,99.58551025390625,6.911875247955322,3.711945056915283,2.202402114868164,0.0005462908884510398,1.0588418245315552,117,934,49118.7578125,98.2375259399414,5.282287120819092,3.911625623703003,2.386608600616455,0.0001997113140532747,1.047687292098999,209,2257,49987.73828125,99.9754638671875,99.98057556152344,3.8878326416015625,2.3899435997009277,0.00016727446927689016,1.0492390394210815
77,4,125000,859,9083,247022.3671875,4,174,1994,49580.31640625,99.16064453125,3.1775717735290527,3.878870725631714,2.369905948638916,0.0005874180933460593,1.0563974380493164,175,1799,49931.41796875,99.86279296875,99.41001892089844,3.789553165435791,2.2281253337860107,0.0002112865331582725,1.0523697137832642,187,1990,48919.84765625,97.83973693847656,21.910280227661133,3.7310009002685547,2.2137491703033447,0.0009775066282600164,1.0944890975952148,155,1259,48600.4921875,97.20100402832031,0.115147165954113,3.913322925567627,2.3883719444274902,0.00015951872046571225,1.0327140092849731,168,2041,49990.29296875,99.98062896728516,75.62423706054688,3.8901567459106445,2.390399217605591,0.00022531508875545114,1.0415385961532593
78,4,125000,920,8371,246920.6328125,4,176,1578,49960.25390625,99.92050170898438,1.3765591382980347,3.880685329437256,2.3692514896392822,0.00032605408341623843,1.0672180652618408,219,1938,49997.5625,99.99513244628906,99.99913024902344,3.803583860397339,2.243957996368408,0.00022882937628310174,1.0527024269104004,183,1706,49977.05078125,99.9540786743164,1.738500714302063,3.756908416748047,2.2292323112487793,0.0009501051972620189,1.0863192081451416,154,1490,48636.73046875,97.2734375,8.48404312133789,3.9162418842315674,2.389559030532837,6.443738675443456e-05,1.0153206586837769,188,1659,48349.03515625,96.69803619384766,2.855548620223999,3.897211790084839,2.3912863731384277,0.00018833398644346744,1.050804615020752
79,4,125000,996,8916,247152.3515625,4,192,1613,49902.953125,99.80591583251953,8.114879608154297,3.8751027584075928,2.3636622428894043,0.0002678656601347029,1.0589498281478882,217,2042,48324.53125,96.6490478515625,2.990027666091919,3.8093178272247314,2.2483601570129395,0.0003662705421447754,1.0660560131072998,231,2033,49938.640625,99.87735748291016,3.0166196823120117,3.7687206268310547,2.2388274669647217,0.0009281635284423828,1.1392515897750854,221,1910,49000.2890625,98.00051879882812,0.008696986362338066,3.9190807342529297,2.3909754753112793,0.00010149717127205804,1.0192327499389648,135,1318,49985.9375,99.9718246459961,19.858579635620117,3.9027068614959717,2.3919832706451416,0.00010513782035559416,1.026871681213379
80,4,125000,751,8606,248686.52734375,4,154,1870,49998.90234375,99.99774932861328,6.750925540924072,3.876333236694336,2.3615167140960693,0.00017910718452185392,1.0390974283218384,156,1887,49994.79296875,99.98956298828125,6.864377021789551,3.791966199874878,2.2180023193359375,0.000781285751145333,1.1027461290359497,222,2931,49998.234375,99.99647521972656,4.816707611083984,3.7659859657287598,2.239816188812256,0.0006670617731288075,1.0726065635681152,111,1032,49997.328125,99.99467468261719,8.43215560913086,3.914714813232422,2.3890786170959473,0.00016776799748186022,1.0157108306884766,108,886,48697.26953125,97.39457702636719,5.317015647888184,3.9047136306762695,2.39189076423645,0.00032786367228254676,1.091806173324585
81,4,125000,992,9935,248396.640625,4,181,1824,49738.30078125,99.47665405273438,91.78453063964844,3.8773722648620605,2.3629162311553955,0.0005747913965024054,1.1051512956619263,184,2109,49988.92578125,99.97774505615234,2.828237533569336,3.7549188137054443,2.1572413444519043,0.001282768207602203,1.1315083503723145,209,2161,49989.49609375,99.97900390625,2.2225310802459717,3.7570202350616455,2.235795259475708,0.0006169748376123607,1.107231616973877,215,1673,49965.0078125,99.93001556396484,2.054030418395996,3.910947799682617,2.387256622314453,0.00019451379193924367,1.0573104619979858,203,2168,48714.91015625,97.42969512939453,12.518083572387695,3.9014079570770264,2.3908305168151855,0.0004816198197659105,1.0718508958816528
82,4,125000,678,7696,249120.9609375,4,128,1472,49964.76953125,99.92949676513672,1.7143595218658447,3.868422269821167,2.357933521270752,0.0005791496951133013,1.1046243906021118,172,2441,49569.69140625,99.13945770263672,7.956331253051758,3.7666313648223877,2.169269561767578,0.0005650710663758218,1.099161148071289,175,2043,49867.7265625,99.73548126220703,53.40187454223633,3.786391258239746,2.2706260681152344,0.000784728501457721,1.0940836668014526,113,957,49727.59375,99.45523834228516,91.13048553466797,3.916630744934082,2.3898563385009766,9.332894842373207e-05,1.0382736921310425,90,783,49991.1796875,99.98233032226562,4.322066783905029,3.910592555999756,2.392636775970459,0.00021022319560870528,1.0362038612365723
83,4,125000,1071,9820,247392.08984375,4,229,2148,49966.8984375,99.93380737304688,99.8615493774414,3.8594231605529785,2.3548989295959473,0.0006908845971338451,1.1104623079299927,256,2246,49963.79296875,99.92762756347656,5.3080902099609375,3.7376787662506104,2.13041615486145,0.0005746698006987572,1.1100906133651733,205,1760,49999.0859375,99.99822235107422,9.552586555480957,3.7704038619995117,2.2646822929382324,0.0005503320717252791,1.0788609981536865,173,1542,48523.3671875,97.04673767089844,6.546260356903076,3.9088706970214844,2.3858697414398193,0.00021501064475160092,1.0369621515274048,208,2124,48938.9453125,97.87786865234375,10.367974281311035,3.9061360359191895,2.3909995555877686,0.00010340451990487054,1.0393834114074707
84,4,125000,1028,9396,247204.30859375,4,210,2003,49986.140625,99.97220611572266,2.7772843837738037,3.8470592498779297,2.349219799041748,0.00044106721179559827,1.0813939571380615,186,1469,49987.91796875,99.97579956054688,99.98108673095703,3.7396669387817383,2.1270623207092285,0.0009373354841955006,1.0529941320419312,214,2119,49628.2265625,99.25638580322266,84.11448669433594,3.784423351287842,2.282923460006714,0.0003688383148983121,1.066236972808838,208,1983,48818.0078125,97.63603973388672,11.03997802734375,3.912684917449951,2.386974811553955,0.00014554023800883442,1.0299055576324463,210,1822,48784.015625,97.5679931640625,15.740358352661133,3.9079556465148926,2.3917460441589355,4.333972901804373e-05,1.0171741247177124
85,4,125000,1020,9853,247661.296875,4,195,1777,49955.875,99.9117202758789,1.1991102695465088,3.8411519527435303,2.347675085067749,0.0007136583444662392,1.1401124000549316,244,2336,49300.69921875,98.60135650634766,32.228118896484375,3.71337628364563,2.0658836364746094,0.0008786249090917408,1.0766947269439697,175,2119,48437.5390625,96.87521362304688,3.1066951751708984,3.7773258686065674,2.2846341133117676,0.0007342958124354482,1.0981473922729492,218,1842,49973.1484375,99.9462661743164,1.2194654941558838,3.9102978706359863,2.386101484298706,0.00021789073070976883,1.0517691373825073,188,1779,49994.03515625,99.988037109375,99.99523162841797,3.9019553661346436,2.3897104263305664,0.0003008150961250067,1.0770485401153564
86,4,125000,782,8607,249171.13671875,4,116,1601,49267.359375,98.53471374511719,51.1026725769043,3.824021577835083,2.3381049633026123,0.0008336162427440286,1.09938645362854,171,1451,49994.69140625,99.98934173583984,7.215743541717529,3.7375295162200928,2.095041513442993,0.00013979434152133763,1.04823637008667,220,2303,49917.7421875,99.83549499511719,9.116185188293457,3.799156665802002,2.303239583969116,0.0003438401035964489,1.0614948272705078,54,556,49994.75390625,99.989501953125,3.4741978645324707,3.9138407707214355,2.387850761413574,0.00010643005225574598,1.0252774953842163,221,2696,49996.58984375,99.9931869506836,5.461008548736572,3.90519380569458,2.3907082080841064,0.00023484230041503906,1.0833427906036377
87,4,125000,1010,9154,247138.21875,4,210,1837,49957.484375,99.91498565673828,37.105735778808594,3.818755626678467,2.3385565280914307,0.0012713741743937135,1.1737302541732788,193,2076,48703.6015625,97.40723419189453,5.034768581390381,3.7001469135284424,2.019500732421875,0.0007826423388905823,1.0640844106674194,200,1816,49523.5859375,99.04715728759766,4.345103740692139,3.763996124267578,2.28009295463562,0.0006794237997382879,1.094508409500122,223,1821,49998.69140625,99.99739074707031,4.883795261383057,3.9041545391082764,2.384305000305176,0.00034381149453110993,1.0616765022277832,184,1604,48954.85546875,97.90974426269531,25.515213012695312,3.8896684646606445,2.3862929344177246,0.0003928088990505785,1.0763903856277466
88,4,125000,1056,9731,249613.72265625,4,202,1850,49997.171875,99.99433898925781,9.664098739624023,3.8081254959106445,2.333894968032837,0.000823707552626729,1.1348652839660645,244,2231,49953.27734375,99.90653228759766,6.299948215484619,3.7252917289733887,2.048398971557617,0.0008733224822208285,1.1132615804672241,166,1215,49951.14453125,99.9022216796875,99.69920349121094,3.767216205596924,2.284986734390259,0.0010936117032542825,1.1522878408432007,233,2238,49803.1328125,99.6063461303711,95.26313018798828,3.9071178436279297,2.3868095874786377,0.0002705645456444472,1.041229248046875,211,2197,49908.99609375,99.8179702758789,10.044739723205566,3.8899989128112793,2.3868844509124756,0.00038651464274153113,1.0756043195724487
89,4,125000,745,7876,249508.9765625,4,196,2210,49997.6796875,99.99535369873047,7.929351806640625,3.7862064838409424,2.319648504257202,0.0011885880958288908,1.134354591369629,78,977,49998.34765625,99.99668884277344,99.99958038330078,3.791187047958374,2.1575496196746826,0.0004442834760993719,1.0587708950042725,79,779,49974.125,99.94820404052734,99.9148941040039,3.8220715522766113,2.323392629623413,0.00030017615063115954,1.0782356262207031,147,1425,49542.34375,99.08467864990234,3.7550339698791504,3.922990322113037,2.394011974334717,0.00012187957327114418,1.0311936140060425,245,2485,49996.48046875,99.99298095703125,80.88058471679688,3.908808469772339,2.3922195434570312,8.690357208251953e-05,1.0240346193313599
90,4,125000,792,9049,248925.7421875,4,175,1830,49981.84375,99.96369171142578,1.7617824077606201,3.7991838455200195,2.3272111415863037,0.0005182957393117249,1.0825036764144897,128,1816,49711.52734375,99.42312622070312,90.10942077636719,3.7569596767425537,2.0765626430511475,0.0004091691807843745,1.0712519884109497,188,2192,49733.703125,99.4675064086914,12.225883483886719,3.7944746017456055,2.3041772842407227,0.0004758715513162315,1.049552321434021,171,1984,49998.90625,99.99777221679688,99.99976348876953,3.9192416667938232,2.393449544906616,0.00010311126243323088,1.023095965385437,130,1227,49499.76171875,98.99951171875,73.12110137939453,3.8980207443237305,2.388564109802246,7.955550972837955e-05,1.0313459634780884
91,4,125000,745,7756,248447.8046875,4,180,2107,49380.12109375,98.76024627685547,61.83976745605469,3.82759690284729,2.3373286724090576,0.0005509328912012279,1.0685449838638306,120,795,49086.7421875,98.17352294921875,35.240787506103516,3.753648519515991,2.0616486072540283,0.0003504848282318562,1.0663782358169556,96,1236,49989.2578125,99.9785385131836,99.98504638671875,3.7925631999969482,2.300503969192505,0.0005648565129376948,1.0815449953079224,169,1998,49996.9765625,99.99394989013672,6.826693534851074,3.91420578956604,2.3921401500701904,0.0001270866341656074,1.0416051149368286,180,1620,49994.70703125,99.98938751220703,7.911485195159912,3.8888866901397705,2.3844854831695557,0.00020887612481601536,1.0614209175109863
92,4,125000,743,8674,247533.70703125,4,150,1815,49746.578125,99.49308013916016,0.10772590339183807,3.820335865020752,2.3347842693328857,0.0009576463489793241,1.1148250102996826,173,1939,49997.25,99.99453735351562,4.716745853424072,3.744802474975586,2.0280792713165283,0.0006130051333457232,1.1082907915115356,138,1884,47826.140625,95.65230560302734,0.0010000000474974513,3.767113447189331,2.2783312797546387,0.0005797719932161272,1.0755407810211182,157,1622,49985.85546875,99.9716796875,99.97423553466797,3.9135305881500244,2.3923747539520264,0.0002912711934186518,1.069018006324768,125,1414,49977.8828125,99.95576477050781,1.178601861000061,3.8837766647338867,2.381241798400879,0.00018897055997513235,1.046272873878479
93,4,125000,1088,10033,248204.3984375,4,202,1961,49997.1953125,99.99433898925781,4.112172603607178,3.774296760559082,2.3105244636535645,0.0024919628631323576,1.1462029218673706,216,2271,49997.24609375,99.99449157714844,6.1838579177856445,3.760233163833618,2.054429769515991,0.0006120681646279991,1.102048635482788,234,2111,48590.5546875,97.1810531616211,8.205371856689453,3.7651586532592773,2.273585081100464,0.0008344172965735197,1.1037882566452026,211,1923,49982.22265625,99.96443176269531,13.084318161010742,3.915745496749878,2.3929479122161865,8.43691814225167e-05,1.0228731632232666,225,1767,49637.1796875,99.27432250976562,16.516571044921875,3.8880763053894043,2.3809518814086914,0.00021020650456193835,1.0681843757629395
94,4,125000,807,8170,248570.38671875,4,183,1952,49624.72265625,99.2494888305664,83.84355163574219,3.747659921646118,2.2939164638519287,0.0009628247935324907,1.0696778297424316,163,1725,48967.5078125,97.93506622314453,21.048795700073242,3.772915840148926,2.074979305267334,0.0006533622508868575,1.0972753763198853,147,1362,49987.8671875,99.97569274902344,2.7100069522857666,3.7578277587890625,2.267991542816162,0.0010215234942734241,1.0911301374435425,135,1145,49991.10546875,99.98212432861328,99.98953247070312,3.9182488918304443,2.3934473991394043,0.00029024123796261847,1.0789026021957397,179,1986,49999.18359375,99.99839782714844,99.9998779296875,3.891263008117676,2.3805575370788574,0.00021066665067337453,1.0379282236099243
95,4,125000,785,7223,249387.09375,4,177,1662,49983.39453125,99.96672821044922,99.964599609375,3.734938859939575,2.277634620666504,0.0013916039606556296,1.1357861757278442,160,1273,49832.6484375,99.66537475585938,0.22054362297058105,3.7950570583343506,2.1305925846099854,0.0009925365447998047,1.1218453645706177,123,1043,49990.55859375,99.98118591308594,99.98848724365234,3.757946729660034,2.268939256668091,0.0009804106084629893,1.1367684602737427,159,1329,49583.5625,99.16712951660156,80.4941635131836,3.9225194454193115,2.393850564956665,0.00028198002837598324,1.0591316223144531,166,1916,49996.9296875,99.99386596679688,11.668771743774414,3.89633846282959,2.38196063041687,0.00021087407367303967,1.0609766244888306
96,4,125000,789,8743,247733.95703125,4,152,1651,49895.38671875,99.79081726074219,98.63668060302734,3.7522709369659424,2.276301622390747,0.0007108855061233044,1.0663762092590332,125,1254,49824.2890625,99.64854431152344,18.598609924316406,3.7847650051116943,2.1235928535461426,0.0005185556365177035,1.074054479598999,163,1878,49531.3515625,99.06270599365234,75.97431945800781,3.721083879470825,2.2385711669921875,0.0014923691051080823,1.178688645362854,182,2039,49998.8671875,99.99783325195312,99.99980163574219,3.9182353019714355,2.391749858856201,0.00037817476550117135,1.0744110345840454,167,1921,48484.0625,96.96817779541016,5.651548862457275,3.8808412551879883,2.3745667934417725,0.000737178314011544,1.0937288999557495
97,4,125000,661,5838,247268.265625,4,85,678,48671.3125,97.34260559082031,2.118306875228882,3.783630609512329,2.2826013565063477,0.001378257293254137,1.062199592590332,168,1250,49997.74609375,99.99549102783203,9.205482482910156,3.8014745712280273,2.1582791805267334,0.00037957666791044176,1.055438756942749,77,768,48632.32421875,97.26463317871094,7.017020225524902,3.7572741508483887,2.2585291862487793,0.0012250113068148494,1.1275273561477661,194,1691,49999.23046875,99.99846649169922,20.982376098632812,3.9206488132476807,2.3901147842407227,0.0005669474485330284,1.0730582475662231,137,1451,49967.65234375,99.9353256225586,2.1881473064422607,3.882469892501831,2.3741345405578613,0.0005781936342827976,1.0784823894500732
98,4,125000,875,7992,249288.58203125,4,162,1694,49992.03125,99.98404693603516,3.8301310539245605,3.7415313720703125,2.243708372116089,0.0014088439056649804,1.1470153331756592,166,1314,49999.37890625,99.99880981445312,2.073108196258545,3.7851686477661133,2.1247212886810303,0.00029555559740401804,1.0722970962524414,196,1702,49997.93359375,99.99581909179688,99.99934387207031,3.684748411178589,2.203949451446533,0.0016938780900090933,1.1224966049194336,199,1718,49995.4921875,99.99102020263672,99.99724578857422,3.9200079441070557,2.3871757984161377,0.0008293151622638106,1.1194593906402588,152,1564,49303.74609375,98.60755157470703,22.738216400146484,3.86948299407959,2.366220712661743,0.0005694865831173956,1.095852017402649
99,4,125000,958,9890,249920.43359375,4,205,2022,49992.55859375,99.98505401611328,99.9926528930664,3.7444229125976562,2.235898017883301,0.0017044353298842907,1.134340524673462,177,1796,49970.14453125,99.94026184082031,1.2768064737319946,3.773099899291992,2.122323513031006,0.00022081374481786042,1.048490285873413,206,2472,49968.71484375,99.93742370605469,1.2209289073944092,3.6405653953552246,2.1697998046875,0.0013491439167410135,1.111493706703186,183,2042,49994.1171875,99.98822021484375,4.203112602233887,3.9147164821624756,2.383286952972412,0.00024065017350949347,1.0535727739334106,187,1558,49994.8984375,99.9898452758789,99.99652862548828,3.857797861099243,2.3585519790649414,0.00047365663340315223,1.0532110929489136
100,4,125000,824,8675,249839.31640625,4,180,1888,49932.94140625,99.8658218383789,0.8844135403633118,3.743859052658081,2.22935152053833,0.0016902565257623792,1.161313772201538,169,1733,49998.25,99.99641418457031,36.8062744140625,3.7737178802490234,2.1300885677337646,0.00018349885067436844,1.0358437299728394,189,2090,49912.265625,99.8245620727539,7.523115634918213,3.616046667098999,2.1515750885009766,0.0018572830595076084,1.1085100173950195,135,1380,49999.0234375,99.9980239868164,26.366859436035156,3.916367769241333,2.382685899734497,0.00019893406715709716,1.0511088371276855,151,1584,49996.8359375,99.99374389648438,99.99861145019531,3.8593626022338867,2.3561763763427734,0.0003168797411490232,1.025079607963562
101,4,125000,1073,10158,249961.02734375,4,211,2176,49999.3046875,99.99848937988281,2.8103277683258057,3.7492644786834717,2.2300119400024414,0.000916841032449156,1.1503801345825195,242,2134,49993.95703125,99.98804473876953,2.5408883094787598,3.774972677230835,2.1341514587402344,0.0003208160342182964,1.0401017665863037,218,1841,49976.609375,99.95323181152344,99.93049621582031,3.6086883544921875,2.1537320613861084,0.0007277440745383501,1.0893864631652832,209,2013,49998.57421875,99.9971923828125,2.720054864883423,3.9170329570770264,2.3835833072662354,0.00016146182315424085,1.0280258655548096,193,1994,49992.58203125,99.98513793945312,1.4613423347473145,3.853663206100464,2.353060483932495,0.00046597240725532174,1.0769710540771484
102,4,125000,1056,9586,249141.38671875,4,237,2057,49991.203125,99.9823989868164,3.457277536392212,3.743891477584839,2.224536895751953,0.0015622734790667892,1.1333630084991455,219,2021,49964.109375,99.92823028564453,2.4884421825408936,3.781008243560791,2.149143695831299,0.00014189243665896356,1.0413384437561035,122,1069,49957.4453125,99.9148941040039,5.626628875732422,3.619083881378174,2.1609182357788086,0.0012275433400645852,1.1169735193252563,240,2176,49239.9609375,98.47992706298828,1.64854896068573,3.9090237617492676,2.3813977241516113,0.00023981809499673545,1.0438406467437744,238,2263,49988.66796875,99.97735595703125,2.059391736984253,3.8441953659057617,2.3482894897460938,0.0007747292402200401,1.0923848152160645
103,4,125000,705,8314,247487.125,4,127,1555,48640.671875,97.28134155273438,9.922101974487305,3.732933521270752,2.2144861221313477,0.00236760382540524,1.107814073562622,158,1758,49997.73046875,99.99543762207031,3.8879334926605225,3.7921671867370605,2.1663641929626465,0.00031831025262363255,1.0630919933319092,181,2099,48857.125,97.71424865722656,3.3983473777770996,3.60507869720459,2.1504838466644287,0.0020615290850400925,1.1723886728286743,113,1459,49995.36328125,99.99070739746094,8.68802547454834,3.9072282314300537,2.3816473484039307,0.0002983832382597029,1.0438356399536133,126,1443,49996.234375,99.99246978759766,13.166267395019531,3.8468730449676514,2.34732723236084,0.0005553126102313399,1.0543889999389648
104,4,125000,1047,9315,249629.671875,4,195,1953,49948.8203125,99.8977279663086,39.9088134765625,3.7049224376678467,2.186807155609131,0.0021255731116980314,1.1501299142837524,186,1663,49981.328125,99.96272277832031,5.085686683654785,3.7910313606262207,2.1680357456207275,0.0002809881989378482,1.0575439929962158,238,2282,49998.6328125,99.99725341796875,19.606082916259766,3.574880838394165,2.1189558506011963,0.001785786123946309,1.1040104627609253,181,1427,49733.8984375,99.46771240234375,0.21242305636405945,3.9028942584991455,2.382807493209839,0.0006052636890672147,1.0617595911026,247,1990,49966.9921875,99.93403625488281,1.6372225284576416,3.8414714336395264,2.341522216796875,0.000562052708119154,1.0824825763702393
105,4,125000,980,9366,248278.2890625,4,211,2145,49739.1875,99.4783706665039,27.58502197265625,3.7158291339874268,2.1893529891967773,0.0025375462137162685,1.219586730003357,223,2083,48773.8828125,97.54779815673828,3.4836156368255615,3.804894208908081,2.1964268684387207,0.0006377362878993154,1.0810784101486206,193,1719,49999.19921875,99.99838256835938,9.356210708618164,3.6129326820373535,2.148499011993408,0.0010074281599372625,1.0879812240600586,180,1523,49772.22265625,99.5444564819336,0.10732530057430267,3.9087560176849365,2.38718843460083,0.0003325819852761924,1.0459266901016235,173,1896,49993.796875,99.98767852783203,2.5459022521972656,3.863389253616333,2.3538763523101807,0.00039403914706781507,1.057305932044983
106,4,125000,977,8734,246672.2734375,4,212,2066,49687.546875,99.37501525878906,3.6252174377441406,3.691957712173462,2.1603517532348633,0.002029375871643424,1.1177173852920532,178,1496,49938.125,99.87622833251953,99.5193862915039,3.788127899169922,2.1924431324005127,0.0010396622819826007,1.1063059568405151,189,1698,48455.64453125,96.91130065917969,2.68247652053833,3.5660574436187744,2.115131139755249,0.0007968020508997142,1.0857760906219482,211,1904,48604.50390625,97.20905303955078,8.760817527770996,3.909437894821167,2.390378713607788,0.0003396630345378071,1.0447185039520264,187,1570,49986.453125,99.9728775024414,1.9147851467132568,3.857086658477783,2.3480496406555176,0.00044988631270825863,1.0545880794525146
107,4,125000,737,7947,246853.03125,4,125,1322,48582.0078125,97.16400909423828,2.0586907863616943,3.7050530910491943,2.166177272796631,0.0026237224228680134,1.22219717502594,156,1403,48995.26171875,97.9905776977539,28.299911499023438,3.7936553955078125,2.2228457927703857,0.0006954526761546731,1.1049610376358032,130,1558,49973.50390625,99.94700622558594,99.91093444824219,3.5909054279327393,2.130673408508301,0.0019386219792068005,1.1720225811004639,182,1911,49844.34375,99.6885986328125,10.105424880981445,3.910099506378174,2.3924546241760254,0.0002642655454110354,1.0586631298065186,144,1753,49457.9140625,98.91577911376953,2.990067720413208,3.8652215003967285,2.3504719734191895,0.0005529355839826167,1.041908621788025
108,4,125000,890,8835,247826.0625,4,189,2187,49103.45703125,98.20684051513672,9.59456729888916,3.701979398727417,2.156203508377075,0.0014012741157785058,1.1263070106506348,161,1505,49995.578125,99.99113464355469,99.9973373413086,3.7816827297210693,2.2249934673309326,0.0005598044372163713,1.0722086429595947,206,2237,49957.89453125,99.91581726074219,99.77664947509766,3.561969518661499,2.0997345447540283,0.0030313681345432997,1.1947771310806274,185,1567,48811.26953125,97.62255859375,10.34854793548584,3.9064996242523193,2.3923213481903076,7.508516137022525e-05,1.019031047821045,149,1339,49957.86328125,99.91576385498047,99.77642822265625,3.866061210632324,2.34952449798584,0.00036657569580711424,1.0804723501205444
109,4,125000,962,8893,248219.3359375,4,190,1651,49999.04296875,99.99810028076172,25.291540145874023,3.7192869186401367,2.167259693145752,0.001700558583252132,1.2407587766647339,200,1952,49998.47265625,99.99696350097656,99.9996109008789,3.787325382232666,2.2436020374298096,0.0012253450695425272,1.0976228713989258,175,1551,48608.796875,97.21758270263672,8.89195728302002,3.5871174335479736,2.1097259521484375,0.0016751073999330401,1.1339527368545532,182,1328,49941.23046875,99.88252258300781,99.56674194335938,3.911912679672241,2.3933310508728027,0.00010273456427967176,1.0311119556427002,215,2411,49671.79296875,99.3436279296875,3.1280250549316406,3.8786511421203613,2.35858154296875,0.00018252848531119525,1.046542763710022
110,4,125000,672,8429,247904.5546875,4,137,2103,49978.953125,99.95793151855469,2.4243323802948,3.7394957542419434,2.181335926055908,0.0012301206588745117,1.1544756889343262,72,554,49987.96484375,99.97594451904297,99.98131561279297,3.8016650676727295,2.2838125228881836,0.0007410573889501393,1.0843656063079834,160,2302,49992.0,99.98400115966797,1.7319475412368774,3.5731422901153564,2.0911705493927,0.0005424308474175632,1.0889273881912231,178,2304,48517.97265625,97.035888671875,5.961223125457764,3.9081289768218994,2.3937597274780273,0.0001099705696105957,1.0354002714157104,125,1166,49427.6640625,98.85533142089844,66.38166809082031,3.8705341815948486,2.3524327278137207,0.0002977418771479279,1.0565581321716309
111,4,125000,856,9317,245503.81640625,4,176,2095,49784.71484375,99.56937408447266,2.8207197189331055,3.751241683959961,2.187565565109253,0.0005420017405413091,1.0799541473388672,210,2244,49852.48046875,99.70491790771484,8.229681015014648,3.8094680309295654,2.279559850692749,0.00032709119841456413,1.0583713054656982,154,1549,47595.46484375,95.19092559814453,0.039851441979408264,3.6419966220855713,2.141716480255127,0.0007658147369511425,1.1161233186721802,197,2161,49933.9765625,99.867919921875,99.45307159423828,3.916027069091797,2.3936686515808105,9.901999874273315e-05,1.028293490409851,119,1268,48337.1796875,96.67436218261719,3.1522581577301025,3.885364294052124,2.3633553981781006,0.00032665490289218724,1.051454782485962
112,4,125000,779,8346,247677.703125,4,179,1980,48631.32421875,97.2625732421875,9.609577178955078,3.7367846965789795,2.167837381362915,0.0014158510603010654,1.0775915384292603,217,2366,49144.46875,98.28894805908203,26.069541931152344,3.790034770965576,2.273589611053467,0.0001699900603853166,1.028008222579956,67,958,49994.20703125,99.98841857910156,99.99553680419922,3.6543779373168945,2.1510491371154785,0.002717878669500351,1.1890116930007935,155,1725,49936.38671875,99.87279510498047,5.001215934753418,3.913891315460205,2.393948554992676,0.0001238632103195414,1.0292747020721436,161,1317,49971.31640625,99.94264221191406,1.614216923713684,3.8731441497802734,2.3565409183502197,0.0004054236342199147,1.038443684577942
113,4,125000,952,8467,247553.3203125,4,255,2222,49783.12109375,99.56625366210938,0.18172024190425873,3.7195379734039307,2.146991729736328,0.0006176519091241062,1.0799927711486816,81,597,49978.05859375,99.95612335205078,3.2509751319885254,3.8098015785217285,2.3080270290374756,0.00031199216027744114,1.055641531944275,243,2689,49981.984375,99.96393585205078,1.3114311695098877,3.679173707962036,2.1754775047302246,0.0016969370190054178,1.168845295906067,227,1859,48600.21875,97.20048522949219,7.817307949066162,3.910269021987915,2.3938095569610596,0.00029640435241162777,1.0602816343307495,146,1100,49209.9375,98.41989135742188,45.811824798583984,3.8741698265075684,2.360952615737915,0.0003617858747020364,1.0633814334869385
114,4,125000,1036,10246,246912.93359375,4,255,2717,49036.03515625,98.07207489013672,31.285547256469727,3.725376605987549,2.158579111099243,0.0013928652042523026,1.137117624282837,175,1855,48826.6484375,97.65326690673828,4.676694869995117,3.782132148742676,2.283024311065674,0.00027501105796545744,1.0638145208358765,225,2136,49064.6875,98.1294174194336,5.9500322341918945,3.706939935684204,2.2010061740875244,0.0011477827792987227,1.0785183906555176,203,1838,49992.84375,99.98563385009766,5.636529922485352,3.9121763706207275,2.394636869430542,9.735584171721712e-05,1.03463876247406,178,1700,49992.71875,99.98538208007812,3.6883938312530518,3.879042863845825,2.3663687705993652,0.00036198378074914217,1.0713905096054077
115,4,125000,1096,10646,247371.5546875,4,220,1967,48936.3984375,97.87273406982422,3.6553683280944824,3.722410202026367,2.164216995239258,0.0007469487027265131,1.072150468826294,260,2526,49989.38671875,99.97877502441406,2.7535815238952637,3.747408628463745,2.2632176876068115,0.000775806896854192,1.0643665790557861,196,2206,49347.859375,98.6958236694336,35.50129318237305,3.70173716545105,2.196234941482544,0.0018623112700879574,1.1004796028137207,202,1800,49123.42578125,98.24678802490234,3.70009446144104,3.9069619178771973,2.3943705558776855,0.00016505479288753122,1.028235673904419,218,2147,49974.484375,99.94896697998047,2.980532169342041,3.873753547668457,2.3643100261688232,0.0002865886490326375,1.0386847257614136
116,4,125000,989,8420,249265.6015625,4,216,1711,49813.1640625,99.62632751464844,95.72129821777344,3.7242214679718018,2.1763076782226562,0.0009549355017952621,1.0913763046264648,161,1270,49996.17578125,99.99224853515625,99.99794006347656,3.7516698837280273,2.2557568550109863,0.0014833378372713923,1.1131432056427002,208,2179,49700.49609375,99.4010009765625,0.6778125166893005,3.752981424331665,2.245652914047241,0.0004019355692435056,1.0746538639068604,205,1769,49994.8828125,99.98970794677734,99.99642944335938,3.911513566970825,2.394395351409912,4.149436790612526e-05,1.0193736553192139,199,1491,49760.8828125,99.52184295654297,93.0927734375,3.889451742172241,2.373175859451294,0.0003653621533885598,1.0555776357650757
117,4,125000,837,8767,248836.921875,4,160,1849,49970.75,99.94153594970703,1.6011137962341309,3.7047502994537354,2.1643741130828857,0.0017559312982484698,1.1741968393325806,141,1496,49996.58203125,99.9931640625,4.757429599761963,3.693535327911377,2.214733362197876,0.002118840115144849,1.203553557395935,174,1894,49993.09765625,99.98619842529297,3.2208807468414307,3.7136895656585693,2.2195892333984375,0.00022671699116472155,1.0510553121566772,178,1795,49995.03125,99.9900894165039,10.355555534362793,3.8961498737335205,2.3919966220855713,0.00011721849296009168,1.0244296789169312,184,1733,48881.4609375,97.76293182373047,5.369075775146484,3.875624418258667,2.365292549133301,0.00043981074122712016,1.0708277225494385
118,4,125000,695,6588,249417.328125,4,178,1463,49999.62890625,99.99927520751953,22.867204666137695,3.696345806121826,2.1619014739990234,0.0012607740936800838,1.1610230207443237,186,2032,49968.1015625,99.93619537353516,3.2124640941619873,3.7000341415405273,2.2008728981018066,0.0012865853495895863,1.0623399019241333,140,1315,49995.109375,99.99022674560547,7.264780044555664,3.7532060146331787,2.258744716644287,0.00019520282512530684,1.0396406650543213,111,948,49466.1171875,98.93225860595703,70.00920104980469,3.910764694213867,2.393695116043091,0.00018766878929454833,1.055922508239746,80,830,49988.37109375,99.9767837524414,99.98257446289062,3.8938779830932617,2.3751044273376465,0.0004623794520739466,1.0752966403961182
119,4,125000,719,7704,244236.5234375,4,142,1429,49984.71875,99.96941375732422,99.97000885009766,3.686201810836792,2.1581645011901855,0.0005037450464442372,1.1067707538604736,197,2068,48095.80078125,96.19161224365234,0.5529075860977173,3.656694173812866,2.1441078186035156,0.0025540567003190517,1.1295894384384155,122,1284,48403.38671875,96.80674743652344,4.128283500671387,3.7544939517974854,2.265674352645874,0.0008727574022486806,1.1141213178634644,138,1526,49806.46875,99.61298370361328,95.41786193847656,3.909008741378784,2.393195629119873,0.00017101287085097283,1.0330671072006226,120,1397,47946.1484375,95.89228057861328,0.06522602587938309,3.8923895359039307,2.374119758605957,0.0003118109598290175,1.0945595502853394
120,4,125000,844,8290,246109.9140625,4,176,1916,48671.3203125,97.34261322021484,10.998114585876465,3.6855952739715576,2.1618804931640625,0.0006510805687867105,1.1112260818481445,162,1738,49974.19921875,99.94835662841797,2.3677148818969727,3.6546666622161865,2.1158690452575684,0.0012408256297931075,1.1041897535324097,130,1040,48454.421875,96.90886688232422,2.844090461730957,3.7897708415985107,2.2948362827301025,0.001360568916425109,1.135198712348938,189,1721,49997.203125,99.99431610107422,19.996503829956055,3.9112114906311035,2.3931639194488525,0.00011989592894678935,1.0363744497299194,187,1875,49012.76953125,98.02556610107422,29.559894561767578,3.8965542316436768,2.376429796218872,0.00014244318299461156,1.045255184173584
121,4,125000,1088,9926,246157.265625,4,247,2306,48911.82421875,97.82369995117188,5.096020698547363,3.683258533477783,2.165802478790283,0.0005782079533673823,1.0890982151031494,236,2117,49776.96484375,99.55400085449219,93.96260070800781,3.543142557144165,2.000016689300537,0.0007321262382902205,1.05597984790802,198,1709,49999.26171875,99.99864196777344,84.12726593017578,3.749021530151367,2.2693862915039062,0.0017607735935598612,1.126347303390503,201,2025,49010.5,98.02105712890625,12.31419849395752,3.8922808170318604,2.3895840644836426,0.00036747453850694,1.0650255680084229,206,1769,48458.71484375,96.91748809814453,4.4716315269470215,3.8767645359039307,2.365488290786743,0.0006827759789302945,1.0782828330993652
122,4,125000,859,8041,248001.67578125,4,147,1629,49987.5859375,99.97517395019531,99.98011779785156,3.690239191055298,2.167482376098633,0.0004157876828685403,1.0703834295272827,201,2239,48452.0703125,96.90409851074219,2.735121965408325,3.643375873565674,2.061511754989624,0.00044921159860678017,1.0896836519241333,184,1545,49926.5078125,99.85299682617188,1.555533766746521,3.820568799972534,2.3235509395599365,0.0007628226303495467,1.097640037536621,141,1123,49639.27734375,99.27857208251953,84.97349548339844,3.9154365062713623,2.394164562225342,5.660772148985416e-05,1.0161546468734741,186,1505,49996.234375,99.99256134033203,9.232420921325684,3.902326822280884,2.3799338340759277,0.00018638848268892616,1.043462872505188
123,4,125000,1093,10105,249608.5,4,226,2165,49984.08203125,99.96810913085938,2.01971435546875,3.690558910369873,2.166860818862915,0.0007974314503371716,1.1166428327560425,221,2337,49638.296875,99.27656555175781,41.50395584106445,3.6304638385772705,2.032857894897461,0.0005707502132281661,1.0681238174438477,233,1876,49990.015625,99.97998809814453,99.98701477050781,3.8077070713043213,2.315143346786499,0.0001951360609382391,1.0658445358276367,216,1875,49998.796875,99.9975814819336,2.6891677379608154,3.9045512676239014,2.3908920288085938,0.0001549959124531597,1.0466636419296265,197,1852,49997.30859375,99.99458312988281,99.99893951416016,3.8946690559387207,2.375323534011841,8.312463614856824e-05,1.0275813341140747
124,4,125000,896,8376,249048.98828125,4,172,1762,49958.90625,99.91778564453125,28.2748966217041,3.6772825717926025,2.165055274963379,0.0010102129308506846,1.1057279109954834,173,1585,49997.49609375,99.99498748779297,1.859567642211914,3.6294994354248047,2.0133116245269775,0.0011969589395448565,1.1132701635360718,210,2114,49976.32421875,99.95262145996094,0.9236617088317871,3.7944982051849365,2.3061044216156006,0.0003922033356502652,1.0926697254180908,171,1470,49123.4296875,98.24687194824219,38.25490188598633,3.904100179672241,2.39054536819458,0.0002826642885338515,1.072801947593689,170,1445,49992.83203125,99.98564910888672,99.9931869506836,3.8877367973327637,2.3706915378570557,0.0003183221851941198,1.0561132431030273
125,4,125000,1104,10490,245322.7578125,4,270,2115,48201.9765625,96.40399169921875,1.7563605308532715,3.6562047004699707,2.1566238403320312,0.0012978458544239402,1.0828728675842285,244,2307,49352.5625,98.70520782470703,4.884367942810059,3.618044376373291,1.9915368556976318,0.0006614017183892429,1.0780587196350098,205,2272,47825.40234375,95.65081787109375,0.03373038023710251,3.7728404998779297,2.292936086654663,0.0005593204405158758,1.0986104011535645,185,1901,49945.234375,99.8904800415039,99.6231460571289,3.892418146133423,2.3853907585144043,0.00041092155152000487,1.0720211267471313,200,1895,49997.58203125,99.9951400756836,99.99913024902344,3.871394634246826,2.359278440475464,0.0015785789582878351,1.1250252723693848
126,4,125000,929,9109,248647.4375,4,109,1278,49935.578125,99.87117767333984,0.94517582654953,3.677219867706299,2.1777827739715576,0.001781113096512854,1.1802763938903809,151,1530,49834.0546875,99.66810607910156,12.012527465820312,3.641447067260742,2.0020060539245605,0.0031285476870834827,1.1737656593322754,209,2109,49744.44140625,99.48889923095703,5.687291145324707,3.7877938747406006,2.30363392829895,0.00023903131659608334,1.0341888666152954,228,1822,49981.515625,99.96315002441406,2.2903363704681396,3.905416250228882,2.3887228965759277,0.00014447449939325452,1.0329327583312988,232,2370,49151.84765625,98.30374908447266,40.67423629760742,3.8719260692596436,2.356396436691284,0.0009274363401345909,1.0617256164550781
127,4,125000,1017,10135,248410.29296875,4,216,2403,49997.0078125,99.99394989013672,9.1079683303833,3.647634267807007,2.1568312644958496,0.001542916288599372,1.1324089765548706,248,2752,49993.828125,99.9876708984375,7.10437536239624,3.5954930782318115,1.9136431217193604,0.0028628730215132236,1.1960867643356323,203,1713,49340.59765625,98.68123626708984,57.204505920410156,3.7867376804351807,2.302974224090576,0.00026484011323191226,1.0506829023361206,180,1517,49598.15234375,99.19630432128906,8.944618225097656,3.9012718200683594,2.385667324066162,0.00020518063683994114,1.0366783142089844,170,1750,49480.70703125,98.96138000488281,30.094505310058594,3.8596317768096924,2.3464272022247314,0.0012040233705192804,1.1532926559448242
128,4,125000,1068,9801,249666.8984375,4,209,1944,49695.37890625,99.39071655273438,33.8438720703125,3.646157741546631,2.151017189025879,0.001156370621174574,1.104332685470581,218,2208,49997.84765625,99.9957046508789,19.259445190429688,3.573908567428589,1.839660882949829,0.001978413900360465,1.1532354354858398,204,1950,49975.88671875,99.9517593383789,75.63865661621094,3.7950408458709717,2.3085200786590576,0.0003729438758455217,1.0841928720474243,201,1723,49998.328125,99.99673461914062,17.346336364746094,3.911607503890991,2.389085054397583,0.0001833772548707202,1.0390889644622803,236,1976,49999.45703125,99.99889373779297,17.39617347717285,3.8515498638153076,2.338611602783203,0.0009213995654135942,1.0882759094238281
129,4,125000,593,6738,248019.53125,4,102,1009,49988.5703125,99.97716522216797,99.983154296875,3.686981201171875,2.172800302505493,0.001953685190528631,1.1718828678131104,103,1237,48052.4296875,96.10482788085938,0.8718264102935791,3.503770112991333,1.7422152757644653,0.0014974975492805243,1.1191532611846924,149,1937,49995.90625,99.99177551269531,6.584324836730957,3.7572154998779297,2.281078338623047,0.00039849517634138465,1.0662816762924194,135,1560,49985.9296875,99.97183990478516,1.703832745552063,3.8982365131378174,2.3849234580993652,0.00019357680866960436,1.0328810214996338,104,995,49996.6953125,99.99340057373047,3.912414312362671,3.8210198879241943,2.3157241344451904,0.0012399934930726886,1.1305891275405884
130,4,125000,1087,10166,247177.32421875,4,244,2353,49979.8125,99.95951080322266,1.441616415977478,3.631326198577881,2.118901014328003,0.00262636411935091,1.169106125831604,211,1824,48941.8125,97.88367462158203,24.655433654785156,3.5033867359161377,1.7348226308822632,0.0009343385463580489,1.0981191396713257,184,1645,48295.3203125,96.5906982421875,2.548463821411133,3.7711803913116455,2.2897491455078125,0.00041262625018134713,1.0746066570281982,222,2095,49978.94140625,99.95789337158203,2.438075542449951,3.9070539474487305,2.3873958587646484,0.00037273645284585655,1.089024543762207,226,2249,49981.4375,99.96293640136719,1.6840697526931763,3.830497980117798,2.323504686355591,0.00014970064512453973,1.0371559858322144
131,4,125000,972,10184,249422.42578125,4,191,1894,49991.39453125,99.9827651977539,99.99030303955078,3.595499277114868,2.101154327392578,0.0029879044741392136,1.1951186656951904,208,2570,49958.6171875,99.91720581054688,99.78392791748047,3.4619479179382324,1.6906160116195679,0.0007883334183134139,1.0945569276809692,202,2366,49971.37109375,99.94265747070312,5.848996162414551,3.7555696964263916,2.2778091430664062,0.00033406494185328484,1.0547504425048828,156,1342,49977.328125,99.95464324951172,99.93460083007812,3.9029455184936523,2.386049747467041,0.0002067351306322962,1.0436444282531738,215,2012,49523.71484375,99.04739379882812,75.2900390625,3.82332444190979,2.3248889446258545,0.0011636042036116123,1.0867959260940552
132,4,125000,748,7981,247749.37109375,4,177,2270,49923.2421875,99.84644317626953,1.0453728437423706,3.541477680206299,2.083441734313965,0.005749034695327282,1.2121546268463135,95,1132,49210.78515625,98.42152404785156,45.88594055175781,3.539724349975586,1.7903103828430176,0.0008983540465123951,1.0991008281707764,168,2053,49974.5,99.9489974975586,99.91740417480469,3.783186912536621,2.294466733932495,0.0004132938338443637,1.0986889600753784,144,1004,49896.296875,99.79261779785156,68.77176666259766,3.90661358833313,2.387277126312256,0.0007479095365852118,1.0834906101226807,164,1522,48744.546875,97.48912811279297,13.766861915588379,3.852696180343628,2.350162982940674,0.0010706448229029775,1.1184861660003662
133,4,125000,752,9140,248880.4609375,4,139,1979,49984.72265625,99.96942901611328,70.28773498535156,3.477959632873535,2.0605645179748535,0.0038625048473477364,1.2522276639938354,170,2304,49990.984375,99.98197937011719,3.5471956729888916,3.5574140548706055,1.8273811340332031,0.002538378117606044,1.1612284183502197,143,1682,49995.03125,99.99004364013672,39.339298248291016,3.7768588066101074,2.2883691787719727,0.0006695914198644459,1.0957083702087402,171,1807,49581.77734375,99.16348266601562,27.84980583190918,3.9075844287872314,2.38759446144104,0.0004680061247199774,1.0424572229385376,129,1368,49327.9453125,98.65587615966797,56.84028625488281,3.8621251583099365,2.3597090244293213,0.0007777404389344156,1.0730071067810059
134,4,125000,745,9232,249224.3515625,4,173,2223,49772.9296875,99.5458984375,2.6534268856048584,3.438419818878174,2.040740966796875,0.0018211721908301115,1.1228084564208984,108,1240,49990.65234375,99.98128509521484,99.98857879638672,3.546596050262451,1.8820736408233643,0.0018889927305281162,1.1384822130203247,145,2011,49468.6484375,98.93743133544922,70.25111389160156,3.7463386058807373,2.2661707401275635,0.0004539442015811801,1.0745421648025513,150,1849,49994.73046875,99.989501953125,70.48287200927734,3.8901021480560303,2.3810369968414307,0.00046203372767195106,1.0581175088882446,169,1909,49997.390625,99.9947738647461,1.8554418087005615,3.853713035583496,2.3580591678619385,0.000290589319774881,1.0516659021377563
135,4,125000,932,8681,248519.9140625,4,219,1945,49358.35546875,98.71672058105469,59.75289535522461,3.384289503097534,2.0151405334472656,0.0015438675181940198,1.1040849685668945,223,2130,49199.1640625,98.3982925415039,44.837894439697266,3.4498510360717773,1.8050084114074707,0.0016820335295051336,1.1340348720550537,163,1382,49979.00390625,99.95795440673828,99.94373321533203,3.6964714527130127,2.2378664016723633,0.001289258012548089,1.132372260093689,163,1722,49988.4140625,99.97689819335938,2.017091751098633,3.8717033863067627,2.3760721683502197,0.000512163620442152,1.0641169548034668,164,1502,49994.9765625,99.989990234375,57.28648376464844,3.8345069885253906,2.3498361110687256,0.00044039011118002236,1.0847705602645874
136,4,125000,676,8230,249936.73828125,4,160,2299,49971.921875,99.94390869140625,2.2383534908294678,3.3546524047851562,1.9986138343811035,0.0024321579840034246,1.1511645317077637,190,2543,49995.84765625,99.99166107177734,21.045421600341797,3.4857845306396484,1.8633898496627808,0.001216433010995388,1.1362985372543335,107,1078,49993.6484375,99.98728942871094,35.43125534057617,3.696587324142456,2.2372775077819824,0.0009423518204130232,1.0968343019485474,125,1444,49976.2890625,99.95266723632812,99.92880249023438,3.8766965866088867,2.3771071434020996,0.0005324935773387551,1.06100594997406,94,866,49999.03125,99.99805450439453,99.99983978271484,3.857119083404541,2.3591532707214355,0.000485649099573493,1.1033636331558228
137,4,125000,894,9507,248029.83203125,4,201,2450,49993.69140625,99.98739624023438,99.99469757080078,3.309809446334839,1.973138689994812,0.0015194391598924994,1.1765700578689575,202,2245,49996.11328125,99.9922866821289,1.2055203914642334,3.502403497695923,1.882128119468689,0.0012390160700306296,1.1261513233184814,161,1674,49984.77734375,99.96954345703125,99.97026824951172,3.683074951171875,2.227816343307495,0.0007419728790409863,1.0961881875991821,151,1289,49584.05078125,99.1681137084961,0.1202789917588234,3.8794126510620117,2.3775875568389893,0.00027685880195349455,1.0524671077728271,179,1849,48471.19921875,96.94239807128906,3.9184415340423584,3.867128849029541,2.3622233867645264,0.0005335259484127164,1.0508984327316284
138,4,125000,996,9732,248857.79296875,4,220,2518,49938.921875,99.87786102294922,1.6146513223648071,3.309196710586548,1.9656718969345093,0.0014736795565113425,1.097102403640747,130,1219,49909.48828125,99.81900024414062,98.97692108154297,3.586735248565674,1.9716662168502808,0.0030139803420752287,1.2140097618103027,249,2508,49012.8125,98.02552795410156,29.558801651000977,3.687391996383667,2.236844539642334,0.0003388118639122695,1.0630298852920532,188,1386,49999.35546875,99.99873352050781,2.271671772003174,3.876479387283325,2.37778902053833,0.0003695845662150532,1.102613091468811,209,2101,49997.21484375,99.99443054199219,22.530778884887695,3.872258186340332,2.3641324043273926,0.0007590365130454302,1.1350849866867065
139,4,125000,765,8173,249797.515625,4,211,2676,49994.46875,99.98892211914062,8.865520477294922,3.2955522537231445,1.9423060417175293,0.0017900203820317984,1.1040725708007812,126,1325,49990.9453125,99.9819107055664,3.962491512298584,3.6197710037231445,2.00026273727417,0.0034869860392063856,1.2465156316757202,144,1416,49862.60546875,99.72525024414062,27.106964111328125,3.672245979309082,2.2257633209228516,0.0006958460435271263,1.0844080448150635,151,1353,49998.84765625,99.99772644042969,3.7664504051208496,3.8711321353912354,2.37752103805542,0.00032413244480267167,1.047701120376587,133,1403,49950.6484375,99.90123748779297,65.54169464111328,3.871253490447998,2.3635942935943604,0.0003634071326814592,1.0523852109909058
140,4,125000,927,9021,247703.0703125,4,187,1798,48438.0703125,96.87612915039062,4.7342705726623535,3.2705681324005127,1.9351704120635986,0.0034689689055085182,1.234085202217102,210,2446,49998.7890625,99.99757385253906,4.7868571281433105,3.681277275085449,2.080923318862915,0.005240473430603743,1.2149027585983276,213,1985,49529.7890625,99.05956268310547,66.078857421875,3.6840715408325195,2.236435651779175,0.0004553270118776709,1.0789458751678467,161,1419,49762.62109375,99.5252456665039,0.25699514150619507,3.87652850151062,2.3793115615844727,0.0002709078835323453,1.0534199476242065,156,1373,49973.80078125,99.94762420654297,1.8637561798095703,3.879371166229248,2.368006467819214,0.00011991977225989103,1.0392743349075317
141,4,125000,959,9266,248585.84375,4,200,1896,49996.40625,99.9928207397461,2.151758909225464,3.2119908332824707,1.9157273769378662,0.004622227977961302,1.235347867012024,158,1525,49990.140625,99.98025512695312,99.98733520507812,3.659058094024658,2.095682382583618,0.0033495044335722923,1.290848970413208,186,2013,49996.1640625,99.99238586425781,14.996947288513184,3.5832338333129883,2.182044267654419,0.0018884968012571335,1.121938943862915,179,1523,48606.9453125,97.21388244628906,7.843613147735596,3.851990222930908,2.374112129211426,0.0003516435681376606,1.0632039308547974,236,2309,49996.1875,99.99234008789062,1.376612663269043,3.857070207595825,2.3547542095184326,0.0004082369850948453,1.0737957954406738
142,4,125000,924,9545,248872.80859375,4,202,2217,49982.7109375,99.9653091430664,1.7978025674819946,3.169219970703125,1.917529821395874,0.004859862383455038,1.2472293376922607,174,1829,49997.296875,99.99459075927734,4.472125053405762,3.6888766288757324,2.133948564529419,0.0003779411199502647,1.0521396398544312,192,1976,49248.828125,98.4976806640625,49.377593994140625,3.5755889415740967,2.175687789916992,0.001681287307292223,1.120179295539856,187,2043,49652.48046875,99.30499267578125,85.97364807128906,3.868586301803589,2.3756613731384277,0.0003340172697789967,1.0441442728042603,169,1480,49991.4921875,99.98295593261719,4.381516933441162,3.876520872116089,2.3644461631774902,0.00019311666255816817,1.0486037731170654
143,4,125000,977,8837,247879.08984375,4,233,2104,49850.3046875,99.70065307617188,97.2312240600586,3.147947311401367,1.8991445302963257,0.0063233207911252975,1.2283997535705566,193,1750,48921.24609375,97.842529296875,15.89597225189209,3.6812877655029297,2.123013496398926,0.0005401372909545898,1.050957441329956,112,958,49999.1171875,99.99824523925781,30.489011764526367,3.5572566986083984,2.172412633895874,0.0007181191467680037,1.0667428970336914,240,2381,49998.8515625,99.99767303466797,11.451573371887207,3.864842653274536,2.3740463256835938,0.00020574330119416118,1.0405819416046143,199,1644,49109.5703125,98.21915435791016,37.101470947265625,3.8677306175231934,2.35939621925354,0.00039300203206948936,1.072515606880188
144,4,125000,732,8919,249071.8515625,4,86,1021,49976.8671875,99.9537353515625,99.93196868896484,3.245464324951172,1.9456892013549805,0.003825831227004528,1.2167433500289917,105,1242,49995.984375,99.99195861816406,4.166740894317627,3.70656418800354,2.148851156234741,0.0005780458450317383,1.0805511474609375,193,2553,49993.37890625,99.98677825927734,10.864715576171875,3.529181957244873,2.158356189727783,0.0017616032855585217,1.1502901315689087,171,2137,49109.3359375,98.21864318847656,37.08001708984375,3.8682737350463867,2.3729665279388428,0.00030341625097207725,1.0418843030929565,177,1966,49996.28515625,99.99254608154297,7.043447971343994,3.869255781173706,2.3613979816436768,0.00022121428628452122,1.034354567527771
145,4,125000,902,9947,248115.49609375,4,206,2587,49981.9140625,99.96376037597656,3.7829978466033936,3.17046856880188,1.8993146419525146,0.0021089862566441298,1.2125084400177002,155,1800,49102.2421875,98.20447540283203,12.84665298461914,3.721189260482788,2.150377035140991,0.0005152439698576927,1.0739693641662598,188,1905,49992.921875,99.98587036132812,14.124358177185059,3.571152925491333,2.1762681007385254,0.0014518904499709606,1.1015537977218628,164,1724,49044.25,98.08854675292969,31.91046714782715,3.8837640285491943,2.3780314922332764,0.0003122854104731232,1.0468767881393433,189,1931,49994.16796875,99.98831939697266,10.150078773498535,3.889209747314453,2.3737001419067383,0.00024732350721023977,1.0380668640136719
146,4,125000,931,9075,247673.92578125,4,198,1863,48546.703125,97.09336853027344,6.249803066253662,3.160846710205078,1.8922133445739746,0.004156057722866535,1.2127212285995483,204,1930,49939.65625,99.87934112548828,99.5430679321289,3.6913609504699707,2.1222734451293945,0.0003056979039683938,1.058144450187683,187,1782,49930.8359375,99.86164093017578,99.40010833740234,3.5431573390960693,2.159618377685547,0.0019825624767690897,1.156457543373108,171,1740,49998.75390625,99.99750518798828,29.10686492919922,3.8680131435394287,2.373502731323242,0.0005351996514946222,1.1122581958770752,171,1760,49257.9765625,98.51595306396484,50.226539611816406,3.8752098083496094,2.368220329284668,0.0004783916228916496,1.1045128107070923
147,4,125000,761,9130,248036.6171875,4,145,1689,49993.09765625,99.98617553710938,99.9936752319336,3.110168933868408,1.874599814414978,0.0028779529966413975,1.1439074277877808,194,2438,48289.609375,96.5791244506836,0.2505381107330322,3.702249765396118,2.143429756164551,0.0010532832238823175,1.10975182056427,175,1886,49973.5625,99.9471664428711,0.6308756470680237,3.569147825241089,2.161539077758789,0.003393311519175768,1.2117576599121094,114,1105,49801.1796875,99.60235595703125,8.509971618652344,3.868154287338257,2.37251877784729,0.001173472381196916,1.1412323713302612,133,2012,49979.16796875,99.95832824707031,99.94471740722656,3.882746696472168,2.3729465007781982,0.0005575752002187073,1.0847736597061157
148,4,125000,757,7816,249268.0078125,4,202,2350,49974.82421875,99.94963836669922,1.9358482360839844,3.0565667152404785,1.878106951713562,0.0021819709800183773,1.149694561958313,113,1212,49671.49609375,99.34294128417969,4.164404392242432,3.7271416187286377,2.1983416080474854,0.0016753911040723324,1.1441256999969482,175,1551,49634.02734375,99.26815795898438,84.34334564208984,3.5556893348693848,2.1376259326934814,0.003219902515411377,1.2495787143707275,88,818,49993.81640625,99.98767852783203,99.99495697021484,3.856276750564575,2.3645033836364746,0.0008617496350780129,1.0774574279785156,179,1885,49993.84375,99.98772430419922,4.353232383728027,3.8807945251464844,2.37202787399292,0.0003241538943257183,1.0637531280517578
149,4,125000,851,8717,246564.84765625,4,153,1528,49994.109375,99.98825073242188,99.99537658691406,3.0634448528289795,1.9161226749420166,0.0017802476650103927,1.1396175622940063,190,1855,49976.6484375,99.95333862304688,99.9307861328125,3.767603635787964,2.2364556789398193,0.0015583443455398083,1.1097021102905273,209,2313,47272.90234375,94.54583740234375,0.009164639748632908,3.616640567779541,2.1621804237365723,0.00042768477578647435,1.051745057106018,161,1658,49375.34765625,98.75069427490234,5.370020389556885,3.8729350566864014,2.3587732315063477,0.0007313871174119413,1.0990887880325317,138,1363,49945.83984375,99.89158630371094,99.63069915771484,3.900299549102783,2.381112813949585,3.938913141610101e-05,1.0165690183639526
150,4,125000,873,8499,249730.32421875,4,163,1749,49997.67578125,99.9953842163086,5.674774169921875,3.048967123031616,1.9190658330917358,0.003150694305077195,1.234247088432312,156,1464,49972.82421875,99.94564819335938,73.30142211914062,3.7909300327301025,2.2671895027160645,0.0009204435045830905,1.0729186534881592,178,1890,49984.6640625,99.96937561035156,2.135823965072632,3.6343910694122314,2.171996831893921,0.0008001637179404497,1.0735260248184204,212,2283,49778.24609375,99.55647277832031,0.027339380234479904,3.872058868408203,2.3528759479522705,0.0003591227577999234,1.0400992631912231,164,1113,49996.9140625,99.99382781982422,99.99866485595703,3.9032397270202637,2.382297992706299,6.56008705846034e-05,1.0256378650665283
