episode,seed,steps,total_clicks,total_wins,total_cost,ppo_epochs_run,clicks_1458,wins_1458,cost_1458,util_1458,lambda_1458,ent_thr_1458,ent_res_1458,kl_1458,ratio_max_1458,clicks_2259,wins_2259,cost_2259,util_2259,lambda_2259,ent_thr_2259,ent_res_2259,kl_2259,ratio_max_2259,clicks_3386,wins_3386,cost_3386,util_3386,lambda_3386,ent_thr_3386,ent_res_3386,kl_3386,ratio_max_3386,clicks_2997,wins_2997,cost_2997,util_2997,lambda_2997,ent_thr_2997,ent_res_2997,kl_2997,ratio_max_2997,clicks_3476,wins_3476,cost_3476,util_3476,lambda_3476,ent_thr_3476,ent_res_3476,kl_3476,ratio_max_3476
1,2,125000,654,6997,249965.71484375,4,178,1876,49996.9765625,99.99397277832031,15.973698616027832,3.9317474365234375,2.3977415561676025,0.0007318210555240512,1.080992341041565,156,1682,49996.8828125,99.99371337890625,14.14450454711914,3.9317290782928467,2.3977596759796143,0.0008893131744116545,1.0835763216018677,77,862,49989.9140625,99.97982788085938,99.98676300048828,3.931720495223999,2.3977158069610596,0.0007182502304203808,1.0863507986068726,94,1060,49995.40625,99.99082946777344,99.99713897705078,3.931729316711426,2.3977131843566895,0.0009210181306116283,1.0755735635757446,149,1517,49986.53515625,99.97307586669922,4.0400166511535645,3.931730270385742,2.3977773189544678,0.0005706286174245179,1.0644259452819824
2,2,125000,843,9000,247983.12109375,4,152,1286,49995.875,99.9917221069336,99.99761962890625,3.931356191635132,2.396986484527588,0.00047240254934877157,1.0669326782226562,192,2145,49632.62109375,99.26528930664062,3.1723294258117676,3.9312744140625,2.397225856781006,0.00034265517024323344,1.080031394958496,147,1741,48373.8984375,96.747802734375,3.666022777557373,3.9312357902526855,2.39687442779541,0.000400705321226269,1.0587594509124756,206,2202,49994.2421875,99.98845672607422,3.396655797958374,3.9313061237335205,2.3967413902282715,0.0004886102396994829,1.061713457107544,146,1626,49986.484375,99.97294616699219,99.9764404296875,3.931325674057007,2.3972420692443848,0.00040673970943316817,1.0549410581588745
3,2,125000,959,9111,249772.57421875,4,186,1619,49922.578125,99.84518432617188,99.25003051757812,3.930781841278076,2.396124839782715,0.00037983417860232294,1.0553406476974487,178,1816,49878.20703125,99.75653076171875,0.37680429220199585,3.9306914806365967,2.3968276977539062,0.00023032187891658396,1.0672969818115234,214,2098,49974.890625,99.94979095458984,1.4711719751358032,3.930500030517578,2.395703077316284,0.0005088710458949208,1.064399003982544,177,1777,49999.1640625,99.99827575683594,99.9998550415039,3.930723190307617,2.3953065872192383,0.0003801393322646618,1.0544543266296387,204,1801,49997.734375,99.99555206298828,7.717597961425781,3.9307286739349365,2.396880865097046,0.00017463206313550472,1.0413916110992432
4,2,125000,838,8760,247512.95703125,4,121,1157,49035.30078125,98.07063293457031,26.314844131469727,3.9307048320770264,2.3963851928710938,0.0001528334541944787,1.0378183126449585,138,1308,49730.09375,99.46022033691406,4.08597993850708,3.9306280612945557,2.3971798419952393,0.00018035888206213713,1.0438246726989746,170,1908,48784.4609375,97.56888580322266,15.761947631835938,3.9301412105560303,2.395538806915283,0.00041931867599487305,1.066235899925232,241,2617,49993.7578125,99.98750305175781,66.49657440185547,3.930454730987549,2.395379066467285,0.00016028164827730507,1.037106990814209,168,1770,49969.34375,99.93862915039062,21.849214553833008,3.9306609630584717,2.3972930908203125,0.00015341280959546566,1.0417084693908691
5,2,125000,998,8997,247949.68359375,4,184,1880,49242.90234375,98.4858169555664,48.827579498291016,3.9296560287475586,2.3949360847473145,0.00024888754705898464,1.0557925701141357,254,2220,48741.4609375,97.48294067382812,13.799849510192871,3.9297783374786377,2.3964877128601074,0.00019405603234190494,1.0407462120056152,203,1888,49983.6015625,99.96724700927734,99.96564483642578,3.9280598163604736,2.3923120498657227,0.00039305686368606985,1.0693295001983643,174,1599,49989.76953125,99.97945404052734,1.0093344449996948,3.9289350509643555,2.39259672164917,0.00038945197593420744,1.0574249029159546,183,1410,49991.94921875,99.98384857177734,99.99140930175781,3.9297006130218506,2.396698236465454,0.00028990983264520764,1.0753166675567627
6,2,125000,1068,9327,248164.63671875,4,209,1826,49973.80078125,99.94766235351562,1.4934061765670776,3.929258346557617,2.3948686122894287,0.00014973878569435328,1.0429072380065918,193,1792,49975.421875,99.95084381103516,5.233901500701904,3.9298784732818604,2.396477699279785,7.651328633073717e-05,1.0279297828674316,208,1890,49963.58984375,99.92717742919922,58.93779373168945,3.9274306297302246,2.392258882522583,0.00010585069685475901,1.0285446643829346,203,1704,49515.44140625,99.03094482421875,67.36873626708984,3.9283714294433594,2.3925790786743164,0.0003244852996431291,1.0651648044586182,255,2115,48736.3828125,97.47280883789062,2.343716859817505,3.9295568466186523,2.396549701690674,0.00015948056534398347,1.040292739868164
7,2,125000,766,8655,248960.1875,4,160,2057,49985.2734375,99.9705581665039,5.177216529846191,3.9283628463745117,2.3942036628723145,0.0001999568921746686,1.051151990890503,183,2052,49979.25,99.95846557617188,3.3464667797088623,3.929532289505005,2.3960790634155273,0.00013389348168857396,1.0344409942626953,169,1891,49992.9140625,99.98582458496094,5.576138019561768,3.925358295440674,2.389814615249634,0.00036092757363803685,1.0633028745651245,107,1137,49007.328125,98.0146484375,29.16321563720703,3.927241802215576,2.3915727138519287,0.00040735959191806614,1.0817095041275024,147,1518,49995.421875,99.99091339111328,99.9971694946289,3.92887282371521,2.3960392475128174,0.00011580467253224924,1.0308985710144043
8,2,125000,818,8477,249033.5078125,4,173,1703,49177.5234375,98.35503387451172,27.082046508789062,3.9284634590148926,2.3947720527648926,0.0001692843361524865,1.027191400527954,158,1559,49961.859375,99.92372131347656,99.81640625,3.929581880569458,2.395954132080078,0.00011928796448046342,1.0350645780563354,138,1236,49938.6015625,99.87718200683594,99.52672576904297,3.924919843673706,2.389840841293335,0.00018412350618746132,1.0325376987457275,159,1733,49992.8359375,99.98568725585938,3.3399038314819336,3.9264354705810547,2.391340970993042,0.00022167204588185996,1.0396456718444824,190,2246,49962.6875,99.9253921508789,99.8243408203125,3.928650140762329,2.395803213119507,0.00017512559134047478,1.031386375427246
9,2,125000,662,7507,248863.203125,4,166,1743,49993.56640625,99.98719787597656,4.730355262756348,3.928358793258667,2.394865036010742,0.00014895439380779862,1.0452929735183716,83,1053,49966.75390625,99.93345642089844,99.86003112792969,3.9290356636047363,2.3951611518859863,0.0001544308615848422,1.0373796224594116,110,1082,49995.73046875,99.9914321899414,99.99750518798828,3.92390775680542,2.389583110809326,0.0002241301554022357,1.0505887269973755,113,1435,48912.765625,97.8255844116211,22.57874298095703,3.925746440887451,2.3908708095550537,0.00016249895270448178,1.0461217164993286,190,2194,49994.38671875,99.98873138427734,5.128521919250488,3.928004264831543,2.395528554916382,0.00017841815133579075,1.0374809503555298
10,2,125000,1042,9423,249522.9140625,4,199,1887,49957.50390625,99.91507720947266,5.578374862670898,3.927703857421875,2.3943264484405518,0.0001817440934246406,1.0434573888778687,194,1746,49989.91796875,99.97979736328125,2.456400156021118,3.9278838634490967,2.394108772277832,0.00019138335483148694,1.0556797981262207,196,1798,49988.4140625,99.97686767578125,8.037227630615234,3.9219810962677,2.388563871383667,0.00042434691567905247,1.0735567808151245,223,1846,49995.9375,99.99190521240234,5.4111857414245605,3.924232006072998,2.389542579650879,0.00016530751599930227,1.0400898456573486,230,2146,49591.140625,99.18224334716797,2.6507978439331055,3.926217794418335,2.3943088054656982,0.00044428586261346936,1.0746384859085083
11,2,125000,609,7298,249348.3203125,4,117,1192,49445.03515625,98.8901138305664,20.166011810302734,3.928180456161499,2.394998788833618,0.000105099672509823,1.0311541557312012,127,1164,49995.66796875,99.99134063720703,3.193188428878784,3.9282476902008057,2.395205497741699,0.00018802880367729813,1.045900821685791,102,1168,49966.12890625,99.93230438232422,99.85514831542969,3.923527479171753,2.3913586139678955,0.0002327871334273368,1.0400139093399048,108,1343,49945.8046875,99.89161682128906,99.63086700439453,3.9253649711608887,2.3923773765563965,0.0001338052679784596,1.0405784845352173,155,2431,49995.68359375,99.99134063720703,3.287442684173584,3.9263126850128174,2.394132137298584,0.00021806478616781533,1.0326381921768188
12,2,125000,757,7130,248000.359375,4,149,1410,49963.3046875,99.92654418945312,99.8296890258789,3.9273488521575928,2.3943705558776855,0.00015431165229529142,1.0418390035629272,144,1399,49943.65625,99.8873291015625,99.60124969482422,3.927919864654541,2.395383358001709,0.0003868651401717216,1.0947537422180176,152,1595,49991.5546875,99.98310852050781,3.7700753211975098,3.9220147132873535,2.391223907470703,0.00025075196754187346,1.042335033416748,180,1688,48125.0625,96.25010681152344,1.2336229085922241,3.924630641937256,2.393023729324341,0.00034808157943189144,1.0618116855621338,132,1038,49976.78125,99.95355224609375,99.93144989013672,3.9246973991394043,2.393317461013794,0.0003635335015133023,1.055902361869812
13,2,125000,666,7761,249070.3359375,4,167,1823,49995.66015625,99.99131774902344,4.429083824157715,3.9273829460144043,2.394718647003174,0.00019981860532425344,1.03525710105896,136,1806,49984.828125,99.96963500976562,99.97044372558594,3.927689790725708,2.395474433898926,0.00012388944742269814,1.0366055965423584,136,1517,49986.3046875,99.97259521484375,99.97582244873047,3.9209160804748535,2.391284227371216,0.0004353928379714489,1.0776058435440063,105,1085,49718.109375,99.43619537353516,90.53058624267578,3.924710512161255,2.393970489501953,0.00028591154841706157,1.0511776208877563,122,1530,49385.43359375,98.77079010009766,62.34523391723633,3.92240047454834,2.391922950744629,0.0004040956264361739,1.0773321390151978
14,2,125000,869,9973,249772.16796875,4,171,1899,49987.94140625,99.97589111328125,2.8374993801116943,3.9282047748565674,2.395874261856079,8.52704033604823e-05,1.0300681591033936,180,1937,49998.875,99.99775695800781,99.99976348876953,3.9280638694763184,2.395836353302002,9.599923942005262e-05,1.0387837886810303,165,1961,49804.24609375,99.60850524902344,0.10264985263347626,3.921119213104248,2.391432762145996,0.00016819476149976254,1.036045789718628,170,1798,49997.57421875,99.9951400756836,7.30434513092041,3.9244868755340576,2.3942790031433105,0.0001453542645322159,1.040669322013855,183,2378,49983.53125,99.9670639038086,3.3642165660858154,3.9217641353607178,2.3915977478027344,0.00019305467139929533,1.0415881872177124
15,2,125000,563,6860,248497.07421875,4,74,855,49990.5859375,99.98114776611328,99.98844146728516,3.9282782077789307,2.39609956741333,0.00010157823271583766,1.035355806350708,100,1026,49940.4921875,99.88094329833984,99.55508422851562,3.927652597427368,2.3953402042388916,0.00010575294436421245,1.0328528881072998,145,2025,49996.0234375,99.99203491210938,2.653123378753662,3.9198179244995117,2.390622615814209,0.00018220423953607678,1.0407402515411377,116,1307,49988.796875,99.97754669189453,99.98369598388672,3.924229383468628,2.394083261489868,0.00013010978000238538,1.0408023595809937,128,1647,48581.17578125,97.1623764038086,8.070191383361816,3.9199583530426025,2.391069173812866,0.00030782222165726125,1.0519331693649292
16,2,125000,1016,9187,248763.9453125,4,239,2111,49907.5859375,99.81510925292969,0.7306769490242004,3.9278814792633057,2.3958652019500732,0.00015274762699846178,1.0362132787704468,241,2503,49982.5703125,99.96509552001953,3.404979705810547,3.9268298149108887,2.3946681022644043,0.00018129109230358154,1.0396456718444824,121,843,49998.40625,99.9968032836914,3.9435923099517822,3.918832302093506,2.389944076538086,0.0002563166490290314,1.0540707111358643,204,1675,49992.328125,99.9846420288086,4.059240341186523,3.9236652851104736,2.3936445713043213,0.0001587104779900983,1.0311925411224365,211,2055,48883.0546875,97.76608276367188,12.229247093200684,3.917971134185791,2.3894479274749756,0.00040189980063587427,1.0799407958984375
17,2,125000,780,8595,247202.44140625,4,178,2275,48528.359375,97.05669403076172,3.944305181503296,3.926368236541748,2.394550085067749,0.00026149273617193103,1.0424349308013916,142,1308,49995.0859375,99.99018096923828,2.4203362464904785,3.9248106479644775,2.3931593894958496,0.00016993760073091835,1.032810091972351,166,1782,48692.07421875,97.38410949707031,11.776758193969727,3.9122161865234375,2.3863277435302734,0.0003437375999055803,1.070721983909607,160,1741,49990.48828125,99.98096466064453,0.8561102747917175,3.9221084117889404,2.392728090286255,0.00020184754976071417,1.0485758781433105,134,1489,49996.43359375,99.99280548095703,15.065873146057129,3.9137511253356934,2.386715888977051,0.00026868103304877877,1.0417720079421997
18,2,125000,1025,9048,248351.703125,4,198,1747,48996.18359375,97.99236297607422,28.363557815551758,3.9262144565582275,2.3942863941192627,0.0001435518206562847,1.043308138847351,210,1898,49519.75,99.03939819335938,58.44931411743164,3.9245245456695557,2.3932101726531982,9.545325883664191e-05,1.0541516542434692,217,1802,49876.97265625,99.75399017333984,4.4553656578063965,3.9112730026245117,2.3857481479644775,0.0004823827766813338,1.0714542865753174,202,1898,49976.89453125,99.95375061035156,2.1541714668273926,3.921818733215332,2.3926498889923096,0.00021439313422888517,1.0612812042236328,198,1703,49981.90234375,99.96377563476562,99.95811462402344,3.91581392288208,2.3875932693481445,0.0003779292164836079,1.0773546695709229
19,2,125000,848,7602,249724.34375,4,149,1123,49778.85546875,99.55775451660156,0.2856391668319702,3.925283432006836,2.3935043811798096,0.00020905971177853644,1.046247959136963,179,1547,49989.1953125,99.97840118408203,99.98489379882812,3.923600435256958,2.3927345275878906,0.0001243972801603377,1.0451549291610718,194,1958,49997.8984375,99.99580383300781,6.77955436706543,3.9073541164398193,2.383312702178955,0.0006582760834135115,1.0949431657791138,135,1263,49959.6796875,99.91936492919922,99.79500579833984,3.919931650161743,2.392317533493042,0.00027472496731206775,1.0599592924118042,191,1711,49998.71484375,99.99745178222656,47.114349365234375,3.914113759994507,2.3855316638946533,0.0002902841370087117,1.0562739372253418
20,2,125000,1092,9600,248199.77734375,4,261,2698,49986.60546875,99.97319030761719,2.087815523147583,3.9251341819763184,2.3932714462280273,0.00023878335196059197,1.043873906135559,232,1816,49985.15625,99.97030639648438,16.987749099731445,3.924339771270752,2.3931589126586914,0.0002141499426215887,1.0374201536178589,151,1184,49975.8125,99.95159912109375,2.530925750732422,3.907352924346924,2.3844428062438965,0.0002582502202130854,1.0371322631835938,203,1854,48269.74609375,96.53951263427734,1.717368483543396,3.918445348739624,2.391655445098877,0.0003046297933906317,1.044389247894287,245,2048,49982.45703125,99.96501159667969,1.326635718345642,3.9138689041137695,2.3847975730895996,0.0003413820231799036,1.0688472986221313
21,2,125000,735,6753,248224.51171875,4,129,996,49983.28125,99.96659088134766,4.520246982574463,3.927316427230835,2.395198345184326,7.72905332269147e-05,1.0271934270858765,129,1100,49780.0,99.5599365234375,94.11723327636719,3.9268388748168945,2.3950064182281494,0.00010262012074235827,1.0306041240692139,189,1795,49977.53515625,99.95507049560547,9.668577194213867,3.9118282794952393,2.38838529586792,0.0003503990010358393,1.0732803344726562,156,1597,49735.78125,99.47151947021484,91.62959289550781,3.9199798107147217,2.3923048973083496,7.638454553671181e-05,1.0263091325759888,132,1265,48747.9140625,97.49588012695312,14.083032608032227,3.9171719551086426,2.387049913406372,0.00018849610933102667,1.0642651319503784
22,2,125000,617,5913,249651.72265625,4,41,435,49929.33984375,99.85869598388672,99.37442016601562,3.927133083343506,2.394876003265381,6.698369543300942e-05,1.0269426107406616,105,1114,49991.9375,99.98384094238281,3.274818181991577,3.927490234375,2.3954243659973145,0.00018496990378480405,1.0504239797592163,84,657,49976.1796875,99.95238494873047,2.5838470458984375,3.9111857414245605,2.3896021842956543,0.0003563427890185267,1.038980484008789,183,1740,49955.98828125,99.91194915771484,2.0336685180664062,3.919896125793457,2.3921916484832764,7.604122220072895e-05,1.0274171829223633,204,1967,49798.27734375,99.59656524658203,2.6765215396881104,3.9144890308380127,2.385016918182373,0.0003038597060367465,1.0522818565368652
23,2,125000,1070,9086,249287.09765625,4,254,2133,49996.60546875,99.99320983886719,4.446376323699951,3.9256913661956787,2.39410662651062,8.152961527230218e-05,1.0257503986358643,191,1609,49976.27734375,99.95256805419922,2.1569950580596924,3.9265992641448975,2.395170211791992,0.0001507162960479036,1.0503302812576294,206,1724,49982.73828125,99.96551513671875,2.5857746601104736,3.902521848678589,2.387554168701172,0.0003274393093306571,1.0486704111099243,211,1922,49997.12890625,99.99412536621094,99.99876403808594,3.9187028408050537,2.390947103500366,0.0001560974051244557,1.0357015132904053,208,1698,49334.34765625,98.66866302490234,18.15345573425293,3.910867214202881,2.3825578689575195,0.0003324794815853238,1.0539425611495972
24,2,125000,822,7828,249160.34765625,4,202,1973,49987.6953125,99.97533416748047,3.2589972019195557,3.925132989883423,2.393853187561035,6.09302514931187e-05,1.0193488597869873,193,1733,49991.30078125,99.98260498046875,6.208022594451904,3.925784111022949,2.395020008087158,9.056806447915733e-05,1.0246089696884155,52,498,49990.92578125,99.98184967041016,99.98924255371094,3.900829315185547,2.3880467414855957,0.0002698612224776298,1.0563223361968994,139,937,49196.44140625,98.39287567138672,44.595149993896484,3.9186084270477295,2.3902640342712402,0.00016167163266800344,1.0370620489120483,236,2687,49993.984375,99.98800659179688,7.289669990539551,3.910135507583618,2.3823280334472656,0.00026900527882389724,1.0711381435394287
25,2,125000,1041,10236,249888.1875,4,221,2512,49923.859375,99.84774780273438,20.541866302490234,3.9257891178131104,2.3946123123168945,6.323098932625726e-05,1.0190796852111816,205,1962,49983.39453125,99.96674346923828,99.9646224975586,3.925469160079956,2.394970655441284,0.00012122869520680979,1.0456852912902832,216,1980,49986.84375,99.97367858886719,35.33707046508789,3.8978164196014404,2.3869786262512207,0.0002960419515147805,1.0381039381027222,198,1818,49997.34375,99.99468231201172,30.395790100097656,3.917790412902832,2.38881778717041,0.00015682696539442986,1.0389186143875122,201,1964,49996.74609375,99.99346160888672,2.7464425563812256,3.912559986114502,2.3837573528289795,0.0002596998238004744,1.0592467784881592
26,2,125000,857,8051,248210.63671875,4,168,1491,49995.79296875,99.99156951904297,1.2734099626541138,3.925112724304199,2.39424729347229,5.9888359828619286e-05,1.0257161855697632,195,1653,49929.41015625,99.85880279541016,1.9639081954956055,3.924307107925415,2.3944311141967773,5.277156742522493e-05,1.030514121055603,170,2028,49997.76171875,99.99557495117188,12.551776885986328,3.890195846557617,2.384589672088623,0.0003510284295771271,1.0764853954315186,159,1370,48322.6171875,96.64523315429688,2.3914976119995117,3.915468692779541,2.3869853019714355,0.000216457832721062,1.0505837202072144,165,1509,49965.0546875,99.93009185791016,99.84564971923828,3.9117279052734375,2.383490562438965,0.00035879373899661005,1.0588972568511963
27,2,125000,940,8800,249237.19140625,4,171,1618,49418.32421875,98.83668518066406,2.4872303009033203,3.9239256381988525,2.3936891555786133,0.00021097420540172607,1.0369750261306763,184,2071,49860.2265625,99.72038269042969,24.627599716186523,3.9227333068847656,2.3935508728027344,7.640361582161859e-05,1.0170193910598755,177,1296,49994.9609375,99.98988342285156,26.009506225585938,3.8794424533843994,2.381380319595337,0.0009028172353282571,1.0610343217849731,213,1912,49977.64453125,99.95528411865234,8.314321517944336,3.9122509956359863,2.38419771194458,0.0001688384945737198,1.04093337059021,195,1903,49986.03515625,99.97203063964844,3.248307228088379,3.910909414291382,2.383662462234497,0.0002402758545940742,1.0399460792541504
28,2,125000,675,7825,248195.73828125,4,154,1872,49950.26953125,99.90046691894531,1.5142377614974976,3.924023389816284,2.394235372543335,0.00016642808623146266,1.0388209819793701,130,1239,49031.8828125,98.06378173828125,25.656482696533203,3.9218292236328125,2.393073320388794,0.000219681256567128,1.0204883813858032,115,1228,49306.14453125,98.61225128173828,2.4877216815948486,3.8759496212005615,2.3795087337493896,0.0007370924577116966,1.0877535343170166,135,1699,49917.6640625,99.83529663085938,9.687541007995605,3.9123549461364746,2.3841052055358887,0.0004027581016998738,1.074553370475769,141,1787,49989.77734375,99.9794692993164,99.9863052368164,3.9116618633270264,2.3848376274108887,0.00026028393767774105,1.0576720237731934
29,2,125000,893,8270,248863.85546875,4,222,1874,48912.671875,97.82530975341797,22.79899787902832,3.9251437187194824,2.395275115966797,7.443427602993324e-05,1.024031639099121,160,1489,49993.015625,99.98607635498047,5.497218132019043,3.9212353229522705,2.39300274848938,0.0001086544943973422,1.0347981452941895,215,2369,49976.75390625,99.95355987548828,2.589205503463745,3.8753771781921387,2.378286123275757,0.0006852936348877847,1.0802333354949951,117,980,49992.96484375,99.9859390258789,99.99349212646484,3.915114164352417,2.386652708053589,0.0002793693565763533,1.077904462814331,179,1558,49988.44921875,99.9769058227539,4.700932025909424,3.913325071334839,2.38663649559021,0.0002897930098697543,1.0611096620559692
30,2,125000,951,9962,247857.79296875,4,192,1933,49292.6015625,98.58525085449219,53.4820442199707,3.9254748821258545,2.3956174850463867,5.965709715383127e-05,1.021933674812317,185,1990,49985.5234375,99.97105407714844,2.7411768436431885,3.920257091522217,2.3922195434570312,0.0003296112990938127,1.0756150484085083,219,2578,49956.9140625,99.91383361816406,2.9643754959106445,3.8706235885620117,2.3739192485809326,0.0010328125208616257,1.1146990060806274,187,1735,49994.80078125,99.98961639404297,2.0920474529266357,3.914616823196411,2.3865084648132324,0.00023329972464125603,1.0687463283538818,168,1726,48627.953125,97.25589752197266,9.500299453735352,3.9126336574554443,2.385965585708618,0.0002871704054996371,1.0656412839889526
31,2,125000,943,8566,248938.09765625,4,145,1250,49986.76171875,99.9735107421875,1.9705379009246826,3.9249448776245117,2.395397663116455,9.092807886190712e-05,1.0372109413146973,223,1955,49835.8984375,99.67182159423828,6.364681720733643,3.9171407222747803,2.389843225479126,0.0006416678079403937,1.1148217916488647,184,1817,49153.26953125,98.3065414428711,40.7945671081543,3.854827404022217,2.362260580062866,0.0009499859879724681,1.1120636463165283,155,1541,49995.234375,99.99044799804688,4.3416242599487305,3.9118785858154297,2.38537859916687,0.00032250641379505396,1.0481199026107788,236,2003,49966.93359375,99.93383026123047,4.0246195793151855,3.9111454486846924,2.384291410446167,0.0003568053070921451,1.1033999919891357
32,2,125000,870,9952,248387.62890625,4,169,2264,48582.75390625,97.16551208496094,8.115056991577148,3.9257590770721436,2.3962783813476562,0.00011990308848908171,1.0439242124557495,141,1726,49954.45703125,99.90890502929688,96.63243865966797,3.918775796890259,2.3894336223602295,0.00029955862555652857,1.0496978759765625,158,1850,49983.0546875,99.96614074707031,18.734529495239258,3.8577888011932373,2.3574910163879395,0.001098229899071157,1.088675618171692,186,1931,49988.44140625,99.9769515991211,1.941369891166687,3.91261887550354,2.3868772983551025,0.0003695416380651295,1.0337412357330322,216,2181,49878.921875,99.75788879394531,7.4381794929504395,3.9128081798553467,2.384465456008911,0.00011988877668045461,1.0187580585479736
33,2,125000,960,9686,247926.2421875,4,221,2022,48998.68359375,97.997314453125,1.724363923072815,3.925431728363037,2.396247148513794,6.808280886616558e-05,1.0276764631271362,149,1663,49954.43359375,99.9087905883789,99.73812866210938,3.9164249897003174,2.385347604751587,0.00023184299061540514,1.0489414930343628,187,1909,49041.6875,98.08338165283203,16.678447723388672,3.8384764194488525,2.338733434677124,0.0021925950422883034,1.176406741142273,183,1989,49997.60546875,99.99520111083984,16.003395080566406,3.9072630405426025,2.385232925415039,0.0004965639091096818,1.0792129039764404,220,2103,49933.83203125,99.8676528930664,99.45085906982422,3.9110260009765625,2.383511543273926,0.0003064727643504739,1.069633960723877
34,2,125000,1049,9710,247858.58984375,4,205,2082,48791.5078125,97.58296203613281,16.101476669311523,3.926190137863159,2.3965179920196533,7.707833719905466e-05,1.0203078985214233,229,2502,49611.14453125,99.22221374511719,12.997633934020996,3.918567180633545,2.3852202892303467,0.00041130304452963173,1.0656321048736572,229,1761,49989.99609375,99.97988891601562,99.98686218261719,3.8339617252349854,2.3283019065856934,0.0007836198783479631,1.089939832687378,204,1663,49474.30859375,98.9486312866211,70.77239227294922,3.9057140350341797,2.3859915733337402,0.0005734062287956476,1.0692352056503296,182,1702,49991.6328125,99.98326110839844,3.895963668823242,3.911113739013672,2.3845651149749756,0.00028405903140082955,1.0459730625152588
35,2,125000,796,7260,248489.72265625,4,239,2525,49221.078125,98.44213104248047,14.723889350891113,3.9268362522125244,2.3969192504882812,5.217313810135238e-05,1.019556999206543,23,315,49983.75,99.9675064086914,31.356403350830078,3.9238157272338867,2.3888020515441895,0.0001546215935377404,1.059781789779663,155,1287,49992.3828125,99.98477935791016,10.049643516540527,3.847609758377075,2.3347232341766357,0.0006301403045654297,1.0708266496658325,227,1823,49297.8828125,98.59574127197266,9.682865142822266,3.9073433876037598,2.3872127532958984,0.00039773224852979183,1.0850648880004883,152,1310,49994.62890625,99.98927307128906,10.440534591674805,3.9130964279174805,2.387004852294922,0.00026686189812608063,1.0595468282699585
36,2,125000,656,8088,249954.1328125,4,186,2060,49997.1640625,99.99429321289062,14.309954643249512,3.926967144012451,2.3970417976379395,2.7501582735567354e-05,1.0146323442459106,60,887,49991.43359375,99.98284149169922,99.9903793334961,3.9230570793151855,2.3886919021606445,0.0001771497627487406,1.0504130125045776,111,1371,49996.8203125,99.9936752319336,15.812395095825195,3.8471593856811523,2.327946186065674,0.001184685155749321,1.1377191543579102,98,1492,49996.203125,99.99241638183594,99.9980239868164,3.9048986434936523,2.3858659267425537,0.000573947443626821,1.134072184562683,201,2278,49972.51171875,99.94499969482422,1.8534659147262573,3.90742826461792,2.3846216201782227,0.00020362852956168354,1.0602614879608154
37,2,125000,1110,9949,247121.33203125,4,259,2432,49990.90234375,99.98184204101562,99.98924255371094,3.926992177963257,2.397141933441162,8.466005238005891e-05,1.0294013023376465,220,1896,48327.515625,96.65503692626953,3.027815818786621,3.9231784343719482,2.3884706497192383,0.00022066115343477577,1.0514061450958252,191,1733,49977.984375,99.95594787597656,6.073545932769775,3.847101926803589,2.3185951709747314,0.0019014310091733932,1.122131109237671,220,1926,48829.72265625,97.65946197509766,2.6802830696105957,3.9020180702209473,2.383416175842285,0.0005774807650595903,1.0663782358169556,220,1962,49995.20703125,99.99038696289062,2.71370792388916,3.90451717376709,2.3837387561798096,0.00017582892905920744,1.0372188091278076
38,2,125000,469,4954,247819.15234375,4,67,719,49992.23046875,99.98443603515625,99.99205780029297,3.9271240234375,2.3970437049865723,6.940841558389366e-05,1.0314768552780151,144,1650,49971.30859375,99.9426040649414,2.166166067123413,3.922936201095581,2.388131618499756,0.00020185232278890908,1.0392961502075195,50,343,49155.328125,98.3106460571289,17.44977569580078,3.858414888381958,2.321218490600586,0.0014681887114420533,1.1834192276000977,121,1094,49234.34765625,98.46868133544922,48.03782653808594,3.9001758098602295,2.382126569747925,0.0003861713339574635,1.073930025100708,87,1148,49465.9375,98.931884765625,69.99202728271484,3.9038703441619873,2.3839683532714844,0.00025630948948673904,1.0551478862762451
39,2,125000,873,9126,248801.1328125,4,190,2102,49678.1796875,99.35636138916016,39.78512191772461,3.925401449203491,2.3968098163604736,4.894494850304909e-05,1.0191127061843872,164,1912,49158.0859375,98.31624603271484,41.21458435058594,3.9217681884765625,2.386948585510254,0.0001651787752052769,1.0506623983383179,172,1634,49995.22265625,99.99039459228516,4.802879333496094,3.839916944503784,2.2891104221343994,0.0022018097806721926,1.2585934400558472,167,1828,49980.16015625,99.9603042602539,3.252514600753784,3.8942315578460693,2.3777661323547363,0.00017685889906715602,1.0476073026657104,180,1650,49989.484375,99.9789810180664,4.141739368438721,3.8979945182800293,2.3818535804748535,0.0003448390925768763,1.0583854913711548
40,2,125000,1038,9493,249804.24609375,4,207,1825,49845.87890625,99.69180297851562,97.0676498413086,3.925792694091797,2.3969600200653076,7.924318197183311e-05,1.035668969154358,188,1859,49997.85546875,99.99571228027344,2.086810350418091,3.9219536781311035,2.3867175579071045,0.0002393293398199603,1.056270956993103,208,1918,49996.64453125,99.99332427978516,99.99842834472656,3.8431506156921387,2.282963752746582,0.000772662169765681,1.1522828340530396,197,1521,49995.96484375,99.99193572998047,1.4842456579208374,3.9025280475616455,2.380537986755371,0.000492420163936913,1.0732496976852417,238,2370,49967.90234375,99.93582916259766,1.4824578762054443,3.901139974594116,2.3829185962677,0.00022399425506591797,1.0436185598373413
41,2,125000,1058,9120,246180.640625,4,226,1942,49071.48828125,98.1429672241211,21.29029083251953,3.9253294467926025,2.396756172180176,0.00017740248586051166,1.0660310983657837,228,2236,49943.0078125,99.88601684570312,1.995015025138855,3.9211061000823975,2.38580584526062,0.000194079868379049,1.0541530847549438,195,1784,48534.984375,97.07003784179688,6.832698345184326,3.82685923576355,2.264629364013672,0.0022975706961005926,1.229321002960205,212,1659,49993.30859375,99.98662567138672,2.4561960697174072,3.9000649452209473,2.3806605339050293,0.0005072784260846674,1.0671972036361694,197,1499,48637.8515625,97.27566528320312,5.913501739501953,3.9022185802459717,2.382866621017456,0.0001293945242650807,1.040244698524475
42,2,125000,696,6494,247509.609375,4,84,956,49990.58203125,99.98116302490234,4.002945899963379,3.926323413848877,2.3967959880828857,6.401061546057463e-05,1.0222499370574951,111,1007,49996.74609375,99.99345397949219,99.99848175048828,3.9228222370147705,2.3879313468933105,0.0002098989498335868,1.0591219663619995,183,1434,48569.2734375,97.1385269165039,5.159421920776367,3.8166463375091553,2.255439043045044,0.001259095617569983,1.1450670957565308,179,1994,49995.48046875,99.990966796875,39.621971130371094,3.9003548622131348,2.381983757019043,0.00022411346435546875,1.0387011766433716,139,1103,48957.52734375,97.91505432128906,5.738280773162842,3.906229257583618,2.3844497203826904,0.00014602660667151213,1.0487958192825317
43,2,125000,774,7282,248934.4375,4,104,605,49995.5546875,99.99111938476562,1.3964154720306396,3.9266154766082764,2.3968007564544678,8.173703827196732e-05,1.0376328229904175,147,1369,48966.4765625,97.93291473388672,26.295307159423828,3.9225263595581055,2.3868696689605713,0.00019854545826092362,1.0769191980361938,155,1778,49985.125,99.9703369140625,99.97178649902344,3.799715280532837,2.235266923904419,0.0021935247350484133,1.157871127128601,178,1445,49994.65234375,99.98927307128906,7.230551719665527,3.8975703716278076,2.3814921379089355,0.0001238131517311558,1.0230979919433594,190,2085,49992.62890625,99.9852294921875,3.731034278869629,3.9036693572998047,2.3825490474700928,8.228301885537803e-05,1.0355039834976196
44,2,125000,874,8276,249184.109375,4,175,1714,49287.11328125,98.57418823242188,5.768966197967529,3.9251744747161865,2.396491050720215,5.332708315108903e-05,1.0238158702850342,181,1916,49988.25,99.97657012939453,1.8675671815872192,3.9217212200164795,2.3852291107177734,0.00015740870730951428,1.0288031101226807,133,1131,49967.31640625,99.93467712402344,0.9534556865692139,3.794398784637451,2.236591100692749,0.0009262776002287865,1.1173433065414429,161,1606,49950.390625,99.9007797241211,1.4970977306365967,3.89782977104187,2.3818297386169434,0.000262892252067104,1.0681126117706299,224,1909,49991.0390625,99.9820327758789,4.693167209625244,3.9040868282318115,2.3820347785949707,6.75535193295218e-05,1.01808500289917
45,2,125000,753,7740,249664.84375,4,149,1611,49960.453125,99.92093658447266,99.80281829833984,3.925340414047241,2.3965141773223877,7.908821135060862e-05,1.0279783010482788,172,1473,49993.609375,99.98722076416016,7.078807353973389,3.9199650287628174,2.381824254989624,0.0002700042678043246,1.0573639869689941,145,1172,49796.875,99.59376525878906,94.96377563476562,3.78700852394104,2.234091281890869,0.0004826498043257743,1.0516186952590942,146,1906,49952.7734375,99.90553283691406,1.8675479888916016,3.8975725173950195,2.381153106689453,0.00042655706056393683,1.0514516830444336,141,1578,49961.1328125,99.9222640991211,99.80939483642578,3.903125762939453,2.3815033435821533,0.00030218600295484066,1.060313105583191
46,2,125000,936,8480,248814.3515625,4,120,987,49233.08203125,98.46614837646484,10.442218780517578,3.926243543624878,2.3966376781463623,9.614467126084492e-05,1.0501115322113037,168,1580,49989.6015625,99.97923278808594,1.337490200996399,3.919167995452881,2.379512071609497,0.00015255928155966103,1.0497033596038818,222,2339,49986.94140625,99.97383117675781,1.929884672164917,3.793276786804199,2.235766649246216,0.0010761857265606523,1.0933806896209717,202,1567,49630.15234375,99.26029205322266,3.0349667072296143,3.9000325202941895,2.3815722465515137,0.0005743717774748802,1.098922610282898,224,2007,49974.57421875,99.94917297363281,29.126815795898438,3.902576208114624,2.382138252258301,9.309530287282541e-05,1.0353548526763916
47,2,125000,1004,8797,248493.26171875,4,170,1309,48949.82421875,97.89967346191406,6.6785173416137695,3.926006317138672,2.3963329792022705,6.431579095078632e-05,1.0344617366790771,237,2164,49584.6796875,99.16941833496094,8.112088203430176,3.9176976680755615,2.377333641052246,0.0001669549965299666,1.0468887090682983,144,1556,49988.66796875,99.97740173339844,2.137878656387329,3.803823232650757,2.243723154067993,0.0007996487547643483,1.0863322019577026,207,1666,49987.49609375,99.97496795654297,1.646278977394104,3.9002270698547363,2.3815953731536865,0.000818741274997592,1.1068753004074097,246,2102,49982.59375,99.9652099609375,73.16761016845703,3.900052309036255,2.3817312717437744,0.000282449705991894,1.0663198232650757
48,2,125000,576,6204,249283.390625,4,105,930,49989.61328125,99.97926330566406,99.9860610961914,3.927703857421875,2.3967201709747314,0.00016621827671770006,1.0459905862808228,132,1324,49987.37890625,99.97480010986328,99.97954559326172,3.9182121753692627,2.3783481121063232,0.0001316881098318845,1.042523980140686,64,523,49996.42578125,99.99284362792969,99.99822235107422,3.817979574203491,2.25557541847229,0.0005436133942566812,1.0736852884292603,143,1849,49333.19921875,98.66636657714844,57.3419303894043,3.908055305480957,2.3845055103302,0.0002812576130963862,1.0279170274734497,132,1578,49976.7734375,99.95355224609375,1.0531275272369385,3.8997437953948975,2.381892681121826,0.00034072637208737433,1.0661779642105103
49,2,125000,968,9425,249963.97265625,4,174,1732,49981.02734375,99.96212005615234,3.314533233642578,3.9287092685699463,2.396761178970337,6.847143231425434e-05,1.029494047164917,236,2014,49999.3984375,99.99876403808594,4.221050262451172,3.9167613983154297,2.376406669616699,0.00017731190018821508,1.0370146036148071,253,2776,49996.28515625,99.99263000488281,1.6562449932098389,3.8210232257843018,2.2661941051483154,0.0003036665730178356,1.0789458751678467,56,525,49993.9453125,99.98793029785156,4.856081962585449,3.9121148586273193,2.386592388153076,0.0002965354942716658,1.0840249061584473,249,2378,49993.31640625,99.98662567138672,2.9936277866363525,3.8973488807678223,2.3808445930480957,0.0006119274767115712,1.0741246938705444
50,2,125000,1019,10131,249205.49609375,4,213,1942,49273.94140625,98.54792785644531,51.72247314453125,3.9277305603027344,2.396237850189209,5.0778387958416715e-05,1.0221641063690186,234,2218,49977.41015625,99.95475769042969,2.4751689434051514,3.9111077785491943,2.367283582687378,0.0004003620124422014,1.0600976943969727,208,1978,49994.5546875,99.98910522460938,4.778903484344482,3.787372350692749,2.2379982471466064,0.0008193254470825195,1.054796814918518,133,1277,49962.07421875,99.92413330078125,1.8875324726104736,3.900876998901367,2.3787002563476562,0.0002236652362626046,1.0199717283248901,231,2716,49997.515625,99.99505615234375,8.085941314697266,3.8884735107421875,2.3759727478027344,0.00040567872929386795,1.0614436864852905
51,2,125000,916,8499,248926.6015625,4,116,1273,49192.10546875,98.38416290283203,44.205535888671875,3.9279661178588867,2.3963372707366943,7.821559847798198e-05,1.033203125,224,2082,49990.6015625,99.98125457763672,33.965843200683594,3.907824993133545,2.360173463821411,0.0006310152821242809,1.0713297128677368,164,1441,49831.37890625,99.6627426147461,13.28732967376709,3.7758657932281494,2.234323740005493,0.001313548069447279,1.1109176874160767,204,1825,49914.56640625,99.82913970947266,0.0744653269648552,3.9006776809692383,2.3791399002075195,0.0003466820635367185,1.062056303024292,208,1878,49997.94921875,99.99591827392578,12.742942810058594,3.8818414211273193,2.3700919151306152,0.0009406161261722445,1.1262081861495972
52,2,125000,1030,9656,248389.77734375,4,238,1865,48729.9375,97.4598617553711,3.3009204864501953,3.9274096488952637,2.3957557678222656,0.00018219709454569966,1.045810580253601,185,1899,49707.6953125,99.4153060913086,56.02219772338867,3.9086153507232666,2.3585381507873535,0.0003532910195644945,1.0624858140945435,224,2359,49977.1796875,99.95441436767578,99.93392944335938,3.7780637741088867,2.2403676509857178,0.0019338440615683794,1.1369842290878296,177,1764,49989.48828125,99.97901916503906,4.936431884765625,3.906681776046753,2.381779432296753,0.00017535447841510177,1.03590989112854,206,1769,49985.4765625,99.97101593017578,2.602076292037964,3.8802244663238525,2.364166259765625,0.001194481854327023,1.1310263872146606
53,2,125000,1152,10705,247233.76953125,4,259,2215,49996.28515625,99.99253845214844,6.167072296142578,3.925523519515991,2.3945837020874023,0.0003631162689998746,1.0708255767822266,197,2096,48995.3515625,97.99065399169922,28.302654266357422,3.9054713249206543,2.34916353225708,0.0003884482430294156,1.0638353824615479,235,2224,48551.609375,97.10321044921875,3.0610132217407227,3.7268359661102295,2.2138681411743164,0.004343797918409109,1.2193204164505005,233,1971,49996.078125,99.99209594726562,7.755608081817627,3.900904655456543,2.3774609565734863,0.00047192335478030145,1.0867213010787964,228,2199,49694.4453125,99.38884735107422,23.863548278808594,3.8666465282440186,2.349848508834839,0.0013341403100639582,1.1294358968734741
54,2,125000,715,9002,248773.01171875,4,178,2799,49672.40234375,99.3447036743164,87.4271469116211,3.924023151397705,2.393493175506592,0.00016766786575317383,1.0378806591033936,160,1900,49964.73046875,99.929443359375,2.962348461151123,3.904310941696167,2.3425047397613525,0.0016594218323007226,1.1447253227233887,108,1222,49996.74609375,99.9935073852539,99.9985122680664,3.7083396911621094,2.2195658683776855,0.001137883635237813,1.1020854711532593,154,1646,49986.15625,99.97232818603516,2.3193845748901367,3.9003334045410156,2.3758842945098877,0.0003460430889390409,1.0595422983169556,115,1435,49152.9765625,98.305908203125,2.8234403133392334,3.8581321239471436,2.342076301574707,0.000774571904912591,1.0758951902389526
55,2,125000,974,8880,249813.80078125,4,244,2251,49967.9375,99.93592834472656,1.8452372550964355,3.923264980316162,2.392836332321167,0.0003852105000987649,1.0754956007003784,192,1839,49973.3203125,99.94666290283203,99.90975952148438,3.895850419998169,2.314042091369629,0.0012188958935439587,1.1239984035491943,113,819,49884.9765625,99.76993560791016,8.661914825439453,3.675272226333618,2.2175815105438232,0.0018092035315930843,1.1192090511322021,250,2390,49991.1171875,99.98225402832031,19.45659637451172,3.8977785110473633,2.3730416297912598,0.0008391356095671654,1.0765366554260254,175,1581,49996.44921875,99.99298858642578,99.99828338623047,3.8361001014709473,2.3226959705352783,0.0031945679802447557,1.19505774974823
56,2,125000,817,9219,246927.69921875,4,220,3110,48935.9453125,97.87188720703125,3.643876791000366,3.923285961151123,2.39249587059021,0.00012969732051715255,1.0277587175369263,156,1594,49996.8984375,99.99382781982422,9.510822296142578,3.893136501312256,2.2943832874298096,0.0027824710123240948,1.1920469999313354,140,1206,49217.24609375,98.43453979492188,23.13336944580078,3.6520049571990967,2.211284637451172,0.002729003317654133,1.1621315479278564,149,1365,49556.01171875,99.11200714111328,5.566209316253662,3.907474994659424,2.3796024322509766,0.0006492399843409657,1.0631791353225708,152,1944,49221.59765625,98.44328308105469,46.87456512451172,3.820416212081909,2.304096221923828,0.0018644141964614391,1.1309432983398438
57,2,125000,956,9350,249439.87109375,4,171,1702,49898.07421875,99.7961196899414,98.70438385009766,3.920661449432373,2.390956163406372,0.0002983689191751182,1.0631816387176514,227,2138,49648.71484375,99.29743957519531,1.8021303415298462,3.8802006244659424,2.255389928817749,0.0012544869678094983,1.121459722518921,179,1441,49902.30078125,99.80461883544922,98.80925750732422,3.563035726547241,2.177584409713745,0.0029278183355927467,1.196821928024292,188,2210,49995.1875,99.99037170410156,1.5580857992172241,3.9034042358398438,2.376526117324829,0.00026041746605187654,1.0592361688613892,191,1859,49995.59375,99.99115753173828,0.9761593341827393,3.79712176322937,2.293684482574463,0.0009319948730990291,1.1081855297088623
58,2,125000,896,9227,249318.2890625,4,148,1469,49989.44140625,99.97879791259766,99.98544311523438,3.9197545051574707,2.3899240493774414,0.00021319626830518246,1.0759469270706177,179,1863,49586.62109375,99.1732406616211,25.55413818359375,3.8718791007995605,2.250018835067749,0.001521797152236104,1.0986590385437012,182,1935,49974.484375,99.94892883300781,1.3634101152420044,3.5023279190063477,2.1515092849731445,0.005588483531028032,1.2289783954620361,191,2181,49769.32421875,99.53862762451172,22.75831413269043,3.9025094509124756,2.376633644104004,0.0006446361658163369,1.1104812622070312,196,1779,49998.41796875,99.99685668945312,36.82583999633789,3.7961480617523193,2.310277223587036,0.0022932791616767645,1.1634747982025146
59,2,125000,1056,10478,248594.92578125,4,225,2084,48817.2421875,97.63458251953125,17.392986297607422,3.9181699752807617,2.3883519172668457,0.00018476723926141858,1.040557622909546,199,2081,49979.53125,99.95912170410156,1.9177004098892212,3.8574721813201904,2.2267110347747803,0.0027170777320861816,1.1579009294509888,235,2512,49989.78125,99.97955322265625,3.0270087718963623,3.397320508956909,2.108548402786255,0.007500953506678343,1.2783088684082031,200,1978,49845.3984375,99.69075775146484,9.755145072937012,3.8971855640411377,2.375361680984497,0.0007145237759687006,1.084040880203247,197,1823,49962.97265625,99.92597961425781,1.9780510663986206,3.786330461502075,2.3226711750030518,0.0020818018820136786,1.1964648962020874
60,2,125000,960,9144,248643.38671875,4,212,1968,49994.48828125,99.9889907836914,2.276921033859253,3.918220043182373,2.386967658996582,0.0002701473131310195,1.0306733846664429,254,2489,49998.5625,99.99710083007812,5.0388665199279785,3.848236083984375,2.2156834602355957,0.0019536232575774193,1.0955454111099243,224,2131,48719.8046875,97.4395751953125,5.8168253898620605,3.348573923110962,2.077213764190674,0.002490887651219964,1.1286704540252686,66,593,49987.78515625,99.97555541992188,13.626679420471191,3.897822141647339,2.375941038131714,0.0002456521906424314,1.0615040063858032,204,1963,49942.74609375,99.88545227050781,0.9279289841651917,3.781092405319214,2.333388090133667,0.0017528056632727385,1.1664934158325195
61,2,125000,865,8371,248451.61328125,4,172,1484,48509.90625,97.01982879638672,1.804817795753479,3.91800594329834,2.386073350906372,0.00026255607372149825,1.064967155456543,173,1877,49991.453125,99.98292541503906,12.01739501953125,3.834226369857788,2.193960428237915,0.001578395371325314,1.1396031379699707,184,1919,49981.72265625,99.96347045898438,0.9101767539978027,3.405007839202881,2.0897388458251953,0.0026493524201214314,1.167547345161438,154,1448,49994.8828125,99.98978424072266,99.70614624023438,3.9014952182769775,2.3795769214630127,0.00035951612517237663,1.0967910289764404,182,1643,49973.6484375,99.9472885131836,1.8961981534957886,3.7776904106140137,2.3381011486053467,0.0010037684114649892,1.1182574033737183
62,2,125000,1129,10199,248292.47265625,4,204,1833,49723.71484375,99.44746398925781,90.88768768310547,3.9155995845794678,2.3842008113861084,0.00015573024575132877,1.0434051752090454,212,2062,49968.1796875,99.9363784790039,1.642952799797058,3.806744337081909,2.140357255935669,0.003875620197504759,1.145611047744751,246,2141,48696.26171875,97.39256286621094,11.940019607543945,3.4582066535949707,2.080352544784546,0.005864193197339773,1.2230521440505981,234,2068,49933.0703125,99.86613464355469,47.96688461303711,3.8962786197662354,2.3768551349639893,0.0003314804926048964,1.0461381673812866,233,2095,49971.24609375,99.9425277709961,99.89540100097656,3.759979724884033,2.332364797592163,0.0010525488760322332,1.1073235273361206
63,2,125000,771,7766,248884.33203125,4,133,1192,49976.19140625,99.95235443115234,99.92790222167969,3.914316415786743,2.383793354034424,0.00046200273209251463,1.1080968379974365,148,1527,49969.70703125,99.93943786621094,99.88391876220703,3.7839770317077637,2.0671558380126953,0.004537665750831366,1.2659963369369507,161,1678,49986.69921875,99.97335052490234,99.97713470458984,3.486074447631836,2.0459747314453125,0.004060306586325169,1.2162057161331177,160,1741,48957.62890625,97.9153060913086,1.7386964559555054,3.8898565769195557,2.37233304977417,0.0008782863151282072,1.0698456764221191,169,1628,49994.10546875,99.98825073242188,6.037076950073242,3.7463958263397217,2.3248050212860107,0.0008939146646298468,1.144004464149475
64,2,125000,797,8009,247376.05078125,4,134,1528,49178.18359375,98.35637664794922,42.97140121459961,3.9167492389678955,2.386165142059326,0.0003078293811995536,1.0616284608840942,149,1438,49997.93359375,99.9958724975586,99.9993667602539,3.773249387741089,2.021695852279663,0.0014411568408831954,1.1075226068496704,181,1762,49302.953125,98.60590362548828,4.965493202209473,3.4991261959075928,2.0033209323883057,0.0033947585616260767,1.15926992893219,139,1431,49987.29296875,99.97460174560547,99.97920989990234,3.8989274501800537,2.3771204948425293,0.00019376992713660002,1.051116943359375,194,1850,48909.6875,97.81936645507812,4.408699989318848,3.752039670944214,2.3235695362091064,0.001034436165355146,1.1090985536575317
65,2,125000,897,9070,249018.95703125,4,169,1740,49792.33984375,99.58467102050781,8.103761672973633,3.9163646697998047,2.386528968811035,0.0002244925417471677,1.056821584701538,203,2029,49847.3984375,99.69488525390625,0.6903093457221985,3.7691304683685303,2.031900644302368,0.0018381023546680808,1.1621357202529907,159,1398,49538.79296875,99.07759857177734,76.63514709472656,3.474656581878662,1.9578996896743774,0.0035467934794723988,1.1309475898742676,174,1861,49853.91796875,99.70783233642578,97.36058044433594,3.8975484371185303,2.3753819465637207,0.00022863148478791118,1.060811161994934,192,2042,49986.5078125,99.97311401367188,9.864919662475586,3.745816469192505,2.3209052085876465,0.0008453297195956111,1.0994316339492798
66,2,125000,1034,9510,245450.08984375,4,239,1847,48172.66796875,96.34535217285156,0.016595248132944107,3.911290407180786,2.3837616443634033,0.000427486898843199,1.0627944469451904,126,1218,49518.734375,99.03740692138672,1.1354553699493408,3.7578654289245605,2.0025792121887207,0.0013900399208068848,1.1178900003433228,213,1995,49995.6640625,99.99132537841797,1.7051808834075928,3.3789024353027344,1.8632780313491821,0.003382265567779541,1.1588791608810425,248,2310,48736.1015625,97.47221374511719,13.280131340026855,3.888519763946533,2.3672945499420166,0.00043606519466266036,1.067592740058899,208,2140,49026.921875,98.05392456054688,16.319377899169922,3.725853204727173,2.314797878265381,0.001686959178186953,1.2211893796920776
67,2,125000,864,8589,247077.08203125,4,122,1254,49976.01953125,99.9520492553711,99.92697143554688,3.90812087059021,2.381070137023926,0.0006079291924834251,1.1030817031860352,164,1372,49992.24609375,99.98448944091797,99.9920883178711,3.754380464553833,1.9823668003082275,0.0027628277894109488,1.166005253791809,193,1924,48384.5390625,96.76907348632812,3.827500581741333,3.368899345397949,1.8595246076583862,0.0015419458504766226,1.191902756690979,173,1405,49073.265625,98.14645385742188,8.131674766540527,3.8960156440734863,2.3703689575195312,0.0003938507870770991,1.093411922454834,212,2634,49651.01171875,99.30197143554688,2.6913671493530273,3.7409398555755615,2.3146491050720215,0.0009006333420984447,1.1335467100143433
68,2,125000,858,8747,247097.5546875,4,160,1698,49974.58984375,99.94917297363281,4.39952278137207,3.9091873168945312,2.381357431411743,0.00032770633697509766,1.06926429271698,180,1975,48548.44921875,97.0969467163086,4.042496681213379,3.7509572505950928,1.9721819162368774,0.002159442752599716,1.1589676141738892,184,1683,48602.17578125,97.20426177978516,1.972486972808838,3.405107259750366,1.9061013460159302,0.001280126511119306,1.1143035888671875,148,1472,49985.69921875,99.9714126586914,99.97373962402344,3.9123682975769043,2.3828041553497314,6.19316051597707e-05,1.0243008136749268,186,1919,49986.640625,99.97322845458984,99.97695922851562,3.7716851234436035,2.32171630859375,0.0008231830433942378,1.108576774597168
69,2,125000,845,9528,247462.7734375,4,150,1615,49785.1875,99.57038116455078,94.38501739501953,3.9051220417022705,2.3786885738372803,0.0005859732627868652,1.088501214981079,211,2479,49995.859375,99.99172973632812,21.09543800354004,3.729840040206909,1.925392746925354,0.0031273269560188055,1.1634589433670044,178,2106,47723.28515625,95.44657135009766,0.08217431604862213,3.3968865871429443,1.899405837059021,0.0012552356347441673,1.1846450567245483,112,1102,49960.2421875,99.92047882080078,99.80055236816406,3.9104387760162354,2.3807373046875,0.00027476309332996607,1.0573850870132446,194,2226,49998.19921875,99.99637603759766,11.780299186706543,3.7800512313842773,2.3248131275177,0.0011140918359160423,1.116589069366455
70,2,125000,930,8794,248456.18359375,4,155,1408,49976.55078125,99.95309448242188,16.91128158569336,3.9021337032318115,2.376847505569458,0.00028792142984457314,1.0753792524337769,191,1727,48624.7734375,97.24955749511719,8.864357948303223,3.7053134441375732,1.8759145736694336,0.003510222304612398,1.226617455482483,185,1762,49877.73828125,99.7554702758789,98.1426773071289,3.430149555206299,1.9163480997085571,0.0014612554805353284,1.1031100749969482,203,1835,49993.91796875,99.98788452148438,3.825974464416504,3.9047629833221436,2.376674175262451,0.0003254651965107769,1.0504088401794434,196,2062,49983.203125,99.96642303466797,99.96394348144531,3.794362783432007,2.33259916305542,0.0010270762722939253,1.114661693572998
71,2,125000,669,8829,248143.45703125,4,118,1312,48921.96875,97.843994140625,1.3878284692764282,3.897756338119507,2.375650644302368,0.0009236979531124234,1.1319743394851685,170,2586,49896.83984375,99.79375457763672,36.57181167602539,3.6750097274780273,1.8112221956253052,0.003583078272640705,1.1762874126434326,149,1668,49979.20703125,99.95841979980469,99.94496154785156,3.4139199256896973,1.9037301540374756,0.0018168496899306774,1.1734659671783447,109,1349,49989.10546875,99.97821807861328,99.984619140625,3.890126943588257,2.3661248683929443,0.0004436516610439867,1.0688681602478027,123,1914,49356.3359375,98.71273040771484,34.24298095703125,3.784080743789673,2.325681447982788,0.001059894566424191,1.1479301452636719
72,2,125000,995,10797,249814.578125,4,206,2061,49991.921875,99.98382568359375,1.8214586973190308,3.8983514308929443,2.379128932952881,0.000714070803951472,1.1022714376449585,171,2116,49993.30078125,99.98661041259766,51.748268127441406,3.654320001602173,1.7656939029693604,0.0034843015018850565,1.2139465808868408,185,2098,49888.9921875,99.77796936035156,98.46573638916016,3.420820951461792,1.907781958580017,0.002655472606420517,1.2350984811782837,211,2223,49998.4140625,99.99684143066406,1.5419999361038208,3.886026620864868,2.363481283187866,0.0006862020236440003,1.1079679727554321,222,2299,49941.94921875,99.88388061523438,1.7223674058914185,3.7823050022125244,2.3144986629486084,0.0013901113998144865,1.1420598030090332
73,2,125000,764,8313,248712.93359375,4,140,1718,49995.3046875,99.99059295654297,99.99698638916016,3.898914098739624,2.3822028636932373,0.00033107996569015086,1.0903743505477905,150,1796,49978.83203125,99.95763397216797,2.521698236465454,3.6547117233276367,1.7403520345687866,0.002040030900388956,1.1258273124694824,137,1284,49996.34375,99.99267578125,99.99812316894531,3.4603428840637207,1.9082034826278687,0.0014045023126527667,1.1502407789230347,142,1564,48775.72265625,97.55146789550781,15.348731994628906,3.886597156524658,2.3628523349761963,0.0003767585731111467,1.0370100736618042,195,1951,49966.73046875,99.93352508544922,1.878627061843872,3.7877142429351807,2.304216146469116,0.0008308720425702631,1.1084582805633545
74,2,125000,897,7958,249742.25,4,183,1677,49995.23828125,99.99046325683594,37.450408935546875,3.8967883586883545,2.383190155029297,0.0003301715769339353,1.0422977209091187,151,1461,49999.1953125,99.9984130859375,99.9998779296875,3.6335396766662598,1.6791462898254395,0.003162271808832884,1.1866211891174316,200,1658,49970.15625,99.94031524658203,1.328884482383728,3.4719810485839844,1.8726558685302734,0.0012804556172341108,1.1486331224441528,167,1305,49999.8203125,99.9996566772461,99.99998474121094,3.8863067626953125,2.3621950149536133,0.00045266866800375283,1.0888770818710327,196,1857,49777.83984375,99.55569458007812,94.00675201416016,3.7951269149780273,2.296685218811035,0.0010646271985024214,1.1114009618759155
75,2,125000,1046,9407,247140.68359375,4,176,1722,49087.2109375,98.17445373535156,0.45223698019981384,3.8907415866851807,2.3822014331817627,0.0003587269748095423,1.0566457509994507,227,2077,49473.203125,98.9463119506836,59.95196533203125,3.600017547607422,1.6453160047531128,0.0024840091355144978,1.2080549001693726,217,1836,48628.73828125,97.2574234008789,5.260335445404053,3.487431764602661,1.836214303970337,0.0027903723530471325,1.205601692199707,242,2262,49995.13671875,99.99022674560547,1.1776092052459717,3.880425214767456,2.358299493789673,0.00045057295938022435,1.071770191192627,184,1510,49956.39453125,99.91278076171875,99.76038360595703,3.787912607192993,2.2767229080200195,0.0013550829607993364,1.1427597999572754
76,2,125000,828,8891,247147.796875,4,172,1960,48638.4765625,97.27698516845703,8.384459495544434,3.8972561359405518,2.3858377933502197,0.0002351498551433906,1.0365571975708008,172,1455,49974.68359375,99.94927215576172,2.0090203285217285,3.6381802558898926,1.763377070426941,0.0014849066501483321,1.1269887685775757,176,2439,49048.62890625,98.09725952148438,32.243186950683594,3.588287591934204,1.870192050933838,0.0017483567353338003,1.1351791620254517,142,1188,49995.7109375,99.99139404296875,98.74662017822266,3.90460205078125,2.378037452697754,0.00044030664139427245,1.0840833187103271,166,1849,49490.296875,98.98056030273438,72.25041961669922,3.808622360229492,2.28314208984375,0.0007269287016242743,1.0975016355514526
77,2,125000,942,10396,249815.6015625,4,180,1987,49928.05078125,99.85614013671875,99.35175323486328,3.8917906284332275,2.3849565982818604,0.00033156154677271843,1.0575060844421387,221,2769,49990.36328125,99.98077392578125,1.4412031173706055,3.5939221382141113,1.6623318195343018,0.002495460445061326,1.149434208869934,179,1679,49911.1484375,99.8223876953125,0.6923075318336487,3.584989309310913,1.7896450757980347,0.0007201480912044644,1.0848015546798706,150,1401,49990.73046875,99.98152160644531,99.98888397216797,3.89251708984375,2.3697726726531982,0.00035707472125068307,1.0863763093948364,212,2560,49995.30859375,99.99055480957031,2.0913429260253906,3.7725913524627686,2.2286319732666016,0.0026206038892269135,1.1668015718460083
78,2,125000,860,9166,248860.0390625,4,185,1761,49804.78515625,99.6094970703125,95.33684539794922,3.8959906101226807,2.387025833129883,0.00035365342046134174,1.0774235725402832,180,2100,49966.296875,99.93257141113281,0.8412942886352539,3.5780394077301025,1.6007777452468872,0.002310273703187704,1.1041184663772583,189,2079,49990.0078125,99.98002624511719,99.98705291748047,3.617666006088257,1.7829995155334473,0.002440705196931958,1.1350535154342651,166,1723,49119.48046875,98.23896789550781,11.46858024597168,3.8969664573669434,2.3729591369628906,0.00042747973930090666,1.0693764686584473,140,1503,49979.46875,99.95894622802734,2.1735501289367676,3.758558511734009,2.1956818103790283,0.0009097289876081049,1.0909366607666016
79,2,125000,660,6357,248438.40234375,4,221,1763,49962.11328125,99.92424774169922,10.26508617401123,3.9052302837371826,2.3901400566101074,0.00016083716764114797,1.0439196825027466,65,491,49990.80859375,99.98162078857422,2.7490499019622803,3.6309685707092285,1.695294737815857,0.0015574311837553978,1.1136194467544556,161,2168,49979.7265625,99.95946502685547,7.094282627105713,3.663127899169922,1.8376870155334473,0.001661004964262247,1.1307023763656616,27,235,49854.0703125,99.70814514160156,97.36607360839844,3.906719207763672,2.379471778869629,7.894039299571887e-05,1.0386778116226196,186,1700,48651.68359375,97.30337524414062,10.29906177520752,3.7901341915130615,2.234924793243408,0.0008831644081510603,1.1306651830673218
80,2,125000,1035,9570,249266.44921875,4,181,1568,49359.98046875,98.71992492675781,59.906864166259766,3.9007411003112793,2.3884353637695312,0.00023927449365146458,1.0528268814086914,241,2202,49973.078125,99.94617462158203,1.8526620864868164,3.569218158721924,1.5346647500991821,0.001208760659210384,1.1950606107711792,206,1855,49991.25,99.98252868652344,1.4129737615585327,3.6047301292419434,1.7143921852111816,0.0009862685110419989,1.0886725187301636,172,1574,49994.71875,99.98941040039062,1.8962388038635254,3.89412260055542,2.371403217315674,0.0003533697163220495,1.072981595993042,235,2371,49947.421875,99.89488983154297,26.350433349609375,3.7692418098449707,2.213515043258667,0.0006903195171616971,1.1137984991073608
81,2,125000,1024,9445,244913.08203125,4,212,2090,48135.0,96.26995086669922,0.03022940829396248,3.8979403972625732,2.3872737884521484,0.0003262019017711282,1.0435693264007568,198,2029,49858.109375,99.71636199951172,3.262006998062134,3.596407175064087,1.618172287940979,0.0028280161786824465,1.1408275365829468,220,2031,48701.42578125,97.40284729003906,3.627774715423584,3.6104400157928467,1.7391003370285034,0.003028774168342352,1.2403919696807861,217,1811,48942.87890625,97.8857421875,3.7149405479431152,3.8859434127807617,2.3670120239257812,0.00020432472229003906,1.0380332469940186,177,1484,49275.66796875,98.5513916015625,51.88521194458008,3.762723207473755,2.202543020248413,0.0014161895960569382,1.1439123153686523
82,2,125000,707,7420,249729.16796875,4,154,1390,49988.609375,99.97723388671875,99.9832534790039,3.895479679107666,2.386554718017578,0.00018551110406406224,1.0465422868728638,162,2076,49994.9375,99.98983001708984,7.257501602172852,3.6283984184265137,1.7091115713119507,0.0028216862119734287,1.2260146141052246,143,1310,49750.78125,99.50157928466797,92.51869201660156,3.632166624069214,1.8140990734100342,0.0012725734850391746,1.104434847831726,121,1426,49995.875,99.99176025390625,99.99766540527344,3.8751091957092285,2.36118483543396,0.00034130571293644607,1.0616852045059204,127,1218,49998.96484375,99.99793243408203,99.99980926513672,3.760166645050049,2.195030689239502,0.0010440468322485685,1.1392185688018799
83,2,125000,838,9439,248623.43359375,4,202,2445,49997.203125,99.99436950683594,6.737834453582764,3.9012584686279297,2.3889009952545166,0.0002423787082079798,1.0530784130096436,137,1129,49843.5703125,99.68710327148438,0.0087205795571208,3.67002010345459,1.8183224201202393,0.001839165692217648,1.1305562257766724,141,1415,49974.875,99.94978332519531,99.91995239257812,3.6654021739959717,1.8876067399978638,0.0015497183194383979,1.130663514137268,178,2263,49984.328125,99.9687271118164,2.543198347091675,3.8968076705932617,2.3774490356445312,0.0002335381432203576,1.085197925567627,180,2187,48823.45703125,97.64694213867188,17.71295928955078,3.7762746810913086,2.2064642906188965,0.0003797530953306705,1.0720138549804688
84,2,125000,743,8621,248609.8125,4,174,2156,48646.6015625,97.29313659667969,9.831226348876953,3.894509792327881,2.3866262435913086,9.343147394247353e-05,1.029126524925232,168,1726,49994.3828125,99.98876190185547,23.280057907104492,3.6780073642730713,1.8475459814071655,0.0021493721287697554,1.1792991161346436,83,1159,49984.70703125,99.96940612792969,99.969970703125,3.6528398990631104,1.8727065324783325,0.0009270262671634555,1.0560507774353027,156,1544,49995.26953125,99.99051666259766,6.905264377593994,3.8639609813690186,2.36137318611145,0.00046687363646924496,1.0676019191741943,162,2036,49988.8515625,99.97769165039062,99.98388671875,3.7376043796539307,2.161363124847412,0.0006326889852061868,1.091096043586731
85,2,125000,968,9487,249076.83984375,4,185,1506,49992.96484375,99.98595428466797,99.99349975585938,3.8916380405426025,2.38559889793396,0.00025962828658521175,1.0570045709609985,222,2750,49982.83984375,99.96566772460938,99.96233367919922,3.64253830909729,1.7782648801803589,0.0021854876540601254,1.2151298522949219,217,2102,49271.9453125,98.54385375976562,51.53112030029297,3.6178462505340576,1.822997808456421,0.0008098244434222579,1.0883537530899048,158,1159,49846.125,99.69225311279297,0.35456347465515137,3.856760263442993,2.36220645904541,0.0002595806145109236,1.0260156393051147,186,1970,49982.96484375,99.96601104736328,4.629746913909912,3.7090508937835693,2.1405045986175537,0.001022229203954339,1.0941884517669678
86,2,125000,847,9327,247216.1796875,4,172,1971,49910.96484375,99.8219223022461,3.428175926208496,3.896479606628418,2.3863418102264404,0.00027026174939237535,1.0566900968551636,167,1641,49039.9140625,98.07975006103516,31.57598876953125,3.6555395126342773,1.8012865781784058,0.000976347888354212,1.143528938293457,137,1335,48661.5625,97.32311248779297,4.404234886169434,3.6632189750671387,1.9074243307113647,0.0007711625075899065,1.1020501852035522,181,2215,49817.66015625,99.6352767944336,6.178648471832275,3.884774684906006,2.378309488296509,0.0004074001335538924,1.0778768062591553,190,2165,49786.078125,99.57200622558594,1.7293452024459839,3.7295403480529785,2.17944073677063,0.000873460725415498,1.111969232559204
87,2,125000,886,7989,245498.56640625,4,208,1597,49997.328125,99.99469757080078,6.9290771484375,3.8969128131866455,2.3846631050109863,0.00016848086670506746,1.0624488592147827,188,1977,47982.2421875,95.96446990966797,0.6156734228134155,3.643850564956665,1.7690974473953247,0.0010611128527671099,1.1153188943862915,175,1579,49601.46484375,99.20295715332031,81.97740173339844,3.657867908477783,1.8948160409927368,0.001174042234197259,1.1077449321746826,169,1555,48640.859375,97.28170776367188,9.928165435791016,3.874035596847534,2.376145839691162,0.0003444361500442028,1.049308180809021,146,1281,49276.671875,98.55329132080078,51.97425842285156,3.72161865234375,2.194580078125,0.0012124895583838224,1.1228514909744263
88,2,125000,797,9990,248680.578125,4,169,1888,49995.71875,99.99137878417969,4.3018975257873535,3.8985824584960938,2.38429594039917,0.0002510952763259411,1.0529836416244507,177,2329,49808.6875,99.617431640625,15.794210433959961,3.668999433517456,1.8350286483764648,0.0025457809679210186,1.252952218055725,170,2025,49974.2734375,99.94839477539062,99.91551971435547,3.681874990463257,1.9441454410552979,0.0015366243897005916,1.1657005548477173,156,1804,49996.8984375,99.99374389648438,1.9624998569488525,3.8657238483428955,2.3741917610168457,0.0004028367984574288,1.0363787412643433,125,1944,48905.0,97.80999755859375,16.16514778137207,3.721203565597534,2.2030093669891357,0.0009140658075921237,1.1086158752441406
89,2,125000,824,9227,246945.70703125,4,188,1889,49111.61328125,98.2232894897461,2.1068308353424072,3.9002981185913086,2.3834567070007324,0.00011416435154387727,1.0255635976791382,145,1573,48864.33984375,97.7286605834961,1.9675036668777466,3.6725029945373535,1.8419692516326904,0.002231743186712265,1.1988424062728882,135,1393,49986.3671875,99.97271728515625,99.97605895996094,3.683922052383423,1.9587496519088745,0.0004010653356090188,1.0529509782791138,178,2314,48987.890625,97.97576141357422,2.272611618041992,3.871397018432617,2.3752877712249756,0.0003446388291195035,1.0543702840805054,178,2058,49995.49609375,99.99093627929688,2.7197463512420654,3.7386326789855957,2.21730899810791,0.001297101960517466,1.1638681888580322
90,2,125000,963,10313,247865.80859375,4,205,1912,49998.51953125,99.99701690673828,5.176215648651123,3.8967368602752686,2.3801639080047607,0.00023250817321240902,1.0611871480941772,201,2277,48941.95703125,97.88386535644531,8.396075248718262,3.65348744392395,1.8109030723571777,0.0008294558501802385,1.1273365020751953,183,2152,49991.58203125,99.98312377929688,99.99068450927734,3.655141592025757,1.8996222019195557,0.001154592027887702,1.1056725978851318,190,1767,49891.515625,99.78305053710938,98.53461456298828,3.84960675239563,2.366173028945923,0.00016948700067587197,1.0400303602218628,184,2205,49042.234375,98.08442687988281,14.334718704223633,3.7322475910186768,2.2128334045410156,0.0008539867121726274,1.0762768983840942
91,2,125000,1081,10678,248628.48046875,4,217,2150,49983.16796875,99.96636199951172,19.952659606933594,3.887578010559082,2.374096632003784,0.00032627821201458573,1.053459644317627,245,2492,49994.03125,99.98802185058594,5.484189033508301,3.6276354789733887,1.7842577695846558,0.0005501055857166648,1.079912543296814,229,2569,49899.78125,99.79952239990234,18.270647048950195,3.6383056640625,1.8431870937347412,0.001415388542227447,1.1540892124176025,201,1916,49988.16796875,99.97631072998047,1.5638487339019775,3.814610481262207,2.352041482925415,0.0007600330864079297,1.086870551109314,189,1551,48763.33203125,97.52667236328125,2.503307819366455,3.7141060829162598,2.203260660171509,0.0017610406503081322,1.1397303342819214
92,2,125000,798,9057,247321.19921875,4,146,1871,49987.31640625,99.974609375,2.111407518386841,3.887763261795044,2.3745319843292236,0.00016906738164834678,1.0440402030944824,142,1447,49991.4375,99.98287963867188,99.99041748046875,3.6126086711883545,1.781966209411621,0.0012494492111727595,1.1015337705612183,168,1753,48254.92578125,96.50987243652344,1.1807183027267456,3.6665215492248535,1.8791497945785522,0.001283245044760406,1.1425385475158691,181,2189,49991.96484375,99.9839096069336,4.640732765197754,3.8315417766571045,2.3585739135742188,0.0011662649922072887,1.0790389776229858,161,1797,49095.5546875,98.1910629272461,35.87569046020508,3.7372562885284424,2.2227566242218018,0.00032183885923586786,1.0597738027572632
93,2,125000,787,9198,249054.8671875,4,164,2057,49990.828125,99.98165130615234,6.613982677459717,3.8962504863739014,2.379434585571289,0.0002401614183327183,1.0414179563522339,196,2479,49105.35546875,98.21064758300781,36.75116729736328,3.605945587158203,1.7718889713287354,0.0008040189277380705,1.0783116817474365,134,1229,49995.5078125,99.990966796875,99.99722290039062,3.697047233581543,1.9391744136810303,0.0007671856437809765,1.0943920612335205,140,1251,49965.078125,99.93019104003906,99.84605407714844,3.849888324737549,2.3675429821014404,0.0003761625266633928,1.0651768445968628,153,2182,49998.09765625,99.99615478515625,29.599164962768555,3.7745962142944336,2.2481534481048584,0.0002571606601122767,1.0368350744247437
94,2,125000,730,7838,246920.171875,4,139,1503,49985.328125,99.97068786621094,2.3597097396850586,3.8961617946624756,2.3798232078552246,0.00019315004465170205,1.0397332906723022,138,1381,48709.11328125,97.41822052001953,12.447504043579102,3.651811361312866,1.8479348421096802,0.001215119380503893,1.1189101934432983,117,1261,48632.14453125,97.26427459716797,9.47520637512207,3.688091993331909,1.934714674949646,0.0010961699299514294,1.1303120851516724,152,1580,49594.734375,99.18946838378906,81.42337036132812,3.842007875442505,2.3687548637390137,0.00042109726928174496,1.0517972707748413,184,2113,49998.8515625,99.9976577758789,99.99976348876953,3.7753453254699707,2.239478349685669,0.00048097132821567357,1.0809727907180786
95,2,125000,923,8775,248024.140625,4,214,1573,49993.7734375,99.98753356933594,1.0133706331253052,3.889920473098755,2.376685380935669,0.00015136480215005577,1.0426814556121826,186,1816,49986.76953125,99.97357177734375,99.9775161743164,3.6266820430755615,1.7987060546875,0.00039436339284293354,1.0758023262023926,182,2043,48274.5625,96.54908752441406,2.417707920074463,3.6209774017333984,1.8141577243804932,0.0012627028627321124,1.088769555091858,186,1936,49998.90625,99.997802734375,99.9997787475586,3.8108537197113037,2.361138343811035,0.0005629491643048823,1.064710259437561,155,1407,49770.12890625,99.54022979736328,0.024028385058045387,3.758312940597534,2.2184998989105225,0.0010160112287849188,1.1257867813110352
96,2,125000,705,7024,248984.3203125,4,156,1240,49991.21875,99.98245239257812,99.98994445800781,3.903522253036499,2.383901834487915,0.000176577566890046,1.0453842878341675,121,1496,49594.48046875,99.18895721435547,3.7747011184692383,3.695172071456909,1.9441331624984741,0.0005684471107088029,1.0953677892684937,188,1749,49448.84375,98.897705078125,68.3867416381836,3.670861005783081,1.8902206420898438,0.0008110117632895708,1.090442180633545,105,951,49985.78515625,99.97156524658203,3.1088500022888184,3.8533172607421875,2.3743720054626465,0.000450565799837932,1.0578783750534058,135,1588,49963.9921875,99.92794799804688,99.83612823486328,3.8064451217651367,2.2682199478149414,0.00037943600909784436,1.066447377204895
97,2,125000,803,8165,247571.94921875,4,160,1640,48905.71875,97.81143951416016,4.941235542297363,3.899970293045044,2.38179612159729,0.00014924048446118832,1.0429381132125854,157,1528,49980.046875,99.9601058959961,2.6757795810699463,3.6560747623443604,1.8419588804244995,0.0010326361516490579,1.0900126695632935,153,1293,49356.5,98.71295166015625,59.572181701660156,3.662083148956299,1.8741275072097778,0.0009496664861217141,1.1226898431777954,186,2090,49384.2578125,98.76846313476562,48.437889099121094,3.8264122009277344,2.368729591369629,0.0005065941950306296,1.0519793033599854,147,1614,49945.42578125,99.8908462524414,1.4533661603927612,3.7708113193511963,2.228412389755249,0.001027576858177781,1.1138420104980469
98,2,125000,1023,9429,245985.96484375,4,205,1797,47800.25,95.60052490234375,0.0010000000474974513,3.90069317817688,2.3820853233337402,0.00014389514399226755,1.0189727544784546,231,1902,49253.796875,98.50750732421875,49.833457946777344,3.6522161960601807,1.8075909614562988,0.0006649422575719655,1.052733063697815,221,2366,49290.43359375,98.58088684082031,2.1151444911956787,3.672886371612549,1.895962119102478,0.0015054249670356512,1.1055824756622314,199,1788,49931.09765625,99.86219787597656,1.8922067880630493,3.83013653755188,2.3713858127593994,0.000379159435397014,1.0758864879608154,167,1576,49710.38671875,99.4207763671875,0.3115215003490448,3.7568156719207764,2.222311496734619,0.0008976769167929888,1.0922274589538574
99,2,125000,876,8255,247556.25,4,160,1769,49987.25390625,99.97456359863281,99.97914123535156,3.9035046100616455,2.3839030265808105,0.00011570453352760524,1.0320711135864258,166,1344,48894.578125,97.78921508789062,21.69862937927246,3.695685625076294,1.8933825492858887,0.0012822365388274193,1.1725809574127197,145,1196,49995.83984375,99.9917221069336,3.6482131481170654,3.727736234664917,1.996680736541748,0.003214519005268812,1.2230180501937866,215,2078,48679.35546875,97.35870361328125,11.295087814331055,3.8524553775787354,2.377596139907837,0.0006254959153011441,1.1128274202346802,190,1868,49999.22265625,99.99845886230469,5.8847503662109375,3.7740960121154785,2.2503890991210938,0.0007855224539525807,1.1113754510879517
100,2,125000,857,8057,245820.7578125,4,155,1490,48705.61328125,97.41120910644531,10.266218185424805,3.9022417068481445,2.383053779602051,6.945132918190211e-05,1.0284004211425781,167,1514,48497.94140625,96.99589538574219,4.040815830230713,3.692993640899658,1.8806008100509644,0.0011648463550955057,1.1411648988723755,165,1371,49788.45703125,99.57693481445312,0.47927185893058777,3.7526652812957764,2.042958974838257,0.002351841889321804,1.2059524059295654,175,1753,48829.75390625,97.65945434570312,18.041109085083008,3.843636989593506,2.375551462173462,0.0005585956387221813,1.0687330961227417,195,1929,49998.9921875,99.99801635742188,99.99983978271484,3.773592472076416,2.2607383728027344,0.000769679551012814,1.0742219686508179
101,2,125000,629,7814,248997.5546875,4,135,1350,49687.171875,99.37435150146484,3.2247958183288574,3.89642071723938,2.37893009185791,0.0002534413360990584,1.0330724716186523,111,1495,49993.734375,99.98750305175781,99.99481964111328,3.7012641429901123,1.892246961593628,0.0004964208346791565,1.0593316555023193,185,2608,49355.3046875,98.71057891845703,14.465709686279297,3.7770605087280273,2.0900766849517822,0.0032051324378699064,1.2094918489456177,90,900,49963.5625,99.92707061767578,99.83214569091797,3.8069140911102295,2.3679375648498535,0.000524036877322942,1.085084080696106,108,1461,49997.78125,99.99555206298828,99.99928283691406,3.760619640350342,2.2567970752716064,0.0005539155099540949,1.0671707391738892
102,2,125000,854,8000,249560.61328125,4,178,1609,49991.75,99.98346710205078,2.497403860092163,3.895165205001831,2.377074718475342,0.0003673172031994909,1.037579894065857,159,1508,49992.86328125,99.98571014404297,99.99324798583984,3.6625454425811768,1.8113257884979248,0.0009429430938325822,1.0766675472259521,207,1820,49934.625,99.86930084228516,0.4970214068889618,3.7975666522979736,2.1343846321105957,0.002074911491945386,1.1669557094573975,148,1278,49979.58203125,99.95916748046875,99.9468994140625,3.808535099029541,2.3686342239379883,0.0003781413834076375,1.082810878753662,162,1785,49661.79296875,99.32362365722656,16.413854598999023,3.764612913131714,2.2607691287994385,0.0005885481950826943,1.0728521347045898
103,2,125000,675,8963,248887.0078125,4,150,1689,49246.98046875,98.49394226074219,3.474440813064575,3.893954038619995,2.374833106994629,0.0004114723124075681,1.0243085622787476,183,2734,49989.2890625,99.97858428955078,10.317425727844238,3.6465938091278076,1.794386863708496,0.0013338541612029076,1.095037817955017,152,2125,49771.92578125,99.54386901855469,2.8302242755889893,3.8268253803253174,2.198961019515991,0.003600101452320814,1.206180214881897,130,1807,49994.67578125,99.98933410644531,4.50978946685791,3.8039681911468506,2.3704237937927246,0.0008689641836099327,1.035504937171936,60,608,49884.13671875,99.76821899414062,98.3294906616211,3.786818742752075,2.2828643321990967,0.0005123114679008722,1.090028166770935
104,2,125000,902,9263,248701.609375,4,228,2259,49947.3203125,99.8946762084961,1.8596763610839844,3.887385129928589,2.3692259788513184,0.0003111434052698314,1.0701395273208618,252,2569,49997.63671875,99.9952163696289,7.475714206695557,3.605872392654419,1.7204760313034058,0.0009406757308170199,1.0781816244125366,103,1123,49192.1328125,98.3842544555664,10.257879257202148,3.8494060039520264,2.2482411861419678,0.0026148699689656496,1.134139895439148,210,2202,49960.1484375,99.92029571533203,22.47189712524414,3.760366201400757,2.368211507797241,0.0006811523344367743,1.1014095544815063,109,1110,49604.37109375,99.20872497558594,82.21220397949219,3.772825002670288,2.2738001346588135,0.0008772111032158136,1.0866259336471558
105,2,125000,746,7764,247790.6796875,4,161,1797,49750.96875,99.5019302368164,7.271042346954346,3.8897743225097656,2.369114398956299,0.00016840934404172003,1.0351381301879883,202,2302,49550.96484375,99.1019515991211,38.93107223510742,3.6179609298706055,1.7332305908203125,0.000452067848527804,1.0603631734848022,107,992,49995.92578125,99.99188995361328,65.15824890136719,3.870129346847534,2.2867863178253174,0.0021293614991009235,1.2115797996520996,181,1535,48511.2890625,97.02261352539062,5.5362935066223145,3.738445997238159,2.3680412769317627,0.0005507063469849527,1.0409536361694336,95,1138,49981.53125,99.96305847167969,99.95643615722656,3.791541337966919,2.2856314182281494,0.0007600426324643195,1.0600855350494385
106,2,125000,814,8238,249541.71875,4,212,2063,49999.54296875,99.99910736083984,48.92350387573242,3.8812096118927,2.3603925704956055,0.0010153960902243853,1.059813141822815,101,1136,49935.8671875,99.87175750732422,2.8120853900909424,3.666266679763794,1.8194879293441772,0.0014292097184807062,1.133044719696045,171,1799,49983.0,99.96595001220703,2.0882186889648438,3.8767759799957275,2.2983930110931396,0.003938636742532253,1.1045901775360107,176,1866,49639.5390625,99.27909851074219,84.9938735961914,3.6848552227020264,2.365938901901245,0.001442232052795589,1.1288560628890991,154,1374,49983.76953125,99.96754455566406,12.856111526489258,3.777968645095825,2.273409605026245,0.001078219385817647,1.078304409980774
107,2,125000,676,8870,248812.7734375,4,156,1987,49954.46484375,99.90888214111328,99.73860168457031,3.881643533706665,2.358537197113037,0.0009343290003016591,1.0755232572555542,144,2164,49983.36328125,99.96674346923828,5.1947832107543945,3.680001735687256,1.817564606666565,0.0014977693790569901,1.1217255592346191,99,1179,49997.21875,99.99444580078125,99.99889373779297,3.890605926513672,2.324493885040283,0.0017395257018506527,1.1205953359603882,144,2028,48883.43359375,97.76683044433594,21.034282684326172,3.6909430027008057,2.3695812225341797,0.0013779019936919212,1.1225720643997192,133,1512,49994.29296875,99.98859405517578,6.1130595207214355,3.7757568359375,2.270677328109741,0.0007004761719144881,1.1137241125106812
108,2,125000,785,8993,247202.859375,4,147,1581,48691.34375,97.38275146484375,2.372459650039673,3.8658225536346436,2.3422598838806152,0.000858201936352998,1.0754181146621704,173,2073,49985.1484375,99.97027587890625,0.7997281551361084,3.688300609588623,1.820290446281433,0.0010518789058551192,1.1086194515228271,188,2227,49960.90625,99.92176818847656,1.0554274320602417,3.8914451599121094,2.327160120010376,0.0003397989203222096,1.1084752082824707,99,939,49987.2734375,99.9745864868164,3.8571994304656982,3.617354393005371,2.3633663654327393,0.0013476776657626033,1.2032833099365234,178,2173,48578.1875,97.15628051757812,3.7947838306427,3.7517433166503906,2.2448606491088867,0.0005026531289331615,1.0602619647979736
109,2,125000,881,9042,249272.4140625,4,170,1827,49772.6953125,99.54544830322266,0.08707847446203232,3.860736608505249,2.3358967304229736,0.002157340059056878,1.1651437282562256,144,1173,49892.34765625,99.78469848632812,98.5564956665039,3.70196533203125,1.859729528427124,0.0023436211049556732,1.1895822286605835,189,2488,49995.40234375,99.99082946777344,3.0505309104919434,3.8892946243286133,2.3238778114318848,9.025811596075073e-05,1.0332144498825073,209,1868,49990.08984375,99.98014831542969,3.5160841941833496,3.6361351013183594,2.3627374172210693,0.001664264127612114,1.162819504737854,169,1686,49621.87890625,99.24375915527344,5.719074249267578,3.7579174041748047,2.2436273097991943,0.0008702921913936734,1.112240195274353
110,2,125000,960,9916,248494.64453125,4,184,1544,49699.48828125,99.39894104003906,8.309457778930664,3.8549296855926514,2.3329074382781982,0.0007311177323572338,1.085620641708374,198,2218,49998.87890625,99.99777221679688,18.29854965209961,3.7258574962615967,1.9186537265777588,0.0006577515741810203,1.1088721752166748,180,1726,49738.4453125,99.47689819335938,91.79191589355469,3.8914103507995605,2.3282222747802734,0.0001239371340489015,1.04646897315979,188,2006,49979.7890625,99.95957946777344,2.17364764213562,3.699003219604492,2.367084264755249,0.00046496628783643246,1.071998119354248,210,2422,49078.04296875,98.15608215332031,13.856161117553711,3.7664239406585693,2.2486166954040527,0.0005933475331403315,1.091191053390503
111,2,125000,1004,9769,247650.6171875,4,197,1566,49682.09375,99.36416625976562,3.4609694480895996,3.857011318206787,2.3381190299987793,0.00041722774039953947,1.1003210544586182,204,2314,49695.41796875,99.39083862304688,2.9191346168518066,3.7387301921844482,1.9572374820709229,0.0016679525142535567,1.1341863870620728,182,1969,49983.39453125,99.96676635742188,2.175351858139038,3.8922369480133057,2.3303730487823486,6.899594882270321e-05,1.032231092453003,199,1705,49987.734375,99.97541046142578,2.2259457111358643,3.7446110248565674,2.369943141937256,0.00036335704498924315,1.061566710472107,222,2215,48301.9765625,96.60392761230469,2.428738832473755,3.7666094303131104,2.2500791549682617,0.000404679769417271,1.0611129999160767
112,2,125000,822,7706,249919.65625,4,173,1540,49997.0390625,99.99414825439453,10.480218887329102,3.821458339691162,2.315369129180908,0.0005073976353742182,1.0416746139526367,170,1621,49982.234375,99.9645767211914,99.95991516113281,3.7459359169006348,1.9973801374435425,0.0044927215203642845,1.2433083057403564,149,1262,49997.59765625,99.99519348144531,99.99913787841797,3.8861613273620605,2.321094036102295,0.0005617833230644464,1.0319234132766724,162,1742,49943.72265625,99.887451171875,99.60213470458984,3.631273031234741,2.3547658920288086,0.0007064151577651501,1.0949102640151978,168,1541,49999.0625,99.99818420410156,12.805450439453125,3.7201240062713623,2.212826728820801,0.0007462501525878906,1.104959487915039
113,2,125000,739,9087,248593.66015625,4,183,2513,49786.1796875,99.57235717773438,8.761259078979492,3.862300395965576,2.3457586765289307,0.00017012596072163433,1.0497219562530518,85,1298,49991.0625,99.98218536376953,99.98960876464844,3.785738468170166,2.1044399738311768,0.0006076955469325185,1.0776408910751343,118,1320,49987.4609375,99.9748764038086,5.053707599639893,3.890580892562866,2.3275647163391113,0.00014929533062968403,1.039136528968811,191,2433,49993.74609375,99.98750305175781,2.5817980766296387,3.741152763366699,2.3660712242126465,0.0006711673340760171,1.078016996383667,162,1523,48835.2109375,97.67037963867188,2.3686490058898926,3.780792713165283,2.2742319107055664,0.0002223753836005926,1.061785340309143
114,2,125000,783,7740,248549.01953125,4,161,1335,49977.55078125,99.95513153076172,2.507087230682373,3.859273672103882,2.3447835445404053,0.00034868239890784025,1.0494757890701294,105,1479,49997.87109375,99.99577331542969,99.99933624267578,3.772007465362549,2.078150749206543,0.00047494887257926166,1.108555793762207,223,2487,49992.44140625,99.98492431640625,5.021274566650391,3.8839352130889893,2.3156960010528564,0.0001325178163824603,1.0395742654800415,152,1339,48635.44140625,97.27088165283203,8.720588684082031,3.725400924682617,2.3611984252929688,0.00039080617716535926,1.0656427145004272,142,1100,49945.71484375,99.89140319824219,2.083933115005493,3.7741341590881348,2.2760305404663086,0.0002840566448867321,1.061277151107788
115,2,125000,743,7873,249568.0859375,4,206,2066,49998.1796875,99.99638366699219,3.154405355453491,3.832179069519043,2.3269052505493164,0.0003923558979295194,1.07212233543396,194,2222,49584.49609375,99.16898345947266,9.044967651367188,3.733934164047241,2.0075666904449463,0.00019466876983642578,1.0504449605941772,89,768,49993.91015625,99.98780822753906,2.800903797149658,3.884422540664673,2.316340923309326,0.0002606201160233468,1.0577174425125122,68,812,49997.7578125,99.99552154541016,99.999267578125,3.6329522132873535,2.348318338394165,0.0016498350305482745,1.0711902379989624,186,2005,49993.7421875,99.9874496459961,3.1309285163879395,3.7261953353881836,2.2446329593658447,0.0005385255790315568,1.0728965997695923
116,2,125000,704,7761,249879.7265625,4,91,885,49991.82421875,99.98362731933594,99.9912338256836,3.8252294063568115,2.323317527770996,0.0005222272593528032,1.048879861831665,175,2234,49960.859375,99.92174530029297,3.713458299636841,3.740385055541992,2.0382323265075684,0.0008388733840547502,1.1201492547988892,117,985,49939.7734375,99.87954711914062,99.54461669921875,3.883246660232544,2.3123531341552734,0.00034055710420943797,1.0626798868179321,147,1565,49996.34375,99.99263763427734,99.99810791015625,3.5935497283935547,2.345102071762085,0.0013873743591830134,1.1155496835708618,174,2092,49990.92578125,99.98184204101562,21.540220260620117,3.71893048286438,2.2403106689453125,0.0006063985638320446,1.084734320640564
117,2,125000,955,9565,247829.4140625,4,239,2323,49989.27734375,99.97862243652344,1.7798715829849243,3.8079779148101807,2.3176026344299316,0.0008291148697026074,1.1307432651519775,93,1159,49991.3828125,99.98274230957031,1.7787302732467651,3.7909929752349854,2.1560075283050537,0.001020920230075717,1.0738582611083984,236,2216,49918.7265625,99.83745574951172,99.17367553710938,3.8842556476593018,2.3125734329223633,0.00018690347496885806,1.0415306091308594,158,1453,49963.8984375,99.9278335571289,1.402155876159668,3.5632476806640625,2.3446691036224365,0.0009013008675538003,1.1065466403961182,229,2414,47966.12890625,95.93224334716797,0.07572989910840988,3.716702461242676,2.240257978439331,0.0013606500579044223,1.0983253717422485
118,2,125000,687,7629,248772.98046875,4,100,826,49994.078125,99.98811340332031,99.99527740478516,3.8308870792388916,2.334068536758423,0.0003916096466127783,1.0788841247558594,158,2084,49487.9140625,98.97581481933594,1.1534286737442017,3.7873153686523438,2.148395538330078,0.002051312942057848,1.1371616125106812,136,1517,49996.95703125,99.99388122558594,3.3798868656158447,3.884922981262207,2.3102011680603027,0.00033443927532061934,1.050453543663025,146,1618,49315.26171875,98.63054656982422,55.632049560546875,3.688176155090332,2.3547635078430176,0.0012851261999458075,1.174767017364502,147,1584,49978.76953125,99.95751953125,99.94254302978516,3.7411623001098633,2.2632060050964355,0.0005041646654717624,1.089286208152771
119,2,125000,1042,9667,248735.671875,4,189,1941,49985.51953125,99.97099304199219,99.97296905517578,3.8404455184936523,2.3436036109924316,0.0005907869199290872,1.118351697921753,231,2023,49998.69140625,99.99742126464844,59.504600524902344,3.8005354404449463,2.1877360343933105,0.001439914689399302,1.1250312328338623,241,2455,48754.765625,97.50958251953125,14.387535095214844,3.881929636001587,2.3024559020996094,0.000275409227469936,1.0420488119125366,173,1369,49999.171875,99.9983139038086,7.243346691131592,3.7113287448883057,2.3541152477264404,0.0009784173453226686,1.0596530437469482,208,1879,49997.5234375,99.99507904052734,6.194104194641113,3.741804838180542,2.26837420463562,0.0004370045498944819,1.0362968444824219
120,2,125000,1019,9639,249459.41015625,4,192,1603,49952.6875,99.90533447265625,0.7671248316764832,3.8068206310272217,2.3247804641723633,0.0016089462442323565,1.193484902381897,227,2302,49605.25390625,99.21049499511719,11.252714157104492,3.795231819152832,2.1904616355895996,0.00030471800710074604,1.0381252765655518,167,1575,49933.17578125,99.86640167236328,4.725888252258301,3.8683292865753174,2.273888349533081,0.00041505813715048134,1.0484133958816528,201,1522,49973.9453125,99.94789123535156,1.48048734664917,3.532299041748047,2.3292152881622314,0.0005486225709319115,1.0439361333847046,232,2637,49994.34765625,99.98868560791016,4.584707736968994,3.687331438064575,2.2428386211395264,0.0012217640178278089,1.101624608039856
121,2,125000,767,9104,244794.47265625,4,164,2390,49985.91796875,99.9718017578125,1.3144265413284302,3.838651657104492,2.343552827835083,0.0010101008228957653,1.0874091386795044,161,1712,49679.8125,99.35963439941406,87.95747375488281,3.8013534545898438,2.197988510131836,0.0005858754739165306,1.06446373462677,156,1452,47990.02734375,95.98005676269531,0.0010000000474974513,3.8739678859710693,2.2805168628692627,0.00026668308419175446,1.0748496055603027,135,1437,48495.17578125,96.99039459228516,5.640775203704834,3.647526264190674,2.3468639850616455,0.000758156762458384,1.0608927011489868,151,2113,48643.5390625,97.28707122802734,7.979841232299805,3.728569746017456,2.2779579162597656,0.0006872916128486395,1.094936490058899
122,2,125000,975,9475,248721.39453125,4,210,2218,49994.01171875,99.98792266845703,99.99515533447266,3.816131591796875,2.330932378768921,0.0004905795794911683,1.0927811861038208,192,1841,49587.80078125,99.17567443847656,28.288053512573242,3.7684648036956787,2.134345293045044,0.002029058989137411,1.1538482904434204,184,1487,49973.26171875,99.94648742675781,99.90919494628906,3.860332489013672,2.25277042388916,0.0003429198113735765,1.0346570014953613,185,1868,49995.40625,99.9908218383789,99.99713897705078,3.6047561168670654,2.3391335010528564,0.0019310927018523216,1.1564089059829712,204,2061,49170.9140625,98.34181213378906,9.315361022949219,3.705620050430298,2.273047685623169,0.0006569480756297708,1.092363953590393
123,2,125000,985,9380,248232.25390625,4,254,1952,49392.4765625,98.78501892089844,2.4776504039764404,3.82362961769104,2.3376901149749756,0.0002537584223318845,1.0644021034240723,202,2246,49107.58203125,98.21521759033203,36.93892288208008,3.764094829559326,2.112846612930298,0.000960471632424742,1.0929960012435913,193,1867,49757.26171875,99.51456451416016,6.76968240737915,3.8632850646972656,2.2636964321136475,0.00016688345931470394,1.0408732891082764,201,1801,49979.875,99.95968627929688,15.742779731750488,3.656168222427368,2.34360671043396,0.0007397031877189875,1.103614091873169,135,1514,49995.05859375,99.99011993408203,3.4720380306243896,3.740865468978882,2.2972161769866943,0.0004727935593109578,1.0486363172531128
124,2,125000,920,8729,247966.40234375,4,226,1775,49936.71484375,99.8734130859375,3.6816258430480957,3.8372013568878174,2.346510887145996,0.00031170129659585655,1.0536479949951172,219,2360,49959.2734375,99.91852569580078,2.1064231395721436,3.7604939937591553,2.10695743560791,0.001533973147161305,1.135591745376587,209,1954,49980.0625,99.96009826660156,2.0385754108428955,3.8746116161346436,2.292693853378296,0.0009508156799711287,1.1190084218978882,133,1302,49464.4375,98.92890167236328,69.85237884521484,3.691243886947632,2.34489369392395,0.0005672955303452909,1.0457242727279663,133,1338,48625.9140625,97.25183868408203,6.7513651847839355,3.7654757499694824,2.3130605220794678,0.0004104780964553356,1.0436017513275146
125,2,125000,856,8505,249505.1953125,4,191,1952,49566.7734375,99.13352966308594,79.07024383544922,3.8403337001800537,2.349353790283203,0.0006971287657506764,1.0717291831970215,170,1745,49991.5625,99.98308563232422,2.6691083908081055,3.73213791847229,2.042283058166504,0.0029457330238074064,1.1195213794708252,171,1571,49953.08203125,99.90612030029297,20.562339782714844,3.8808484077453613,2.310039758682251,0.0007400798494927585,1.0853785276412964,156,1494,49997.41796875,99.99488830566406,6.216608047485352,3.688633441925049,2.339185953140259,0.0007866024971008301,1.0780802965164185,168,1743,49996.359375,99.99271392822266,99.99816131591797,3.762083053588867,2.3151872158050537,0.000937530945520848,1.09577476978302
126,2,125000,764,9160,247112.125,4,160,2250,49998.68359375,99.99736785888672,99.99972534179688,3.8424155712127686,2.3506076335906982,0.000837919709738344,1.074651837348938,176,2074,49995.81640625,99.99169158935547,51.86994934082031,3.7140989303588867,1.9751499891281128,0.004085388034582138,1.2134766578674316,143,1579,48473.37890625,96.9467544555664,5.425937652587891,3.8848698139190674,2.319641351699829,0.0004830002726521343,1.0889652967453003,123,1347,49970.2265625,99.94047546386719,1.376437783241272,3.6563665866851807,2.3281843662261963,0.0005634784465655684,1.0702495574951172,162,1910,48674.01953125,97.34803009033203,2.2419731616973877,3.751899242401123,2.315786123275757,0.0012625264935195446,1.1547608375549316
127,2,125000,805,7526,248963.25390625,4,163,1391,49992.16796875,99.984375,99.99199676513672,3.8729569911956787,2.365509033203125,0.00012593984138220549,1.0370551347732544,201,2058,49167.04296875,98.33406829833984,41.99087905883789,3.702296018600464,1.9309780597686768,0.0009394311928190291,1.1185728311538696,145,1104,49965.64453125,99.9312973022461,99.8508529663086,3.893439292907715,2.336336374282837,0.0001925778342410922,1.0466351509094238,138,1524,49841.375,99.6827392578125,0.06252223253250122,3.726586103439331,2.3401830196380615,0.0004648733010981232,1.077074646949768,158,1449,49997.0234375,99.99406433105469,99.9987564086914,3.774790048599243,2.327929735183716,0.0004464101803023368,1.0567731857299805
128,2,125000,1018,9440,246451.52734375,4,231,2268,49258.81640625,98.51759338378906,2.6452276706695557,3.8694396018981934,2.361924409866333,0.0005116843967698514,1.0769957304000854,209,2055,48664.29296875,97.32853698730469,10.743207931518555,3.685053586959839,1.903428554534912,0.0008233785629272461,1.0496900081634521,168,1774,48540.7734375,97.08158111572266,3.371072769165039,3.8951690196990967,2.3406944274902344,0.0001574039488332346,1.0311144590377808,202,1678,49995.171875,99.9905014038086,4.2570319175720215,3.7097010612487793,2.331468343734741,0.0007438707398250699,1.1098365783691406,208,1665,49992.47265625,99.98494720458984,2.707718849182129,3.754039764404297,2.318681001663208,0.0011023092083632946,1.0666961669921875
129,2,125000,840,8863,248584.7421875,4,156,1471,49388.30078125,98.77656555175781,62.62206268310547,3.8623266220092773,2.3569185733795166,0.0001491189032094553,1.027270793914795,205,2358,49987.57421875,99.97508239746094,1.7335214614868164,3.6748619079589844,1.8983157873153687,0.0005212855176068842,1.0770264863967896,157,1756,49383.1796875,98.7663803100586,5.900814533233643,3.8953514099121094,2.34098744392395,0.00012838124530389905,1.0370590686798096,135,1259,49929.10546875,99.85818481445312,99.36996459960938,3.691312551498413,2.3247368335723877,0.0002517604734748602,1.039159893989563,187,2019,49896.58203125,99.79322814941406,0.7491974234580994,3.7378928661346436,2.3124914169311523,0.00036679982440546155,1.061234712600708
130,2,125000,1069,10270,249885.453125,4,243,2193,49998.73828125,99.99739837646484,23.540231704711914,3.8328304290771484,2.3407340049743652,0.0006210040883161128,1.0927640199661255,209,2351,49992.0859375,99.98414611816406,2.2562289237976074,3.645740032196045,1.8399872779846191,0.0005126547766849399,1.0748896598815918,190,1763,49989.86328125,99.97972106933594,99.98662567138672,3.8852996826171875,2.3233418464660645,0.00026796339079737663,1.061731219291687,229,2000,49909.22265625,99.81848907470703,0.3762504756450653,3.5844075679779053,2.2969768047332764,0.0009104299242608249,1.1029791831970215,198,1963,49995.54296875,99.99110412597656,47.50271987915039,3.6809756755828857,2.291041135787964,0.0006537222652696073,1.0803853273391724
131,2,125000,628,7416,248301.43359375,4,129,1380,48710.046875,97.42013549804688,12.486124992370605,3.8623526096343994,2.3578081130981445,0.0010610270546749234,1.1387470960617065,115,1578,49892.34765625,99.78469848632812,98.5564956665039,3.677255153656006,1.9255025386810303,0.0010354924015700817,1.0984364748001099,141,2091,49719.578125,99.43913269042969,10.1377534866333,3.8882088661193848,2.3260209560394287,0.00048711299314163625,1.0761271715164185,105,1063,49984.6484375,99.96932220458984,99.96981811523438,3.658827066421509,2.314863920211792,0.0004710769571829587,1.0751879215240479,138,1304,49994.8125,99.98960876464844,3.5334718227386475,3.6819605827331543,2.291522979736328,0.002440371550619602,1.1904038190841675
132,2,125000,1114,10245,247930.07421875,4,203,1738,49231.3515625,98.46276092529297,2.353515386581421,3.884453058242798,2.3717732429504395,0.000569546187762171,1.0983113050460815,248,2277,49358.36328125,98.71675109863281,59.754310607910156,3.676381826400757,1.9401354789733887,0.0009217238402925432,1.1214479207992554,250,2423,49345.45703125,98.69090270996094,6.292125225067139,3.884688138961792,2.3190693855285645,0.0005088138277642429,1.1060200929641724,182,1282,49995.765625,99.99148559570312,99.99752044677734,3.72574782371521,2.3322155475616455,0.00032059906516224146,1.061500906944275,231,2525,49999.13671875,99.998291015625,8.212606430053711,3.678255558013916,2.2893025875091553,0.00042897940147668123,1.0693554878234863
133,2,125000,1109,9610,249890.4296875,4,186,1516,49994.14453125,99.9883041381836,2.1311113834381104,3.8683388233184814,2.3659706115722656,0.000370295048924163,1.04744291305542,239,2390,49930.6796875,99.86128997802734,0.7741712927818298,3.6624138355255127,1.9108161926269531,0.0009588098037056625,1.1257003545761108,208,1558,49994.55078125,99.98912048339844,99.99601745605469,3.867112636566162,2.2882072925567627,0.000685467675793916,1.0889159440994263,240,1998,49978.68359375,99.9573974609375,1.684685230255127,3.6429853439331055,2.31469988822937,0.00048601150047034025,1.1053110361099243,236,2148,49992.37109375,99.98464965820312,1.738024115562439,3.633366107940674,2.2731845378875732,0.001100704655982554,1.1271286010742188
134,2,125000,965,8736,248198.3359375,4,185,1740,49409.22265625,98.81842041015625,64.55526733398438,3.90183687210083,2.3829309940338135,0.00012978792074136436,1.0402415990829468,169,1475,48823.92578125,97.64789581298828,17.73800277709961,3.697892904281616,1.9811782836914062,0.0008096599485725164,1.0846084356307983,161,1515,49993.72265625,99.98748016357422,99.99478149414062,3.884657144546509,2.3176028728485107,0.00017792700964491814,1.0225459337234497,189,1629,49998.99609375,99.99797821044922,5.412508964538574,3.7891924381256104,2.3528804779052734,0.0002435398055240512,1.0599011182785034,261,2377,49972.46875,99.94495391845703,1.0615698099136353,3.708840847015381,2.2997262477874756,0.0004471754946280271,1.0756874084472656
135,2,125000,1041,9796,248738.625,4,217,2026,49970.82421875,99.94161987304688,99.89210510253906,3.899193286895752,2.3817696571350098,0.0001608037855476141,1.0529309511184692,166,2012,48795.2890625,97.59052276611328,8.187498092651367,3.686486005783081,1.9352198839187622,0.0003366255550645292,1.0620745420455933,216,1718,49991.97265625,99.98389434814453,1.3694877624511719,3.87686824798584,2.304542303085327,0.00012386559683363885,1.0404167175292969,207,2089,49982.5390625,99.96511840820312,1.8160375356674194,3.737272262573242,2.3369979858398438,0.001999137457460165,1.1896893978118896,235,1951,49998.0,99.99604034423828,10.618078231811523,3.6922569274902344,2.290694236755371,0.000887322414200753,1.1555379629135132
136,2,125000,878,8848,248384.14453125,4,178,1705,49987.62890625,99.97529602050781,3.9834678173065186,3.888930082321167,2.3766074180603027,0.0001643919968046248,1.0326229333877563,128,1043,49659.0625,99.3180923461914,8.077879905700684,3.7306137084960938,2.012589693069458,0.0005791235016658902,1.05775785446167,213,2209,49982.39453125,99.9648208618164,2.7229912281036377,3.8786511421203613,2.3097262382507324,0.0005308532854542136,1.0755940675735474,152,1746,48760.58203125,97.5211181640625,14.647583961486816,3.656611204147339,2.3187756538391113,0.0007074093446135521,1.074155330657959,207,2145,49994.4765625,99.9888916015625,85.01893615722656,3.6821277141571045,2.2807939052581787,0.0013451098930090666,1.2050338983535767
137,2,125000,1009,9972,247162.90625,4,202,1738,48859.4375,97.71894836425781,6.690824508666992,3.8804869651794434,2.3730130195617676,0.00018294810433872044,1.0520621538162231,202,2282,49973.82421875,99.94766998291016,33.9471435546875,3.715503454208374,1.932632565498352,0.0007415962172672153,1.0844218730926514,217,2062,49995.61328125,99.9911880493164,6.77682638168335,3.8779122829437256,2.3122339248657227,0.00028375862166285515,1.0692392587661743,181,1873,49535.171875,99.07032775878906,8.229525566101074,3.591007947921753,2.3093085289001465,0.000886490335687995,1.1406725645065308,207,2017,48798.859375,97.59783172607422,16.46632957458496,3.6802828311920166,2.281329870223999,0.0008559751440770924,1.1427816152572632
138,2,125000,936,9625,248627.15625,4,214,2144,49817.4609375,99.63487243652344,0.0754963681101799,3.889075756072998,2.376624822616577,0.0001791214890545234,1.029977798461914,180,1598,48838.61328125,97.67720794677734,7.914706707000732,3.717029333114624,1.9162402153015137,0.0005670356913469732,1.0753977298736572,155,1570,49997.46875,99.9948959350586,99.99906158447266,3.8811497688293457,2.317683219909668,3.795623706537299e-05,1.015729308128357,160,1516,49985.62109375,99.97127532958984,99.97351837158203,3.585005760192871,2.3053839206695557,0.0011426901910454035,1.1123536825180054,227,2797,49987.9921875,99.97598266601562,2.2180724143981934,3.699209451675415,2.28513240814209,0.00033024311414919794,1.0431091785430908
139,2,125000,1197,10782,249030.1953125,4,266,2301,49842.72265625,99.68546295166016,17.785106658935547,3.8869378566741943,2.3755056858062744,0.0002621340681798756,1.0671483278274536,215,2125,49973.05859375,99.94613647460938,2.907287359237671,3.726614236831665,1.9262337684631348,0.0004219150578137487,1.0630245208740234,250,2061,49251.29296875,98.50257873535156,49.60440444946289,3.8755016326904297,2.307403087615967,0.00011499881657073274,1.0432106256484985,244,2239,49976.76171875,99.9534912109375,99.9312744140625,3.515737771987915,2.295393466949463,0.0017342710634693503,1.1121940612792969,222,2056,49986.359375,99.97276306152344,1.9244742393493652,3.686635971069336,2.277972459793091,0.0005162667948752642,1.0736714601516724
140,2,125000,1043,10008,249910.91796875,4,206,1947,49978.19140625,99.95633697509766,7.414505481719971,3.8925323486328125,2.3785862922668457,0.00021847724565304816,1.0445107221603394,226,2237,49982.64453125,99.96537017822266,5.266114711761475,3.728485345840454,1.912728190422058,0.000283980363747105,1.0518817901611328,227,2130,49998.76953125,99.99755096435547,99.999755859375,3.8722195625305176,2.299260139465332,0.00010474681766936556,1.0310603380203247,197,1605,49976.1875,99.952392578125,99.92801666259766,3.477405309677124,2.28775691986084,0.0010790991364046931,1.1045833826065063,187,2089,49975.125,99.95020294189453,2.155017852783203,3.6734721660614014,2.2704522609710693,0.0003019428113475442,1.078629493713379
141,2,125000,936,8761,246347.67578125,4,191,1682,48780.8203125,97.56163024902344,13.548114776611328,3.9016716480255127,2.383481025695801,0.000162930489750579,1.0376665592193604,227,2167,49998.2421875,99.99644470214844,8.091939926147461,3.736788034439087,1.943442463874817,0.00028598547214642167,1.0452938079833984,170,1542,48511.42578125,97.02288055419922,3.382307291030884,3.8801305294036865,2.3099560737609863,5.68151444895193e-05,1.0222660303115845,134,1189,49753.89453125,99.50775909423828,92.6961441040039,3.581214189529419,2.309039354324341,0.001964232884347439,1.1991419792175293,214,2181,49303.29296875,98.60655975341797,7.887943744659424,3.7112209796905518,2.287044048309326,0.0005308580002747476,1.0306719541549683
142,2,125000,954,8530,249891.39453125,4,194,1606,49997.16796875,99.99427795410156,99.99881744384766,3.906017303466797,2.386244058609009,0.00016421318287029862,1.0218255519866943,231,1995,49995.97265625,99.99190521240234,3.4039669036865234,3.749685287475586,1.9945894479751587,0.0014277839800342917,1.1264832019805908,86,866,49977.5234375,99.9550552368164,1.0050712823867798,3.8845176696777344,2.3157312870025635,0.00013653277710545808,1.0262033939361572,250,2420,49930.83984375,99.86164093017578,1.0461865663528442,3.652972936630249,2.3261215686798096,0.0015347361331805587,1.0808320045471191,193,1643,49989.890625,99.97978973388672,99.9867172241211,3.7364213466644287,2.2981479167938232,0.0006352424388751388,1.0622243881225586
143,2,125000,779,9543,247311.96484375,4,126,995,49997.4140625,99.99486541748047,99.99905395507812,3.8964109420776367,2.3814408779144287,0.000187311161425896,1.0550493001937866,162,2018,48229.77734375,96.4595947265625,0.7599618434906006,3.7722129821777344,2.061965227127075,0.001668691635131836,1.087955355644226,145,1962,49999.30859375,99.99860382080078,21.311147689819336,3.878086566925049,2.3035309314727783,0.00021583556372206658,1.0315465927124023,144,1837,49951.03515625,99.90203094482422,99.69810485839844,3.606048822402954,2.3158624172210693,0.00047351597459055483,1.051259994506836,202,2731,49134.4296875,98.2688217163086,14.808881759643555,3.71462082862854,2.2870638370513916,0.00036676882882602513,1.0682704448699951
144,2,125000,1132,10634,248815.24609375,4,196,1921,49941.55078125,99.8830795288086,0.8010528087615967,3.902615785598755,2.38472843170166,0.00015766620344948024,1.033477544784546,243,2372,49921.74609375,99.84347534179688,1.2101051807403564,3.776533842086792,2.0768187046051025,0.0012621140340343118,1.133682370185852,214,1997,49956.42578125,99.91287231445312,1.5507997274398804,3.8739848136901855,2.2989180088043213,8.52799421409145e-05,1.0229785442352295,219,1994,49004.26953125,98.00846862792969,28.940277099609375,3.613154172897339,2.312145709991455,0.0003638315247371793,1.0519171953201294,260,2350,49991.25390625,99.98241424560547,1.0421242713928223,3.7062878608703613,2.2774438858032227,0.00019768236961681396,1.0462414026260376
145,2,125000,944,10070,247492.859375,4,192,1760,48902.02734375,97.80406951904297,22.147117614746094,3.903165817260742,2.3847146034240723,0.00011273621930740774,1.033692479133606,181,1870,48662.3828125,97.3247299194336,0.020073270425200462,3.7883682250976562,2.103593111038208,0.0024615812581032515,1.2326819896697998,222,2959,49960.3125,99.92056274414062,1.174308180809021,3.872856616973877,2.3013734817504883,0.0001489639253122732,1.0596296787261963,176,1547,49995.01171875,99.99000549316406,3.419865608215332,3.6111865043640137,2.3072383403778076,0.001006786827929318,1.1535897254943848,173,1934,49973.125,99.94619750976562,99.9082260131836,3.6831820011138916,2.265101432800293,0.0007443857030011714,1.0702788829803467
146,2,125000,847,7370,249876.95703125,4,174,1216,49997.8828125,99.99568939208984,82.74300384521484,3.9005439281463623,2.3827531337738037,0.00014935254876036197,1.0455234050750732,163,1322,49998.48828125,99.99701690673828,99.99964141845703,3.8134987354278564,2.177267551422119,0.0018865418387576938,1.1598244905471802,189,1977,49978.69140625,99.95738983154297,1.1790263652801514,3.8766496181488037,2.3102967739105225,0.0001189517934108153,1.03632390499115,170,1442,49905.6328125,99.81121826171875,0.0994807556271553,3.6387829780578613,2.3094899654388428,0.0004766178026329726,1.0775314569473267,151,1413,49996.26171875,99.99250030517578,99.99803924560547,3.686228036880493,2.264066696166992,0.000438101269537583,1.0697017908096313
147,2,125000,816,8279,246235.16015625,4,150,1248,49989.41015625,99.97874450683594,1.907371997833252,3.9006707668304443,2.382890224456787,0.00046561716590076685,1.1183432340621948,140,1639,48706.56640625,97.41315460205078,12.34597110748291,3.826627016067505,2.210136890411377,0.00278051127679646,1.1883032321929932,180,1865,48812.12890625,97.6242904663086,17.129865646362305,3.873643636703491,2.306518316268921,0.00013032197603024542,1.0265206098556519,161,1624,49937.73828125,99.87552642822266,0.397333025932312,3.6640777587890625,2.312695026397705,0.00048696278827264905,1.0794305801391602,185,1903,48789.31640625,97.57868957519531,2.9005887508392334,3.6947216987609863,2.2677884101867676,0.0004976033815182745,1.0745564699172974
148,2,125000,670,7868,248024.484375,4,123,1387,49997.4453125,99.99488830566406,10.789382934570312,3.8973286151885986,2.3805360794067383,0.00021208763064350933,1.04153311252594,123,1495,49996.35546875,99.99271392822266,99.99816131591797,3.8456599712371826,2.2555124759674072,0.0016314100939780474,1.1144917011260986,141,1414,48796.234375,97.59245300292969,16.33367919921875,3.8753502368927,2.3080482482910156,0.00023002146917860955,1.071701169013977,104,1045,49238.24609375,98.4764633178711,1.9005930423736572,3.696586847305298,2.317389726638794,0.0008659315062686801,1.0901373624801636,179,2527,49996.203125,99.99238586425781,5.871165752410889,3.718332052230835,2.2769455909729004,0.0005562686710618436,1.0802395343780518
149,2,125000,1025,9334,248240.50390625,4,169,1552,48630.89453125,97.26171875,2.273088216781616,3.8854026794433594,2.3735830783843994,0.0001892685831990093,1.038469910621643,211,1830,49691.62890625,99.38326263427734,88.77870178222656,3.841890811920166,2.258096933364868,0.0003357887326274067,1.0656651258468628,224,2058,49979.82421875,99.95965576171875,1.7121200561523438,3.8780314922332764,2.3118889331817627,0.0008168983040377498,1.0800262689590454,219,2065,49940.6328125,99.88117218017578,3.979973077774048,3.6696903705596924,2.301529884338379,0.0009017658303491771,1.064082384109497,202,1829,49997.5234375,99.99514770507812,99.99913024902344,3.705759286880493,2.268585443496704,0.0007018017349764705,1.0668034553527832
150,2,125000,993,10042,247971.515625,4,220,1925,49987.91015625,99.9758071899414,99.98109436035156,3.875340461730957,2.3682141304016113,0.00017478942754678428,1.0324294567108154,196,2252,49848.87109375,99.69774627685547,0.952197253704071,3.840137243270874,2.260019302368164,0.00013920068158768117,1.0365207195281982,177,1659,49012.4375,98.0249252319336,14.270719528198242,3.8843438625335693,2.321732759475708,0.0005926322774030268,1.073180079460144,180,1722,49997.19140625,99.99431610107422,99.99884033203125,3.6601879596710205,2.2874674797058105,0.0007950901635922492,1.0736324787139893,220,2484,49125.10546875,98.25018310546875,38.39365768432617,3.68500018119812,2.258328437805176,0.0007730555371381342,1.095455527305603
