episode,seed,steps,total_clicks,total_wins,total_cost,ppo_epochs_run,clicks_1458,wins_1458,cost_1458,util_1458,lambda_1458,ent_thr_1458,ent_res_1458,kl_1458,ratio_max_1458,clicks_2259,wins_2259,cost_2259,util_2259,lambda_2259,ent_thr_2259,ent_res_2259,kl_2259,ratio_max_2259,clicks_3386,wins_3386,cost_3386,util_3386,lambda_3386,ent_thr_3386,ent_res_3386,kl_3386,ratio_max_3386,clicks_2997,wins_2997,cost_2997,util_2997,lambda_2997,ent_thr_2997,ent_res_2997,kl_2997,ratio_max_2997,clicks_3476,wins_3476,cost_3476,util_3476,lambda_3476,ent_thr_3476,ent_res_3476,kl_3476,ratio_max_3476
1,3,125000,814,10212,249385.27734375,4,143,1868,49993.73828125,99.98748016357422,9.018043518066406,3.9317150115966797,2.3977317810058594,0.0011005592532455921,1.0899969339370728,188,2670,49997.8203125,99.99568939208984,3.444206714630127,3.931704521179199,2.3976991176605225,0.0014692472759634256,1.1029455661773682,161,1878,49996.3046875,99.99269104003906,2.103036403656006,3.931701898574829,2.3977017402648926,0.0012644910020753741,1.1065999269485474,155,1528,49992.89453125,99.98577880859375,99.99329376220703,3.931718587875366,2.397709369659424,0.0011017632205039263,1.1033247709274292,167,2268,49404.51953125,98.80903625488281,3.1971540451049805,3.9316813945770264,2.397636890411377,0.0011851572198793292,1.0823323726654053
2,3,125000,909,8482,248200.9140625,4,148,1426,49993.828125,99.9876480102539,13.09698486328125,3.931302785873413,2.397292137145996,0.0004269671335350722,1.0620067119598389,198,1791,49985.0390625,99.97004699707031,3.694598436355591,3.931270122528076,2.39713454246521,0.0002929162874352187,1.054068684577942,186,1490,49971.4921875,99.9429931640625,31.420942306518555,3.9312355518341064,2.397397041320801,0.0004260420682840049,1.072288990020752,194,1884,49672.1953125,99.34435272216797,0.001373019185848534,3.931354284286499,2.397233486175537,0.0004857182502746582,1.076269268989563,183,1891,48578.359375,97.1567611694336,2.517137289047241,3.931220531463623,2.397094249725342,0.00038016081089153886,1.0637308359146118
3,3,125000,658,7783,249165.86328125,4,169,2084,49987.38671875,99.97480773925781,4.232605457305908,3.9306743144989014,2.396623373031616,0.000362558348570019,1.066055417060852,133,1540,49976.10546875,99.95209503173828,2.858745813369751,3.9307751655578613,2.3965492248535156,0.00029680729494430125,1.0683449506759644,140,1608,49998.7109375,99.99742126464844,46.63462448120117,3.9305620193481445,2.397169828414917,0.00020635603868868202,1.0437917709350586,133,1542,49212.86328125,98.42574310302734,2.747784376144409,3.9308526515960693,2.396902084350586,0.00020406961266417056,1.0431021451950073,83,1009,49990.796875,99.98160552978516,99.98898315429688,3.930859327316284,2.3968751430511475,0.00027358531951904297,1.0567561388015747
4,3,125000,956,8149,246773.09765625,4,147,1162,48913.8671875,97.82771301269531,22.87353515625,3.9299087524414062,2.3955721855163574,0.00029056071070954204,1.0519402027130127,179,1515,49993.7109375,99.98737335205078,1.0653314590454102,3.930203676223755,2.3957557678222656,0.0001908397680381313,1.0447100400924683,197,1789,49979.45703125,99.95903015136719,3.1351540088653564,3.9297244548797607,2.3967721462249756,0.00025847673532553017,1.06021249294281,242,1761,49095.30078125,98.19060516357422,0.0041432613506913185,3.930027484893799,2.396364450454712,0.00028661490068770945,1.0490659475326538,191,1922,48790.76171875,97.58155059814453,3.694336175918579,3.9302971363067627,2.396524667739868,0.0001660299312788993,1.0465338230133057
5,3,125000,701,7777,246082.21484375,4,137,1766,49919.65625,99.83935546875,99.19277954101562,3.9294817447662354,2.395063638687134,0.00018661736976355314,1.0409691333770752,134,1623,48816.91796875,97.63388061523438,17.37505340576172,3.9297618865966797,2.3953120708465576,0.00019574403995648026,1.0482648611068726,159,1989,49995.55859375,99.99111938476562,8.017548561096191,3.9293694496154785,2.39650559425354,0.00014819383795838803,1.0463801622390747,133,1059,47363.984375,94.72799682617188,0.0010000000474974513,3.9293630123138428,2.3958520889282227,0.00025503395590931177,1.0478140115737915,138,1340,49986.09765625,99.97219848632812,99.97514343261719,3.930051803588867,2.3963305950164795,0.0001341509778285399,1.0240325927734375
6,3,125000,807,8999,249105.203125,4,126,1381,49997.625,99.99518585205078,99.99913787841797,3.92848539352417,2.393794298171997,0.00043708086013793945,1.0696896314620972,151,1546,49991.5,99.98294067382812,3.9819018840789795,3.9287312030792236,2.3940722942352295,0.00025356767582707107,1.0554946660995483,182,2198,49996.44921875,99.99295806884766,4.148499488830566,3.9288127422332764,2.3960719108581543,0.00022664785501547158,1.0452696084976196,182,2321,49148.6796875,98.29730224609375,39.57451248168945,3.9281065464019775,2.39486026763916,0.00022072553110774606,1.044397234916687,166,1553,49970.94921875,99.94181823730469,99.89281463623047,3.929490804672241,2.395594596862793,0.00014220476441551,1.0393977165222168
7,3,125000,718,7361,249036.3671875,4,180,1687,49998.12109375,99.99616241455078,12.280800819396973,3.9273595809936523,2.3922994136810303,0.00023290871467906982,1.0348154306411743,121,1126,49693.2578125,99.386474609375,88.88846588134766,3.9280900955200195,2.39353084564209,0.0002030849427683279,1.04550039768219,155,1354,49416.1328125,98.83235931396484,15.780458450317383,3.9287028312683105,2.3959152698516846,0.00010673284123186022,1.034203290939331,75,875,49930.60546875,99.8612060546875,99.39633178710938,3.9270849227905273,2.394146203994751,0.00037356375833041966,1.0477685928344727,187,2319,49998.25,99.99647521972656,99.99952697753906,3.9291486740112305,2.395462989807129,0.00014867067511659116,1.0323536396026611
8,3,125000,1066,9653,248303.48046875,4,215,2077,49696.9765625,99.39392852783203,89.1414566040039,3.924954652786255,2.388680934906006,0.0004688739718403667,1.0587917566299438,246,1993,49821.9609375,99.64403533935547,4.933866500854492,3.9252331256866455,2.390347957611084,0.000370779016520828,1.071823239326477,234,2151,49995.28125,99.9904556274414,15.89179515838623,3.9278876781463623,2.395681619644165,0.00020243643666617572,1.048234462738037,187,1781,48795.359375,97.59078216552734,4.085987567901611,3.9238548278808594,2.391564130783081,0.0006092047551646829,1.0427560806274414,184,1651,49993.90234375,99.98785400390625,2.364588737487793,3.92844295501709,2.393455982208252,0.00018027544138021767,1.0451345443725586
9,3,125000,984,9790,247297.2109375,4,192,1682,49991.50390625,99.98297119140625,2.0929348468780518,3.9218978881835938,2.3845462799072266,0.00040875194827094674,1.054983377456665,226,1993,48220.32421875,96.44058227539062,1.9061250686645508,3.922041177749634,2.386610746383667,0.0006975650903768837,1.0685955286026,195,2211,49997.99609375,99.99590301513672,99.99937438964844,3.9272923469543457,2.3959224224090576,0.0003341960837133229,1.0656976699829102,191,1602,49966.22265625,99.9325180053711,99.8560791015625,3.91965913772583,2.3883862495422363,0.0005941843846812844,1.0780349969863892,180,2302,49121.1640625,98.2423095703125,14.017688751220703,3.927748918533325,2.391533851623535,0.0002532315265852958,1.0589659214019775
10,3,125000,848,8313,249944.58203125,4,145,1339,49995.890625,99.99183654785156,99.9977035522461,3.92138671875,2.3850412368774414,0.000316431513056159,1.0491005182266235,199,2023,49995.58984375,99.99120330810547,47.20874786376953,3.9216907024383545,2.3862175941467285,0.0004638147365767509,1.0807743072509766,188,1861,49975.4765625,99.95092010498047,1.8303614854812622,3.9279274940490723,2.3963232040405273,0.00019659280951600522,1.0377579927444458,154,1718,49994.1328125,99.98824310302734,3.008495807647705,3.9172375202178955,2.3870151042938232,0.00047859668848104775,1.0813852548599243,162,1372,49983.4921875,99.96699523925781,2.0418806076049805,3.927643299102783,2.3923869132995605,0.0003086113720200956,1.0592831373214722
11,3,125000,687,7125,249099.265625,4,110,1281,49986.00390625,99.97200012207031,99.9748306274414,3.917207956314087,2.3805036544799805,0.0005223584012128413,1.072997808456421,150,1370,49992.48828125,99.98495483398438,5.2858967781066895,3.917940616607666,2.381544828414917,0.0006931590614840388,1.1081548929214478,149,1419,49927.8984375,99.85581970214844,99.34891510009766,3.927509069442749,2.3963916301727295,0.00022166251437738538,1.039474606513977,127,1446,49216.09375,98.43217468261719,19.903881072998047,3.911133289337158,2.382028341293335,0.0007835602737031877,1.1008994579315186,151,1609,49976.78125,99.95359802246094,99.93156433105469,3.92671799659729,2.3900773525238037,0.0002605366753414273,1.0595483779907227
12,3,125000,899,8417,247764.17578125,4,229,1886,49443.6875,98.88738250732422,24.17385482788086,3.915181875228882,2.3802645206451416,0.0005891084438189864,1.085081934928894,113,952,49997.8125,99.99563598632812,99.99930572509766,3.9165456295013428,2.378937005996704,0.0009416890097782016,1.0577870607376099,227,2189,49388.921875,98.7777328491211,0.5319671630859375,3.926795482635498,2.3960838317871094,0.00022352933592628688,1.0544637441635132,92,965,49138.18359375,98.2763671875,5.125434875488281,3.9096028804779053,2.3792903423309326,0.0012247037375345826,1.1194957494735718,238,2425,49795.5703125,99.59117889404297,0.5108192563056946,3.926316976547241,2.3894379138946533,0.00031113624572753906,1.041406512260437
13,3,125000,1020,9031,249667.6171875,4,210,1695,49875.15234375,99.75028228759766,29.3378849029541,3.9142913818359375,2.3821568489074707,0.0005049061728641391,1.096474528312683,199,1642,49819.7578125,99.6395263671875,0.394969642162323,3.9118804931640625,2.3718557357788086,0.0006585121154785156,1.0698013305664062,191,1845,49988.015625,99.97600555419922,2.5557074546813965,3.926252603530884,2.3955235481262207,0.00023721932666376233,1.04524564743042,220,2044,49999.58984375,99.99920654296875,16.014263153076172,3.904845714569092,2.374347448348999,0.0004449343541637063,1.0722204446792603,200,1805,49985.1015625,99.97017669677734,75.45155334472656,3.926056385040283,2.3894619941711426,0.00032168388133868575,1.0672190189361572
14,3,125000,965,9000,246655.734375,4,168,1457,48744.81640625,97.48966217041016,13.946356773376465,3.909576416015625,2.3792636394500732,0.00046630858560092747,1.0742065906524658,163,1679,49064.69140625,98.12938690185547,7.357496738433838,3.9053685665130615,2.3596854209899902,0.0009406018070876598,1.0669580698013306,225,2350,49949.44140625,99.89888763427734,1.5785311460494995,3.924935817718506,2.3942930698394775,0.00018436192476656288,1.0440865755081177,177,1540,48898.5078125,97.79702758789062,21.933752059936523,3.900657892227173,2.3682024478912354,0.0006840157439000905,1.116598129272461,232,1974,49998.27734375,99.99658203125,28.20962905883789,3.924499988555908,2.3874309062957764,0.00012766837608069181,1.0306733846664429
15,3,125000,756,7268,247193.70703125,4,191,2012,48680.171875,97.36027526855469,11.324319839477539,3.9074151515960693,2.3785195350646973,0.0004696130636148155,1.0750802755355835,85,1016,49987.6171875,99.97527313232422,99.98027038574219,3.9046521186828613,2.3558566570281982,0.0007844853098504245,1.0889170169830322,160,1455,49975.94140625,99.95189666748047,8.697391510009766,3.925051689147949,2.394059896469116,0.00017449140432290733,1.0537254810333252,158,1361,49997.5,99.99497985839844,5.92946720123291,3.902292490005493,2.367582321166992,0.00035177229437977076,1.0455760955810547,162,1424,48552.4765625,97.10494995117188,6.542307376861572,3.9251315593719482,2.389922857284546,0.00024677274632267654,1.069366216659546
16,3,125000,699,8177,248180.55078125,4,113,982,49983.43359375,99.96685028076172,99.96484375,3.9040825366973877,2.3755135536193848,0.0004246592288836837,1.0728111267089844,172,2116,49934.6796875,99.8693618774414,1.166145920753479,3.900454521179199,2.350620985031128,0.0008908367017284036,1.0802890062332153,180,2315,49995.2421875,99.99054718017578,3.622983694076538,3.9247350692749023,2.3935530185699463,0.00019586562120821327,1.0590018033981323,116,1306,49995.296875,99.99056243896484,2.587463617324829,3.898484706878662,2.3638322353363037,0.0005311393761076033,1.0578027963638306,118,1458,48271.8984375,96.54378509521484,2.390139579772949,3.9245736598968506,2.3908896446228027,0.0001872563298093155,1.0461057424545288
17,3,125000,977,9151,249702.1640625,4,206,1954,49997.40234375,99.99473571777344,65.8621597290039,3.9027159214019775,2.372838258743286,0.0003229784779250622,1.0734267234802246,198,1503,49841.51953125,99.68303680419922,0.08328729122877121,3.898265838623047,2.3498144149780273,0.0010510444408282638,1.1151736974716187,196,1800,49991.69921875,99.98342895507812,2.6842806339263916,3.9238195419311523,2.392326593399048,0.00022034643916413188,1.048619270324707,182,1860,49899.61328125,99.7991714477539,1.568493366241455,3.891950845718384,2.358511447906494,0.0014690565876662731,1.1682958602905273,195,2034,49971.9296875,99.94384765625,0.9716147780418396,3.923938512802124,2.390995979309082,0.0001752400421537459,1.0458414554595947
18,3,125000,634,7698,247466.44921875,4,74,840,49893.171875,99.78636169433594,1.9143357276916504,3.906290292739868,2.375840425491333,0.000398421281715855,1.0778608322143555,140,1334,49857.98046875,99.7159652709961,97.50347137451172,3.902010440826416,2.3584213256835938,0.0006606745300814509,1.077269434928894,115,1396,49982.296875,99.96453857421875,99.95980834960938,3.9240362644195557,2.392247200012207,0.0003635096363723278,1.0809011459350586,181,2312,48575.30859375,97.1506576538086,7.903753757476807,3.8927807807922363,2.3606057167053223,0.00037310359766706824,1.052355170249939,124,1816,49157.69140625,98.31541442871094,40.84963607788086,3.925917863845825,2.3936429023742676,6.781100819353014e-05,1.022153377532959
19,3,125000,1014,9408,248235.87890625,4,219,2003,49079.6171875,98.15925598144531,34.66943359375,3.895662784576416,2.3645071983337402,0.0002974462404381484,1.0628694295883179,205,1885,49996.86328125,99.99369812011719,11.77430534362793,3.886246919631958,2.338027000427246,0.000620989769231528,1.084978461265564,180,1576,49987.04296875,99.97405242919922,3.2966206073760986,3.919938325881958,2.388037919998169,0.00022032976266928017,1.057342767715454,203,2168,49186.2265625,98.3724365234375,18.889070510864258,3.8772008419036865,2.3444204330444336,0.0006321382243186235,1.0919114351272583,207,1776,49986.12890625,99.97220611572266,2.780247926712036,3.9218597412109375,2.389347553253174,0.00019470452389214188,1.0494232177734375
20,3,125000,961,8608,247893.06640625,4,210,1863,49999.21484375,99.99848937988281,12.782876968383789,3.9005444049835205,2.3671910762786865,0.0004988241125829518,1.0564789772033691,187,1480,49995.7578125,99.9915542602539,19.49431800842285,3.8923745155334473,2.3485100269317627,0.0006065702182240784,1.0605770349502563,177,2269,49984.12109375,99.96820831298828,2.254225015640259,3.9205455780029297,2.389417886734009,0.00020327328820712864,1.0374869108200073,184,1400,48964.12109375,97.9281997680664,26.13521957397461,3.880136728286743,2.3512468338012695,0.0007322597084566951,1.0690531730651855,203,1596,48949.8515625,97.8996810913086,25.18122100830078,3.9241278171539307,2.3922717571258545,0.00018434047524351627,1.0234863758087158
21,3,125000,875,7388,248708.9609375,4,199,1569,49955.23046875,99.91039276123047,99.74718475341797,3.8955788612365723,2.3573944568634033,0.00039196727448143065,1.0700466632843018,155,1174,49997.79296875,99.99557495117188,99.99930572509766,3.8871922492980957,2.338336229324341,0.0008988737827166915,1.0718600749969482,148,1233,49939.94140625,99.8799057006836,2.560253620147705,3.9180285930633545,2.3883068561553955,0.00027550457161851227,1.0737042427062988,211,2089,49170.3046875,98.34062194824219,14.675869941711426,3.8647398948669434,2.3337037563323975,0.0012772917980328202,1.1010117530822754,162,1323,49645.69140625,99.2913818359375,85.46180725097656,3.9219436645507812,2.3900439739227295,0.0001558017684146762,1.050213098526001
22,3,125000,905,8370,248468.8046875,4,203,2099,49956.52734375,99.9130630493164,57.57762145996094,3.8983569145202637,2.359358787536621,0.000581126194447279,1.1221182346343994,223,2243,49998.84375,99.99769592285156,99.99976348876953,3.8915600776672363,2.34472393989563,0.0004772567772306502,1.0816302299499512,168,1471,49327.6953125,98.65535736083984,15.110062599182129,3.9177098274230957,2.3893370628356934,0.0002446365251671523,1.068126916885376,134,1044,49204.23828125,98.4084701538086,45.29631423950195,3.8643314838409424,2.3314452171325684,0.001327650505118072,1.1453123092651367,177,1513,49981.5,99.96298217773438,1.522416591644287,3.923078775405884,2.39113450050354,0.000136578077217564,1.0368375778198242
23,3,125000,633,6042,249040.74609375,4,276,2601,49995.25390625,99.99046325683594,13.082046508789062,3.890040397644043,2.3464772701263428,0.0007460951455868781,1.092016577720642,30,260,49991.65625,99.98334503173828,99.99090576171875,3.888843297958374,2.3303732872009277,0.0015193629078567028,1.1573026180267334,171,1638,49986.5390625,99.9731216430664,4.8060503005981445,3.914803981781006,2.386584758758545,0.0001657938992138952,1.049408197402954,112,1182,49127.7421875,98.25548553466797,38.616783142089844,3.844444751739502,2.3116776943206787,0.0016717314720153809,1.0900468826293945,44,361,49939.5546875,99.8791275024414,99.54147338867188,3.918323278427124,2.385146379470825,0.00011053323396481574,1.0188400745391846
24,3,125000,993,9917,248371.47265625,4,181,1752,48496.39453125,96.99279022216797,4.971776008605957,3.8832638263702393,2.33306622505188,0.0008912515477277339,1.0749050378799438,198,1975,49950.90625,99.90178680419922,99.6965560913086,3.875771999359131,2.310438871383667,0.0008841061498969793,1.1006810665130615,199,1808,49994.77734375,99.98960876464844,99.99636840820312,3.9142284393310547,2.38515567779541,0.00036364077823236585,1.0546538829803467,195,2012,49936.015625,99.87203216552734,6.300631999969482,3.8295931816101074,2.295809030532837,0.0008850860176607966,1.1002355813980103,220,2370,49993.37890625,99.98682403564453,7.410884857177734,3.9123036861419678,2.381228446960449,0.0006906962371431291,1.0973213911056519
25,3,125000,1033,8724,247557.79296875,4,212,1636,49690.46875,99.38097381591797,35.49647903442383,3.886352062225342,2.33590030670166,0.0004285573959350586,1.0696865320205688,175,1735,48969.01953125,97.93802642822266,26.469223022460938,3.883195161819458,2.3331515789031982,0.0006542372284457088,1.074852705001831,211,1768,49973.6171875,99.94723510742188,99.91170501708984,3.9171736240386963,2.387101888656616,0.0002947091998066753,1.053507924079895,212,1423,48934.890625,97.86975860595703,24.20427894592285,3.8428704738616943,2.3107645511627197,0.0007162046385928988,1.095149040222168,223,2162,49989.796875,99.97962188720703,99.98652648925781,3.915375232696533,2.385800838470459,0.0003292560577392578,1.0715845823287964
26,3,125000,960,10374,248334.41015625,4,180,2049,49999.51171875,99.99893188476562,51.860103607177734,3.8828117847442627,2.331299066543579,0.0004703140293713659,1.073250651359558,207,2405,49998.3203125,99.99671936035156,41.244842529296875,3.8826818466186523,2.335508108139038,0.0003430127981118858,1.0648874044418335,187,1953,48999.79296875,97.99955749511719,28.592235565185547,3.91743540763855,2.386784076690674,0.00016424655041191727,1.0383713245391846,204,2086,49997.92578125,99.99591064453125,15.19687271118164,3.8417577743530273,2.312119483947754,0.0010372304823249578,1.120751976966858,182,1881,49338.859375,98.67780303955078,57.88845443725586,3.913639545440674,2.385258436203003,0.00016806363419163972,1.0434081554412842
27,3,125000,934,8584,249666.25390625,4,211,2298,49996.578125,99.9931869506836,99.99839782714844,3.876455545425415,2.3213462829589844,0.0008019137312658131,1.0883859395980835,175,1801,49766.078125,99.5321273803711,93.37678527832031,3.8743176460266113,2.317934274673462,0.0007580828387290239,1.110175371170044,186,1547,49977.859375,99.95572662353516,99.93763732910156,3.9150586128234863,2.3844728469848633,0.00037263153353706,1.0759388208389282,193,1402,49996.5234375,99.99298095703125,2.7189526557922363,3.8289036750793457,2.2958006858825684,0.0017199182184413075,1.1391674280166626,169,1536,49929.21484375,99.85842895507812,9.5343656539917,3.907982587814331,2.3811585903167725,0.0002633499971125275,1.0657774209976196
28,3,125000,782,8233,249916.9140625,4,150,1810,49992.99609375,99.98600006103516,23.63913917541504,3.8806209564208984,2.324880361557007,0.0002882909611798823,1.0398880243301392,125,1241,49948.2890625,99.89656829833984,99.66362762451172,3.8724007606506348,2.3053267002105713,0.0010465955128893256,1.1144273281097412,187,1806,49990.33984375,99.980712890625,3.540469169616699,3.915637731552124,2.3851823806762695,0.0006156516028568149,1.1333472728729248,142,1705,49988.72265625,99.97740936279297,99.98348236083984,3.8346502780914307,2.2974941730499268,0.0005504560540430248,1.1038836240768433,178,1671,49996.56640625,99.99317169189453,19.80577850341797,3.9056739807128906,2.3792691230773926,0.0007043528603389859,1.086458683013916
29,3,125000,999,8674,247503.421875,4,200,1907,48783.65234375,97.56733703613281,11.656027793884277,3.879138708114624,2.3204636573791504,0.0006565117510035634,1.0763416290283203,208,1586,49981.59765625,99.96317291259766,31.037073135375977,3.863389253616333,2.2784204483032227,0.0007151794270612299,1.0971481800079346,168,1737,48821.7421875,97.64347076416016,11.191349029541016,3.9141013622283936,2.3848748207092285,0.00021930217917542905,1.0674078464508057,204,1638,49930.48046875,99.86091613769531,1.3140437602996826,3.834712028503418,2.2972183227539062,0.0011691856198012829,1.1876392364501953,219,1806,49985.94921875,99.971923828125,68.54755401611328,3.8964359760284424,2.3724541664123535,0.0006664276006631553,1.089420199394226
30,3,125000,1002,8848,247655.1796875,4,192,1672,49598.98046875,99.1979751586914,37.661399841308594,3.8834216594696045,2.3299052715301514,0.0004992675385437906,1.0728510618209839,216,1902,49971.140625,99.94235229492188,2.002448558807373,3.8706138134002686,2.29333758354187,0.00037551403511315584,1.063361644744873,187,1585,49244.37890625,98.4887924194336,2.1356990337371826,3.916478157043457,2.388017416000366,0.00030465362942777574,1.0432921648025513,237,2076,49966.78515625,99.93362426757812,2.8339948654174805,3.8452038764953613,2.312547206878662,0.0006906675989739597,1.0598722696304321,170,1613,48873.89453125,97.747802734375,1.5212962627410889,3.8969905376434326,2.3737707138061523,0.0007923936937004328,1.127125859260559
31,3,125000,693,8736,247094.81640625,4,107,966,48530.40234375,97.06073760986328,6.717105865478516,3.8812215328216553,2.3311612606048584,0.000707895727828145,1.1097164154052734,177,2491,49980.48828125,99.96098327636719,3.2709414958953857,3.8617069721221924,2.2704269886016846,0.0009770679753273726,1.1183416843414307,175,2386,49896.52734375,99.7930679321289,98.66561126708984,3.9149253368377686,2.387737274169922,0.00025339124840684235,1.0594216585159302,93,1141,49992.3125,99.98465728759766,99.99224090576172,3.841064453125,2.3047425746917725,0.0011962342541664839,1.0626616477966309,141,1752,48695.0859375,97.39015197753906,7.424863815307617,3.889497995376587,2.36684513092041,0.0006509780650958419,1.083815097808838
32,3,125000,633,7609,248545.17578125,4,166,2334,49961.390625,99.9227523803711,1.2215145826339722,3.873284101486206,2.3245484828948975,0.0004374074924271554,1.0709333419799805,129,1827,49127.875,98.25576782226562,8.388136863708496,3.8483693599700928,2.235860586166382,0.0016271471977233887,1.1441353559494019,177,1911,49988.10546875,99.97625732421875,6.495326995849609,3.914936065673828,2.3880951404571533,0.00026777744642458856,1.0439460277557373,85,778,49522.4453125,99.04489135742188,75.17776489257812,3.834618330001831,2.2882280349731445,0.0016623424598947167,1.1463804244995117,76,759,49945.359375,99.89069366455078,99.62452697753906,3.8806958198547363,2.359898328781128,0.001015887246467173,1.1086252927780151
33,3,125000,659,7475,246325.1796875,4,100,1317,49242.28125,98.48456573486328,48.7700309753418,3.8805813789367676,2.3356518745422363,0.0005394124891608953,1.083904504776001,116,1134,49925.21875,99.85040283203125,99.29937744140625,3.856315851211548,2.2551043033599854,0.0012784384889528155,1.1061762571334839,154,1871,49420.22265625,98.84043884277344,65.67326354980469,3.9199066162109375,2.3913650512695312,0.00010669469338608906,1.0273349285125732,132,1538,48688.59375,97.37716674804688,1.6573688983917236,3.838071584701538,2.2857894897460938,0.0007571863825432956,1.1395248174667358,157,1615,49048.86328125,98.09771728515625,0.9936634302139282,3.8875732421875,2.3668715953826904,0.0008804178214631975,1.0581618547439575
34,3,125000,1082,9675,246974.32421875,4,234,2055,49850.71875,99.70146942138672,19.584794998168945,3.8777074813842773,2.334042549133301,0.0007804512861184776,1.0637760162353516,230,2287,49992.5,99.9849853515625,99.99256134033203,3.8326241970062256,2.18045711517334,0.004062678664922714,1.1854054927825928,198,1442,49032.15234375,98.0643310546875,30.994155883789062,3.9181675910949707,2.389840841293335,0.00033080100547522306,1.0282641649246216,184,1609,48809.12109375,97.61819458007812,9.988056182861328,3.8302297592163086,2.267359972000122,0.0007758832070976496,1.078672170639038,236,2282,49289.83203125,98.57969665527344,29.009626388549805,3.880739688873291,2.3594233989715576,0.0005664419732056558,1.0879406929016113
35,3,125000,600,6815,249879.86328125,4,114,1133,49983.5234375,99.96707153320312,99.96529388427734,3.878851890563965,2.337959051132202,0.0009183096699416637,1.1220812797546387,134,1695,49988.203125,99.97638702392578,1.974245309829712,3.8207404613494873,2.133838653564453,0.003024833044037223,1.1824530363082886,88,763,49966.015625,99.93206024169922,99.85420227050781,3.91929030418396,2.390237808227539,0.00041638134280219674,1.0468063354492188,170,2093,49957.41796875,99.91487121582031,99.77168273925781,3.8304381370544434,2.256993293762207,0.0019942522048950195,1.1700705289840698,94,1131,49984.703125,99.9693603515625,2.982969284057617,3.8892412185668945,2.361454963684082,0.0010675692465156317,1.1319262981414795
36,3,125000,1030,9993,248468.14453125,4,198,1977,49998.0546875,99.99620056152344,4.664844989776611,3.871730327606201,2.3331570625305176,0.0010939741041511297,1.1216896772384644,212,2274,48501.55859375,97.00308227539062,5.713343620300293,3.794029474258423,2.0328123569488525,0.0020158886909484863,1.1490098237991333,233,2100,49995.6171875,99.99127960205078,13.690171241760254,3.9164817333221436,2.388059616088867,0.00030341625097207725,1.0589523315429688,186,1690,49978.51953125,99.95712280273438,99.9415054321289,3.815959930419922,2.2172091007232666,0.0016674494836479425,1.1374516487121582,201,1952,49994.39453125,99.98880004882812,99.99581146240234,3.8840599060058594,2.3553006649017334,0.0010187196312472224,1.1111371517181396
37,3,125000,992,9170,247012.66015625,4,198,1793,49943.23046875,99.88644409179688,99.5949478149414,3.8752248287200928,2.3389298915863037,0.0004809641686733812,1.073639154434204,201,1907,49980.62109375,99.96124267578125,3.510897397994995,3.795714855194092,2.0565185546875,0.0018069862853735685,1.127425193786621,198,1649,48963.71875,97.9273910522461,25.146419525146484,3.91949200630188,2.390608549118042,0.00016869067621883005,1.0370936393737793,191,1763,48362.49609375,96.72492980957031,3.2358925342559814,3.8311707973480225,2.229099750518799,0.000990643515251577,1.1073544025421143,204,2058,49762.59375,99.52503204345703,39.70878219604492,3.8949668407440186,2.3667585849761963,0.000541875371709466,1.0779095888137817
38,3,125000,662,8260,248641.33984375,4,136,1672,49996.59375,99.99317169189453,99.99837493896484,3.8651232719421387,2.3354978561401367,0.0005950355553068221,1.0972602367401123,139,2074,48672.55078125,97.34514617919922,4.153255462646484,3.780139684677124,1.9937015771865845,0.001762201776728034,1.1104741096496582,184,2305,49995.3515625,99.9906005859375,9.441460609436035,3.916926860809326,2.388932943344116,0.00040903090848587453,1.0882946252822876,98,1295,49998.296875,99.99662017822266,99.99954986572266,3.8297507762908936,2.212183713912964,0.0023710154928267,1.1508066654205322,105,914,49978.546875,99.95712280273438,99.9415054321289,3.8957958221435547,2.3678271770477295,0.0006010126671753824,1.0620781183242798
39,3,125000,708,7480,249581.12109375,4,209,2500,49992.67578125,99.98529815673828,6.631499767303467,3.8511228561401367,2.3261568546295166,0.0014587067998945713,1.138062596321106,156,1642,49995.56640625,99.99111938476562,11.884733200073242,3.772397756576538,1.9640167951583862,0.001071412581950426,1.110698938369751,66,815,49623.62109375,99.24726104736328,83.75617980957031,3.9162440299987793,2.386817455291748,0.00039775847108103335,1.0685547590255737,171,1507,49987.8515625,99.97567749023438,99.9809341430664,3.8205833435058594,2.1824774742126465,0.0004177427326794714,1.0691810846328735,106,1016,49981.40625,99.96280670166016,3.4995529651641846,3.901675224304199,2.373467445373535,0.0006451487424783409,1.0611642599105835
40,3,125000,733,7737,248452.4140625,4,131,1140,48501.953125,97.00391387939453,6.0450921058654785,3.8336219787597656,2.3135809898376465,0.0006912970566190779,1.0651408433914185,159,1803,49997.984375,99.99594116210938,5.116974830627441,3.765099287033081,1.9149870872497559,0.0008083581924438477,1.0782936811447144,95,1113,49981.73828125,99.96346282958984,99.95736694335938,3.9101696014404297,2.3826558589935303,0.0006038116989657283,1.075989007949829,134,1666,49993.109375,99.98628234863281,1.989839792251587,3.8277013301849365,2.1879560947418213,0.0007694601663388312,1.0797399282455444,214,2015,49977.62890625,99.95524597167969,1.7405509948730469,3.903442859649658,2.3755719661712646,0.0004084634711034596,1.0712698698043823
41,3,125000,779,8744,248421.296875,4,165,1943,49943.9609375,99.88793182373047,99.6054916381836,3.830259084701538,2.313150644302368,0.0007901620701886714,1.1271860599517822,139,1561,49996.16796875,99.99238586425781,99.99801635742188,3.7941958904266357,2.0099644660949707,0.0031645321287214756,1.2582850456237793,148,1384,49995.46875,99.99092864990234,99.9971694946289,3.91025447845459,2.382497549057007,0.00022778748825658113,1.0541582107543945,162,1910,48489.96875,96.97990417480469,5.652802467346191,3.8423092365264893,2.214144468307495,0.0009727835422381759,1.1037899255752563,165,1946,49995.73046875,99.99142456054688,11.310047149658203,3.909827470779419,2.381305694580078,0.0002708077372517437,1.0341992378234863
42,3,125000,806,7495,248658.83984375,4,175,1908,49991.13671875,99.98222351074219,2.2657954692840576,3.8132760524749756,2.3079640865325928,0.0003503823245409876,1.058375358581543,158,1557,49064.89453125,98.12982940673828,33.50568771362305,3.7955892086029053,1.9870818853378296,0.0014851402956992388,1.0945913791656494,145,1176,49956.73828125,99.91349029541016,2.9586734771728516,3.9042630195617676,2.3765904903411865,0.0002628063957672566,1.0534451007843018,174,1656,49653.20703125,99.30643463134766,86.02729797363281,3.8337059020996094,2.1898953914642334,0.00026070355670526624,1.0445351600646973,154,1198,49992.86328125,99.98570251464844,13.510137557983398,3.9064276218414307,2.379147529602051,0.0002456235815770924,1.0453109741210938
43,3,125000,684,8144,246809.85546875,4,125,1394,48732.703125,97.46543884277344,13.423795700073242,3.8175127506256104,2.316690444946289,0.0004203486314509064,1.068303108215332,215,3028,49120.453125,98.24093627929688,5.996169090270996,3.808971405029297,2.0281577110290527,0.001176972407847643,1.077284336090088,134,1539,49048.66015625,98.09736633300781,20.70880126953125,3.9055888652801514,2.377514362335205,0.0001670169731369242,1.040061593055725,46,399,49917.95703125,99.83592224121094,99.15814971923828,3.8521435260772705,2.2305498123168945,0.0004291200602892786,1.092591643333435,164,1784,49990.08203125,99.98018646240234,3.2139031887054443,3.910351514816284,2.3831965923309326,0.00036746024852618575,1.0556410551071167
44,3,125000,830,8729,247137.6484375,4,158,1811,49998.5,99.99700164794922,8.713150978088379,3.7936437129974365,2.3059537410736084,0.0007005524239502847,1.0966790914535522,151,1649,48617.1328125,97.23430633544922,9.153497695922852,3.787931442260742,1.9376212358474731,0.0008016180945560336,1.0543230772018433,188,2267,49363.16015625,98.72637939453125,60.21583557128906,3.900242805480957,2.3712942600250244,0.00021966456552036107,1.033636212348938,182,1765,49983.4765625,99.96693420410156,99.96501159667969,3.8319385051727295,2.183591604232788,0.0011708092642948031,1.1189022064208984,151,1237,49175.37890625,98.35081481933594,42.72609329223633,3.9077961444854736,2.3821487426757812,0.00015691756561864167,1.054919958114624
45,3,125000,648,7525,249661.890625,4,172,2318,49992.66796875,99.98536682128906,99.99293518066406,3.7942614555358887,2.30906081199646,0.0008985542808659375,1.1204500198364258,119,965,49996.7890625,99.99358367919922,6.8993024826049805,3.806204080581665,2.012845516204834,0.000582089414820075,1.0762251615524292,141,1617,49990.93359375,99.98184204101562,6.356619834899902,3.903273582458496,2.3728387355804443,0.0002197313297074288,1.0543160438537598,135,1920,49710.7578125,99.42151641845703,90.05703735351562,3.8361964225769043,2.188638687133789,0.0009722899994812906,1.0754027366638184,81,705,49970.7421875,99.94147491455078,99.89154815673828,3.9090380668640137,2.384113311767578,0.00014839887444395572,1.042236089706421
46,3,125000,962,9086,248966.0859375,4,220,2004,49974.9296875,99.94981384277344,1.6176024675369263,3.787785530090332,2.311143159866333,0.0010507297702133656,1.1102372407913208,208,2085,49061.0078125,98.12202453613281,33.200809478759766,3.7970235347747803,1.9497168064117432,0.001497061224654317,1.1190201044082642,238,2136,49991.125,99.98222351074219,4.211114883422852,3.8978757858276367,2.3658416271209717,0.00031813859823159873,1.0779250860214233,193,1840,49948.6484375,99.89729309082031,1.4081199169158936,3.8192813396453857,2.143864631652832,0.0012029337231069803,1.1522092819213867,103,1021,49990.375,99.98072814941406,99.98792266845703,3.90309476852417,2.3812062740325928,0.0001550364395370707,1.0451081991195679
47,3,125000,993,8924,248367.89453125,4,183,1654,49998.81640625,99.99767303466797,72.46250915527344,3.807542324066162,2.3244056701660156,0.0003038644790649414,1.055951714515686,157,1473,49997.40234375,99.99483489990234,33.55012130737305,3.821514129638672,2.0441298484802246,0.0028817749116569757,1.1033936738967896,232,2240,49988.48828125,99.97694396972656,2.8862242698669434,3.906608819961548,2.3754336833953857,0.00036489247577264905,1.0863659381866455,198,1760,48400.9296875,96.80182647705078,1.698944091796875,3.8399298191070557,2.1950387954711914,0.0009650516440160573,1.075124979019165,223,1797,49982.2578125,99.96448516845703,4.306236267089844,3.9101147651672363,2.387406826019287,0.00019692658679559827,1.0211673974990845
48,3,125000,1100,9912,249889.3984375,4,202,2159,49997.84765625,99.9956283569336,99.99930572509766,3.7857279777526855,2.32004451751709,0.00043344974983483553,1.0647869110107422,186,1503,49988.26953125,99.97660827636719,1.5738308429718018,3.794235944747925,1.8722907304763794,0.00226857652887702,1.1244535446166992,247,2153,49949.484375,99.89906311035156,1.096860647201538,3.8960888385772705,2.3655507564544678,0.00031888007652014494,1.0663503408432007,209,2049,49963.32421875,99.92668151855469,1.3211121559143066,3.814417839050293,2.1430575847625732,0.0009048247011378407,1.1544002294540405,256,2048,49990.47265625,99.9808349609375,1.7362589836120605,3.9041240215301514,2.3845055103302,0.00011589526548050344,1.0353518724441528
49,3,125000,910,8668,246149.765625,4,172,1656,48490.1015625,96.98017120361328,5.781193256378174,3.7853236198425293,2.321383237838745,0.0003014516842085868,1.0577538013458252,199,2166,48758.3984375,97.51683807373047,5.274698257446289,3.787503480911255,1.8545278310775757,0.0007562398677691817,1.09294593334198,158,1265,49983.6953125,99.96736145019531,99.96588134765625,3.8946099281311035,2.3658599853515625,0.0007111406303010881,1.1321605443954468,183,1709,48922.6953125,97.8453140258789,8.154143333435059,3.8093574047088623,2.1366379261016846,0.0006330108735710382,1.06116783618927,198,1872,49994.875,99.98980712890625,99.99649047851562,3.9039342403411865,2.3846840858459473,0.00025582790840417147,1.0483778715133667
50,3,125000,937,8971,249439.94921875,4,178,1829,49980.29296875,99.9605484008789,2.1846189498901367,3.7972233295440674,2.326476812362671,0.0007688927580602467,1.0971623659133911,260,2527,49996.08984375,99.99224853515625,2.5603206157684326,3.7953081130981445,1.9646581411361694,0.0013721560826525092,1.139553189277649,133,842,49978.80078125,99.95760345458984,1.759688377380371,3.8980937004089355,2.3702428340911865,0.0001871705026132986,1.0489524602890015,177,1878,49976.74609375,99.95355987548828,1.1344351768493652,3.821542263031006,2.1674599647521973,0.0005174207617528737,1.0768030881881714,189,1895,49508.01953125,99.01603698730469,5.254077434539795,3.904167413711548,2.3853509426116943,6.30474096396938e-05,1.0282690525054932
51,3,125000,586,6760,249493.30078125,4,102,1165,49813.6953125,99.62738800048828,95.74513244628906,3.816410779953003,2.3369295597076416,0.0005024909623898566,1.072303295135498,180,2149,49758.09375,99.51615142822266,64.00064849853516,3.804271697998047,2.059631109237671,0.001361124450340867,1.1297461986541748,108,1133,49981.25,99.96245574951172,99.95500946044922,3.900670051574707,2.3730385303497314,0.00018664836534298956,1.052882194519043,100,1110,49978.953125,99.95790100097656,99.94357299804688,3.8404948711395264,2.2084333896636963,0.0002754163579083979,1.0474884510040283,96,1203,49961.30859375,99.922607421875,99.81110382080078,3.9059176445007324,2.386955499649048,0.00014330387057270855,1.0434205532073975
52,3,125000,1090,9905,248437.46484375,4,206,1777,49648.05859375,99.2960433959961,34.07720947265625,3.801378011703491,2.3339648246765137,0.0012415337841957808,1.116770625114441,213,2125,48995.05859375,97.99006652832031,28.281898498535156,3.7525134086608887,1.9147075414657593,0.002678737509995699,1.1642612218856812,195,1905,49994.90234375,99.98979187011719,99.99647521972656,3.882951498031616,2.35144305229187,0.0004117297939956188,1.0520199537277222,236,2138,49907.69140625,99.81532287597656,4.345718860626221,3.7980897426605225,2.0896356105804443,0.001392767415381968,1.0718059539794922,240,1960,49891.75390625,99.78347778320312,8.320106506347656,3.885969400405884,2.3774771690368652,0.00040012598037719727,1.0542768239974976
53,3,125000,935,8915,249627.7578125,4,219,2394,49970.4609375,99.94081115722656,11.220357894897461,3.8004276752471924,2.339322566986084,0.0009323596605099738,1.0979222059249878,196,1570,49715.2421875,99.43049621582031,11.677469253540039,3.7658958435058594,1.9870655536651611,0.001726200571283698,1.1210100650787354,240,2126,49998.53515625,99.99710845947266,8.57879638671875,3.884161949157715,2.3469297885894775,0.00046434401883743703,1.0529927015304565,75,848,49997.5078125,99.9950180053711,30.449296951293945,3.8080756664276123,2.0946435928344727,0.001332275802269578,1.1150258779525757,205,1977,49946.01171875,99.89199829101562,99.63340759277344,3.8816380500793457,2.377511501312256,0.0005190467927604914,1.0500253438949585
54,3,125000,1090,9777,249823.16015625,4,219,2064,49949.765625,99.89945220947266,72.60579681396484,3.809695243835449,2.344419479370117,0.0002464794961269945,1.0571950674057007,197,1958,49964.890625,99.92979431152344,2.1567156314849854,3.7869458198547363,2.0920538902282715,0.0004825663345400244,1.0730562210083008,237,1876,49936.34765625,99.87264251708984,1.3498127460479736,3.897292137145996,2.3620059490203857,0.0006458282587118447,1.0713322162628174,224,1997,49995.90234375,99.99179077148438,9.051969528198242,3.8176324367523193,2.1297242641448975,0.0008552122162654996,1.1046055555343628,213,1882,49976.25390625,99.95245361328125,1.3105261325836182,3.8866491317749023,2.382338285446167,0.00027942657470703125,1.0570200681686401
55,3,125000,1018,9170,249343.23828125,4,218,1649,49991.14453125,99.98222351074219,3.97471284866333,3.7903828620910645,2.3439290523529053,0.000763561693020165,1.1134155988693237,236,2347,49964.875,99.92977905273438,28.842365264892578,3.763531446456909,2.015984058380127,0.001126549206674099,1.104234218597412,184,1444,49440.62890625,98.8812026977539,67.60803985595703,3.8968193531036377,2.3596303462982178,0.0011656164424493909,1.1377993822097778,175,1922,49950.375,99.9007339477539,2.165506601333618,3.8022472858428955,2.093717336654663,0.0005722474888898432,1.0950528383255005,205,1808,49996.21484375,99.99237060546875,9.844307899475098,3.877864360809326,2.3799760341644287,0.0005203723558224738,1.071440577507019
56,3,125000,881,7518,248204.6484375,4,198,1566,49447.22265625,98.8944091796875,47.377140045166016,3.7900853157043457,2.3456625938415527,0.0003494048141874373,1.0626596212387085,170,1625,49248.44140625,98.49688720703125,6.083157539367676,3.776862382888794,2.0736587047576904,0.0007163238478824496,1.0851150751113892,196,1717,49988.13671875,99.97628021240234,3.0965189933776855,3.906309127807617,2.372448682785034,0.00015413283836096525,1.0284523963928223,141,1096,49999.1015625,99.9981918334961,99.9998550415039,3.823171854019165,2.147263765335083,0.00031489849789068103,1.0549099445343018,176,1514,49521.74609375,99.04351806640625,43.92660140991211,3.8855044841766357,2.38388991355896,0.00034301518462598324,1.0676237344741821
57,3,125000,984,8667,247614.96875,4,191,1952,49973.328125,99.94660949707031,1.1088658571243286,3.7798664569854736,2.346003293991089,0.0006379580590873957,1.0926395654678345,173,1542,49988.81640625,99.97760009765625,99.98377227783203,3.7608604431152344,2.038115978240967,0.0008010625606402755,1.083993911743164,220,1717,48882.8046875,97.7656021118164,19.73235321044922,3.904496431350708,2.370532751083374,0.0002481222036294639,1.0664784908294678,209,1706,49996.8984375,99.993896484375,11.05710506439209,3.816688060760498,2.1114110946655273,0.0006870079087093472,1.1080608367919922,191,1750,48773.12109375,97.5462646484375,8.560482025146484,3.8771700859069824,2.381803274154663,0.0005047821905463934,1.0790245532989502
58,3,125000,642,7422,249180.828125,4,136,1247,49986.61328125,99.97322845458984,3.470292806625366,3.779507637023926,2.3471083641052246,0.0008603477035649121,1.0651042461395264,114,1293,49984.32421875,99.96870422363281,99.9686050415039,3.772203207015991,2.081390380859375,0.0015860771527513862,1.1612671613693237,138,1607,49384.76171875,98.76952362060547,7.073368549346924,3.908531427383423,2.3765857219696045,0.00019642114057205617,1.0321754217147827,119,1572,49982.4609375,99.96492767333984,3.6612319946289062,3.8323540687561035,2.1313230991363525,0.001241209451109171,1.0894420146942139,135,1703,49842.66796875,99.68535614013672,3.5896718502044678,3.878207206726074,2.3833467960357666,0.0010588931618258357,1.093381643295288
59,3,125000,772,8196,249963.54296875,4,161,1649,49999.24609375,99.9985122680664,6.31146764755249,3.76708984375,2.345165729522705,0.0006625890382565558,1.0843852758407593,127,1356,49989.046875,99.97809600830078,5.897952556610107,3.7838027477264404,2.1205313205718994,0.0005297422176226974,1.0570851564407349,110,970,49993.51953125,99.98700714111328,99.99439239501953,3.9119575023651123,2.3810136318206787,0.00033881902345456183,1.0649718046188354,197,2433,49990.8671875,99.98174285888672,4.384750843048096,3.838458776473999,2.130439519882202,0.0008711337577551603,1.0917989015579224,177,1788,49990.86328125,99.98173522949219,28.765323638916016,3.876441240310669,2.3837008476257324,0.0003160619526170194,1.0817615985870361
60,3,125000,916,9172,248239.265625,4,167,1496,49995.609375,99.99114227294922,12.723058700561523,3.7572619915008545,2.343184471130371,0.0005385517724789679,1.1108181476593018,178,1909,49998.50390625,99.99700927734375,99.9996337890625,3.78777813911438,2.1448111534118652,0.001042599673382938,1.150695562362671,189,2022,49900.41796875,99.8008041381836,39.76154327392578,3.913100004196167,2.383387565612793,0.00015255450853146613,1.0429693460464478,188,1872,49425.4609375,98.85087585449219,25.669536590576172,3.840975284576416,2.1123709678649902,0.001781039172783494,1.1692733764648438,194,1873,48919.2734375,97.83853149414062,0.0018652520375326276,3.8775346279144287,2.3849730491638184,0.0004532933235168457,1.0792638063430786
61,3,125000,1074,10396,249846.734375,4,203,1841,49888.30859375,99.77667999267578,98.44803619384766,3.7594337463378906,2.3432464599609375,0.00036040780832991004,1.0811067819595337,196,2082,49997.17578125,99.99434661865234,99.99885559082031,3.800729990005493,2.189000129699707,0.000637347693555057,1.1204628944396973,222,1969,49976.44140625,99.95282745361328,0.943591296672821,3.915999174118042,2.3867266178131104,9.96875751297921e-05,1.049712896347046,235,2208,49993.66796875,99.98725891113281,52.407955169677734,3.8482658863067627,2.118903398513794,0.001189808826893568,1.1261528730392456,218,2296,49991.140625,99.98231506347656,99.98978424072266,3.884920358657837,2.3881783485412598,0.0005917858798056841,1.07102632522583
62,3,125000,964,9676,249596.06640625,4,217,2565,49985.9375,99.97187805175781,2.086933135986328,3.777900218963623,2.345106363296509,0.0005037712980993092,1.0766953229904175,176,1678,49991.73046875,99.98334503173828,1.4220815896987915,3.8121721744537354,2.2198407649993896,0.000981721910648048,1.0903847217559814,226,2297,49992.06640625,99.98421478271484,3.159616470336914,3.9180476665496826,2.388601064682007,4.0619372157379985e-05,1.0164871215820312,197,1689,49831.78515625,99.66358184814453,3.879934549331665,3.854640483856201,2.136617422103882,0.0009762477711774409,1.1091234683990479,148,1447,49794.546875,99.58903503417969,44.433143615722656,3.8926913738250732,2.390099287033081,0.0002641010214574635,1.0477391481399536
63,3,125000,817,7790,248245.59375,4,147,989,49977.859375,99.95570373535156,99.93758392333984,3.768744468688965,2.342188596725464,0.00042492151260375977,1.0664392709732056,140,1167,49998.2421875,99.99652862548828,99.99954223632812,3.7995030879974365,2.1961920261383057,0.0011169242206960917,1.1146904230117798,165,1704,49480.66015625,98.96128845214844,7.441187381744385,3.915020704269409,2.3842668533325195,6.15358367213048e-05,1.0296766757965088,172,1748,49966.17578125,99.93241119384766,11.004213333129883,3.8403029441833496,2.0593016147613525,0.000546820170711726,1.0571446418762207,193,2182,48822.65625,97.64530181884766,13.046506881713867,3.8864617347717285,2.388134479522705,0.000343592168064788,1.0625375509262085
64,3,125000,915,9471,249634.14453125,4,179,2129,49749.79296875,99.49947357177734,55.262977600097656,3.769768476486206,2.34169864654541,0.0007463169167749584,1.0810928344726562,179,1692,49976.8203125,99.95369720458984,99.93185424804688,3.800368547439575,2.21448016166687,0.0011478685773909092,1.1120721101760864,198,1927,49956.0078125,99.91197204589844,23.522768020629883,3.9140141010284424,2.383263111114502,0.00011383294622646645,1.0418261289596558,149,1581,49952.4296875,99.90475463867188,0.7276149988174438,3.8369081020355225,2.0364291667938232,0.0007253861404024065,1.0985406637191772,210,2142,49999.09375,99.99821472167969,8.080604553222656,3.889693021774292,2.3889877796173096,0.00038538931403309107,1.091415286064148
65,3,125000,943,10087,248832.3984375,4,193,2090,49923.91796875,99.84774017333984,99.2742919921875,3.785748243331909,2.34334135055542,0.0003711581230163574,1.0546679496765137,178,1989,49796.80859375,99.59358215332031,94.95939636230469,3.8024542331695557,2.2298262119293213,0.0003011846565641463,1.0478790998458862,186,2116,49160.109375,98.3201675415039,41.38487243652344,3.913686513900757,2.382812976837158,7.743835158180445e-05,1.0271008014678955,193,2019,49953.45703125,99.90705108642578,0.9952947497367859,3.8285655975341797,1.9910781383514404,0.0018110655946657062,1.1112154722213745,193,1873,49998.10546875,99.99628448486328,33.12931442260742,3.8908114433288574,2.3893768787384033,0.00028728245524689555,1.0558050870895386
66,3,125000,644,7295,249030.56640625,4,123,1197,49648.4765625,99.29698944091797,27.35477066040039,3.791116237640381,2.344956636428833,0.0005098318797536194,1.0735644102096558,193,2415,49399.17578125,98.79835510253906,11.258971214294434,3.7978129386901855,2.2221169471740723,0.0009465122129768133,1.1177924871444702,118,1541,49986.09375,99.97212982177734,99.97503662109375,3.913665771484375,2.382563352584839,4.6720502723474056e-05,1.0178747177124023,92,1080,49997.69140625,99.9953842163086,99.99920654296875,3.80906081199646,1.8776190280914307,0.0037594889290630817,1.218692660331726,118,1062,49999.12890625,99.99824523925781,11.272540092468262,3.8902812004089355,2.3899588584899902,0.0005118250846862793,1.096778392791748
67,3,125000,683,6905,248178.26953125,4,187,2136,48616.35546875,97.23268127441406,9.127896308898926,3.797868013381958,2.346147060394287,0.00035611152998171747,1.0622066259384155,47,392,49982.3515625,99.9646987915039,99.96017456054688,3.800102710723877,2.216120958328247,0.0009674620232544839,1.060930609703064,155,1501,49994.1875,99.98838806152344,18.01934814453125,3.9125425815582275,2.3820784091949463,6.028890493325889e-05,1.0263307094573975,171,1945,49587.62890625,99.17523193359375,7.057137489318848,3.7949719429016113,1.801485538482666,0.002032992895692587,1.1460175514221191,123,931,49997.74609375,99.9954605102539,99.9992446899414,3.891310691833496,2.3898515701293945,0.0005012106848880649,1.095340609550476
68,3,125000,919,8536,248324.71484375,4,204,1809,49993.2109375,99.98643493652344,3.418329954147339,3.794222116470337,2.3441052436828613,0.0002870344906114042,1.0478105545043945,196,2125,49483.0859375,98.96617889404297,5.919020652770996,3.780687093734741,2.198636770248413,0.0007529854774475098,1.0608947277069092,153,1045,49977.4140625,99.95486450195312,99.93524169921875,3.911968231201172,2.3828511238098145,0.00023813724692445248,1.0278141498565674,253,2605,49994.65625,99.98929595947266,99.99614715576172,3.7775685787200928,1.723100185394287,0.0006604528171010315,1.0658674240112305,113,952,48876.34765625,97.75271606445312,2.020768880844116,3.892360210418701,2.390523672103882,0.00016334533574990928,1.041006326675415
69,3,125000,1002,8908,247687.98046875,4,207,1960,49469.1015625,98.93818664550781,70.28594970703125,3.7922725677490234,2.341987371444702,0.0003140830958727747,1.0513184070587158,208,2082,49503.67578125,99.00736236572266,73.47950744628906,3.7724320888519287,2.191976547241211,0.0010576605563983321,1.1180905103683472,216,1977,49987.828125,99.97566223144531,9.186524391174316,3.907212972640991,2.3789422512054443,0.00020735978614538908,1.0475283861160278,178,1362,48789.85546875,97.57971954345703,16.022722244262695,3.757002830505371,1.67859947681427,0.0005182790919207036,1.0583264827728271,193,1527,49937.51953125,99.87506103515625,4.990182876586914,3.885716199874878,2.3878989219665527,0.00023238896392285824,1.0480364561080933
70,3,125000,1080,9409,248386.61328125,4,230,2247,49996.58203125,99.99319458007812,3.822526216506958,3.8011021614074707,2.3433287143707275,0.0002422785764792934,1.0351816415786743,221,2131,49950.91015625,99.90180969238281,11.242059707641602,3.8016581535339355,2.256361722946167,0.0008872103644534945,1.0950795412063599,235,1883,49553.75,99.10748291015625,75.7857894897461,3.909487247467041,2.383188009262085,0.00023275136481970549,1.0520024299621582,210,1660,48907.09765625,97.81421661376953,1.6099357604980469,3.780613899230957,1.8411953449249268,0.0012985252542421222,1.1079704761505127,184,1488,49978.2734375,99.95652770996094,38.70209884643555,3.8914036750793457,2.3888304233551025,0.0003303027187939733,1.0473320484161377
71,3,125000,902,8785,248603.22265625,4,153,1233,49130.484375,98.26094055175781,38.846736907958984,3.8021914958953857,2.344503164291382,0.0004522681119851768,1.075501799583435,182,2254,49493.82421875,98.98773193359375,72.58074951171875,3.8042681217193604,2.264392852783203,0.0005121207213960588,1.043817162513733,206,2149,49993.8984375,99.98775482177734,26.008697509765625,3.9059112071990967,2.381229877471924,0.00015254973550327122,1.045229196548462,166,1341,49991.55078125,99.98309326171875,99.99064636230469,3.7709572315216064,1.8444530963897705,0.003021004144102335,1.215360403060913,195,1808,49993.46484375,99.9869384765625,1.9190598726272583,3.885094165802002,2.386378765106201,0.0007086396217346191,1.1165173053741455
72,3,125000,859,8350,247210.4609375,4,191,1978,49352.22265625,98.70450592041016,20.661516189575195,3.8057126998901367,2.344900369644165,0.0007972097373567522,1.1067159175872803,188,1898,49966.87109375,99.93378448486328,38.43197250366211,3.7923693656921387,2.252349615097046,0.0004671573406085372,1.0654807090759277,162,1671,49342.140625,98.68429565429688,1.0143954753875732,3.9016149044036865,2.3771796226501465,0.00012664317910093814,1.0393714904785156,157,1333,48559.40234375,97.11875915527344,0.3565758168697357,3.7441253662109375,1.7897526025772095,0.0032271503005176783,1.2397993803024292,161,1470,49989.82421875,99.97962188720703,3.8710694313049316,3.8741443157196045,2.3805410861968994,0.00046758889220654964,1.1009455919265747
73,3,125000,628,7261,248174.98046875,4,160,1841,49990.23046875,99.98047637939453,6.333293437957764,3.8260624408721924,2.3514037132263184,0.00086091278353706,1.129868507385254,140,1484,48858.53515625,97.71705627441406,4.857754707336426,3.790961742401123,2.248096227645874,0.0009629892883822322,1.0891116857528687,96,1169,49983.1953125,99.96638488769531,99.96383666992188,3.9013965129852295,2.3748116493225098,0.0003736639046110213,1.0684131383895874,162,1916,49356.69921875,98.71334838867188,59.59146499633789,3.7374377250671387,1.7937755584716797,0.0012545895297080278,1.0822426080703735,70,851,49986.3203125,99.97265625,99.97593688964844,3.8700664043426514,2.3763656616210938,0.0007131242309696972,1.065517783164978
74,3,125000,826,7489,247357.1484375,4,139,1187,49970.2890625,99.9405288696289,1.5535422563552856,3.841474771499634,2.3550865650177,0.0004904246306978166,1.1065001487731934,91,778,49505.80078125,99.0115966796875,8.181262016296387,3.7960968017578125,2.2399590015411377,0.0006464815232902765,1.058079719543457,205,1731,49206.62890625,98.4132080078125,11.671916961669922,3.901904582977295,2.3735499382019043,0.00037357807741500437,1.0786597728729248,197,1888,49975.6015625,99.95118713378906,1.2187836170196533,3.7458410263061523,1.8400495052337646,0.0010419082827866077,1.114259958267212,194,1905,48698.828125,97.39759826660156,2.041276454925537,3.8635478019714355,2.372391700744629,0.0008180427248589694,1.07098388671875
75,3,125000,855,8132,248242.140625,4,140,1119,49793.44921875,99.58685302734375,32.429080963134766,3.846933126449585,2.353742837905884,0.00030671118292957544,1.063772439956665,166,1386,49992.453125,99.98490142822266,12.003759384155273,3.787383556365967,2.2328615188598633,0.0005023932317271829,1.0685124397277832,223,2238,49997.98046875,99.9959945678711,9.055766105651855,3.900773286819458,2.369805335998535,0.0006041622254997492,1.0569360256195068,149,1499,49148.08203125,98.29621887207031,6.71342658996582,3.7393641471862793,1.834080457687378,0.0012684607645496726,1.1387171745300293,177,1890,49310.17578125,98.6203384399414,12.538430213928223,3.859308958053589,2.3672337532043457,0.00044630764750763774,1.0392857789993286
76,3,125000,852,8821,248220.4765625,4,186,2067,49969.03125,99.93807983398438,99.87873840332031,3.83713698387146,2.3464529514312744,0.00024256229517050087,1.0396242141723633,145,1294,49988.140625,99.97630310058594,99.9818344116211,3.782365560531616,2.216029405593872,0.0011224460322409868,1.0697201490402222,183,1986,48831.48046875,97.6629409790039,17.6760196685791,3.8941221237182617,2.357321262359619,0.0013457179302349687,1.0673753023147583,135,1293,49433.3515625,98.86663818359375,43.843318939208984,3.719419240951538,1.811619520187378,0.0014513563364744186,1.1527533531188965,203,2181,49998.47265625,99.99698638916016,4.41130256652832,3.8497002124786377,2.3579750061035156,0.001208107452839613,1.0801632404327393
77,3,125000,842,9406,249912.63671875,4,163,1887,49964.75,99.92948913574219,99.843017578125,3.8416290283203125,2.346633195877075,0.0002776288893073797,1.0717092752456665,163,2038,49962.92578125,99.92581176757812,0.8727561831474304,3.7898833751678467,2.2199792861938477,0.0014321493217721581,1.1286327838897705,158,2029,49997.875,99.99573516845703,4.501889228820801,3.8975956439971924,2.3598451614379883,0.0007847595261409879,1.0563122034072876,224,2273,49990.140625,99.98023223876953,99.9872817993164,3.7202532291412354,1.869128704071045,0.0015055655967444181,1.138495683670044,134,1179,49996.9453125,99.99391174316406,99.99870300292969,3.858323335647583,2.360316753387451,0.0011003303807228804,1.075559139251709
78,3,125000,759,7469,248720.390625,4,117,876,49990.515625,99.98101806640625,99.98825073242188,3.8297252655029297,2.338980197906494,0.00043168783304281533,1.080496072769165,137,1395,49989.9140625,99.97985076904297,2.410588026046753,3.750607490539551,2.140138864517212,0.0017944311257451773,1.1335304975509644,191,2005,48778.328125,97.55656433105469,15.468534469604492,3.884805202484131,2.333282709121704,0.0009963535703718662,1.1078331470489502,142,1453,49982.37890625,99.96475982666016,99.96029663085938,3.6608245372772217,1.7944952249526978,0.002235689200460911,1.182921051979065,172,1740,49979.25390625,99.95848846435547,99.94509887695312,3.8277506828308105,2.331880569458008,0.0014376878971233964,1.1027724742889404
79,3,125000,761,8261,248894.296875,4,174,2189,49052.359375,98.10467529296875,21.842670440673828,3.8288726806640625,2.3358185291290283,0.00017287253285758197,1.0495127439498901,164,1633,49936.33203125,99.87266540527344,0.5892443656921387,3.758334159851074,2.1449694633483887,0.0015128994127735496,1.0914101600646973,125,1131,49924.2109375,99.84839630126953,8.187251091003418,3.889995574951172,2.3367629051208496,0.0005801558145321906,1.0819545984268188,149,1562,49993.7578125,99.9875259399414,3.7800941467285156,3.671828031539917,1.850419282913208,0.0018061636947095394,1.1568584442138672,149,1746,49987.63671875,99.97526550292969,0.8447884917259216,3.8350393772125244,2.32852840423584,0.0011560082202777267,1.109601616859436
80,3,125000,957,9786,249817.3671875,4,196,1901,49993.515625,99.98701477050781,2.6999547481536865,3.8220396041870117,2.3351545333862305,0.00028307197499088943,1.0622268915176392,215,2177,49991.015625,99.9820556640625,93.42870330810547,3.7347936630249023,2.0883536338806152,0.0006405377062037587,1.0777770280838013,212,2421,49939.0078125,99.8781509399414,99.53407287597656,3.8803699016571045,2.3190300464630127,0.0008229470113292336,1.0898125171661377,157,1531,49902.91796875,99.80589294433594,28.934539794921875,3.6368212699890137,1.825289249420166,0.0021817160304635763,1.1875531673431396,177,1756,49990.91015625,99.98177337646484,99.98914337158203,3.821511745452881,2.3056154251098633,0.0012348031159490347,1.136906623840332
81,3,125000,973,9269,246790.3359375,4,212,2319,49975.6328125,99.9513168334961,1.4036524295806885,3.827672004699707,2.337831497192383,0.00031071901321411133,1.0699430704116821,217,2145,49994.78125,99.98953247070312,7.714751243591309,3.749640703201294,2.1156651973724365,0.0012661576038226485,1.1465427875518799,178,1464,49994.8125,99.98967742919922,99.99640655517578,3.883476495742798,2.325779914855957,0.00044377087033353746,1.0510276556015015,175,1667,49987.8671875,99.97573852539062,99.98098754882812,3.636843204498291,1.867656946182251,0.0032753203995525837,1.1633799076080322,191,1674,46837.2421875,93.67443084716797,0.0010000000474974513,3.828958034515381,2.3043205738067627,0.0009242558153346181,1.0828474760055542
82,3,125000,907,8404,247749.04296875,4,184,1494,49994.7421875,99.98949432373047,4.756725788116455,3.8236639499664307,2.337991237640381,0.0011195397237315774,1.1305286884307861,189,1958,49980.9296875,99.9618911743164,5.116373062133789,3.7532167434692383,2.120774745941162,0.000845680246129632,1.1124356985092163,183,1654,48891.37890625,97.78277587890625,5.478648662567139,3.881197690963745,2.3204736709594727,0.001010172301903367,1.1620442867279053,170,1706,49991.359375,99.98271179199219,2.329531669616699,3.6339964866638184,1.900561809539795,0.002961690304800868,1.2178270816802979,181,1592,48890.6328125,97.78128051757812,21.461217880249023,3.83052659034729,2.301267385482788,0.0005836891941726208,1.095131278038025
83,3,125000,972,8935,244862.38671875,4,197,2003,46788.19921875,93.57634735107422,0.0010000000474974513,3.8165245056152344,2.3370234966278076,0.0003753566707018763,1.0774800777435303,212,1897,49680.046875,99.36015319824219,87.97606658935547,3.7429707050323486,2.110649347305298,0.0006472778040915728,1.0714253187179565,177,1555,49991.79296875,99.98353576660156,99.99113464355469,3.874343156814575,2.302415609359741,0.0009700488881208003,1.1052213907241821,205,1878,48422.59375,96.84523010253906,1.9996041059494019,3.635854482650757,1.9324452877044678,0.007064602337777615,1.2987897396087646,181,1602,49979.75390625,99.95956420898438,11.892767906188965,3.8202590942382812,2.2911555767059326,0.001526544103398919,1.0999360084533691
84,3,125000,882,8813,249816.3125,4,190,1882,49901.12109375,99.8022232055664,1.2667572498321533,3.825178861618042,2.340616464614868,0.0005594062968157232,1.1161296367645264,159,1382,49975.79296875,99.95167541503906,2.161116123199463,3.7711663246154785,2.1609578132629395,0.0005770873976871371,1.0747528076171875,180,2216,49984.05859375,99.96813201904297,3.051516532897949,3.8856096267700195,2.3268284797668457,0.00026713847182691097,1.0548837184906006,173,1638,49990.50390625,99.98100280761719,1.6472716331481934,3.680251121520996,2.0068070888519287,0.00308693153783679,1.170121192932129,180,1695,49964.8359375,99.92967987060547,99.84383392333984,3.838420867919922,2.31150484085083,0.001082265400327742,1.1325358152389526
85,3,125000,780,7807,248468.83203125,4,117,1027,48498.42578125,96.99686431884766,4.053811550140381,3.839564085006714,2.3486948013305664,0.0002809357538353652,1.0847079753875732,161,1714,49996.328125,99.9926528930664,10.23583984375,3.772458791732788,2.1717498302459717,0.0003486442437861115,1.0451046228408813,79,678,49997.56640625,99.99513244628906,99.99913024902344,3.887382745742798,2.326826333999634,0.0005358862690627575,1.138720989227295,193,1804,49978.6875,99.95738220214844,99.94219207763672,3.695347785949707,2.0453763008117676,0.0018007969483733177,1.1046618223190308,230,2584,49997.82421875,99.99565124511719,5.8351593017578125,3.829624652862549,2.2989702224731445,0.0004553079488687217,1.0633647441864014
86,3,125000,713,7673,246900.19921875,4,141,1494,49318.6328125,98.63721466064453,19.928592681884766,3.8171629905700684,2.3384132385253906,0.0004049396375194192,1.1000640392303467,145,1996,48917.69140625,97.83538818359375,23.113056182861328,3.735520601272583,2.1205108165740967,0.0005216884310357273,1.0789083242416382,123,1141,49984.140625,99.96829223632812,99.96776580810547,3.8759045600891113,2.3073172569274902,0.0007693743682466447,1.143687129020691,184,1872,48684.51953125,97.36907196044922,1.1595988273620605,3.650989055633545,1.9901870489120483,0.0015209412667900324,1.121103048324585,120,1170,49995.21484375,99.99044799804688,99.99691772460938,3.79850697517395,2.2642416954040527,0.0013859295286238194,1.1215693950653076
87,3,125000,1037,9475,246435.94921875,4,211,1932,49995.49609375,99.99100494384766,2.240995407104492,3.819430351257324,2.342710494995117,0.00042873143684118986,1.0550507307052612,236,2016,48127.11328125,96.25433349609375,1.2458997964859009,3.736104726791382,2.1392855644226074,0.0013236808590590954,1.1128343343734741,202,2131,49988.22265625,99.97653198242188,2.5772886276245117,3.8796911239624023,2.312495470046997,0.0006093215779401362,1.1130657196044922,219,1956,48546.15234375,97.09226989746094,7.11550235748291,3.6538100242614746,1.9952889680862427,0.001006112084724009,1.0942221879959106,169,1440,49778.96484375,99.5578384399414,24.052949905395508,3.792757987976074,2.2617905139923096,0.0013300251448526978,1.1417983770370483
88,3,125000,1056,9404,247690.84765625,4,216,1867,49980.96875,99.96186828613281,99.9535903930664,3.8071794509887695,2.3412070274353027,0.0007696985849179327,1.088161826133728,220,2001,48349.66796875,96.6993408203125,2.3294355869293213,3.7400999069213867,2.1574056148529053,0.0031970429699867964,1.1747541427612305,206,1912,49394.328125,98.78865051269531,12.570939064025879,3.8826191425323486,2.318659543991089,0.00034678459633141756,1.0463742017745972,173,1531,49994.46875,99.98892974853516,99.9958724975586,3.627934455871582,1.9608837366104126,0.0011566185858100653,1.0961525440216064,241,2093,49971.4140625,99.94276428222656,1.1971620321273804,3.780848979949951,2.253275156021118,0.0012315630447119474,1.0919629335403442
89,3,125000,785,8715,245754.83984375,4,156,1690,48589.11328125,97.17823028564453,8.275687217712402,3.7887020111083984,2.336109161376953,0.00046229123836383224,1.0696885585784912,179,1918,49975.640625,99.95122528076172,1.396305799484253,3.7310194969177246,2.157334089279175,0.0033099555876106024,1.2340846061706543,165,1819,49982.18359375,99.96434783935547,2.766486167907715,3.875401020050049,2.305704116821289,0.0012152718845754862,1.1614383459091187,144,1993,48845.73828125,97.69146728515625,1.6015535593032837,3.580549478530884,1.9276368618011475,0.0010348653886467218,1.1162515878677368,141,1295,48362.1640625,96.72430419921875,3.4944374561309814,3.7518393993377686,2.215634346008301,0.0008356880862265825,1.063448429107666
90,3,125000,790,9328,249944.05859375,4,117,1424,49984.1796875,99.96839141845703,99.96800231933594,3.801900863647461,2.3380391597747803,0.0004035210586152971,1.0736786127090454,131,2151,49997.1953125,99.994384765625,18.47838020324707,3.791661262512207,2.2326595783233643,0.0017426228150725365,1.1227401494979858,186,2107,49995.40625,99.99073028564453,99.99708557128906,3.891164541244507,2.3386616706848145,0.00035413980367593467,1.0530157089233398,180,1849,49991.30078125,99.98262786865234,1.6289808750152588,3.647361993789673,2.0072684288024902,0.0012544178171083331,1.055428147315979,176,1797,49975.9765625,99.95196533203125,2.31325101852417,3.7898271083831787,2.260885000228882,0.0010817599250003695,1.08843994140625
91,3,125000,1084,9907,247318.90234375,4,234,2021,49998.45703125,99.99693298339844,19.7034912109375,3.7885119915008545,2.3289361000061035,0.0005641793832182884,1.0905684232711792,237,2231,49987.2734375,99.97447967529297,2.106813430786133,3.803478240966797,2.2559235095977783,0.001041193027049303,1.0713480710983276,201,1749,49587.6796875,99.17528533935547,17.548368453979492,3.890627384185791,2.3401033878326416,9.927988139679655e-05,1.020097255706787,212,1965,48819.1953125,97.63834381103516,4.812978267669678,3.636643648147583,2.017723321914673,0.0013182067777961493,1.1014602184295654,200,1941,48926.296875,97.85258483886719,23.65495491027832,3.77319073677063,2.226041316986084,0.0019284605514258146,1.1864285469055176
92,3,125000,949,8778,248451.6875,4,158,1250,49971.31640625,99.94261932373047,1.5048401355743408,3.79295015335083,2.326843023300171,0.0004733490932267159,1.0624362230300903,249,2346,49998.4921875,99.99701690673828,5.178524017333984,3.7957088947296143,2.248724937438965,0.0006656455807387829,1.096634030342102,211,2159,48498.140625,96.99634552001953,5.791444778442383,3.8850820064544678,2.3335824012756348,0.0005005550337955356,1.0529264211654663,205,1876,49998.48828125,99.99696350097656,99.9996109008789,3.62479829788208,2.0279343128204346,0.0018156981095671654,1.1612755060195923,126,1147,49985.25,99.97054290771484,4.81074333190918,3.747897148132324,2.17097806930542,0.002719988813623786,1.1888599395751953
93,3,125000,913,9475,246962.64453125,4,179,1934,48952.0234375,97.90397644042969,2.5584428310394287,3.7827606201171875,2.316193103790283,0.0006493330001831055,1.0968250036239624,195,2019,49945.01953125,99.89009094238281,99.62049865722656,3.8158364295959473,2.267672300338745,0.0010640143882483244,1.067022681236267,179,2002,49711.078125,99.422119140625,0.1930578500032425,3.890511989593506,2.3429534435272217,0.0002419090160401538,1.0423991680145264,198,1957,48581.234375,97.16239166259766,8.070344924926758,3.6453652381896973,2.0598013401031494,0.0008511400083079934,1.1093021631240845,162,1563,49773.2890625,99.5466079711914,33.0330810546875,3.7598705291748047,2.192197561264038,0.0020987652242183685,1.0874817371368408
94,3,125000,689,6408,249897.37890625,4,181,1385,49963.0859375,99.92626190185547,8.118703842163086,3.7735631465911865,2.3067619800567627,0.0005347728729248047,1.0684666633605957,181,2013,49970.93359375,99.94181060791016,2.138293981552124,3.77604079246521,2.2141287326812744,0.0010948467534035444,1.086979866027832,56,460,49980.078125,99.96012878417969,99.94933319091797,3.879955291748047,2.3257462978363037,0.0004447436367627233,1.0929235219955444,182,1518,49994.63671875,99.98927307128906,2.6256191730499268,3.5917866230010986,2.033047914505005,0.0013758873101323843,1.1297425031661987,89,1032,49988.64453125,99.97725677490234,99.98328399658203,3.686568260192871,2.082066297531128,0.004441380500793457,1.1413934230804443
95,3,125000,692,7318,246117.8046875,4,168,1990,49998.796875,99.99766540527344,58.658573150634766,3.780113458633423,2.313601016998291,0.0004839968460146338,1.0627402067184448,110,1238,48535.71484375,97.07140350341797,5.470492839813232,3.8010542392730713,2.2352194786071777,0.0009068393264897168,1.0761018991470337,140,1106,48999.36328125,97.99874114990234,9.43199348449707,3.886650323867798,2.3341634273529053,0.00014353990263771266,1.0504605770111084,117,1280,49986.703125,99.973388671875,99.9771957397461,3.6444835662841797,2.0902931690216064,0.0013033818686380982,1.1504124402999878,157,1704,48597.2265625,97.19435119628906,8.538333892822266,3.689791202545166,2.103631019592285,0.0013310718350112438,1.108385443687439
96,3,125000,552,6279,248646.0,4,50,485,49994.95703125,99.98992156982422,99.99656677246094,3.7994401454925537,2.3217315673828125,0.001528975903056562,1.1991636753082275,196,2340,49248.8125,98.49761199951172,49.37399673461914,3.813760280609131,2.2471933364868164,0.0017702149925753474,1.1536436080932617,171,1891,49888.66796875,99.77725982666016,98.45606994628906,3.8913564682006836,2.3417117595672607,0.0003511738614179194,1.0307722091674805,96,1017,49521.20703125,99.04242706298828,75.06685638427734,3.677431344985962,2.109311580657959,0.0009586143423803151,1.1065797805786133,39,546,49992.35546875,99.98470306396484,99.9923095703125,3.7162837982177734,2.1432721614837646,0.0016505169915035367,1.151075839996338
97,3,125000,826,8612,249931.1171875,4,213,2165,49988.3671875,99.97676849365234,2.207787036895752,3.797236204147339,2.321640968322754,0.0009463572059758008,1.1020970344543457,179,1858,49993.296875,99.9865951538086,1.6657623052597046,3.8072078227996826,2.243377923965454,0.0007363581680692732,1.0846571922302246,134,1495,49988.796875,99.97753143310547,99.98367309570312,3.889066457748413,2.3398635387420654,0.00028511046548373997,1.0433160066604614,172,1691,49965.07421875,99.93020629882812,99.84613800048828,3.6568541526794434,2.0944926738739014,0.0007545900298282504,1.0722277164459229,128,1403,49995.58203125,99.99114227294922,2.466596841812134,3.7232372760772705,2.174699306488037,0.0021402144338935614,1.1624001264572144
98,3,125000,1028,9596,245295.94921875,4,217,2119,48444.3203125,96.88848114013672,3.1832075119018555,3.8016796112060547,2.324103355407715,0.0002885198628064245,1.0496834516525269,223,1880,48648.99609375,97.29798889160156,10.205947875976562,3.8091413974761963,2.2442498207092285,0.0006985473446547985,1.063459038734436,210,1893,49978.69921875,99.95743560791016,99.94232940673828,3.890129327774048,2.3437395095825195,0.00031568764825351536,1.0648736953735352,280,2737,49445.7109375,98.89141082763672,7.688228130340576,3.646366596221924,2.087545156478882,0.0009956430876627564,1.0801740884780884,98,967,48778.22265625,97.55644226074219,4.122618198394775,3.747075080871582,2.2094056606292725,0.0022049283143132925,1.1043974161148071
99,3,125000,762,8203,246441.40234375,4,140,1461,49999.640625,99.99925231933594,99.99996185302734,3.801920175552368,2.3278768062591553,0.0013980126241222024,1.1250226497650146,145,1546,48749.7421875,97.4994888305664,14.162835121154785,3.788398265838623,2.2268662452697754,0.0006078862934373319,1.1197803020477295,145,1624,48537.90234375,97.0758056640625,1.027822732925415,3.886078357696533,2.3372511863708496,0.0007504701497964561,1.067237377166748,193,2283,49999.17578125,99.9983901977539,99.9998779296875,3.5904128551483154,2.0602405071258545,0.0007113718893378973,1.0973525047302246,139,1289,49154.94140625,98.30992889404297,40.941226959228516,3.7316582202911377,2.2135636806488037,0.0037296724040061235,1.1978185176849365
100,3,125000,881,9559,247318.0703125,4,163,1717,48990.5,97.98092651367188,27.95813751220703,3.7999088764190674,2.3273980617523193,0.0005053806235082448,1.063157320022583,159,1641,49990.2890625,99.98055267333984,99.98768615722656,3.7816450595855713,2.2323758602142334,0.0007406210643239319,1.0778757333755493,198,2094,48430.26953125,96.86054992675781,0.08700741082429886,3.8827712535858154,2.3320512771606445,0.0004159259842708707,1.0839447975158691,199,2316,49989.5703125,99.97908782958984,4.893860816955566,3.557854652404785,2.047794818878174,0.0016886424273252487,1.1289589405059814,162,1791,49917.44140625,99.83491516113281,43.737911224365234,3.7380080223083496,2.23166823387146,0.001253104186616838,1.093592882156372
101,3,125000,891,9208,247586.04296875,4,185,1723,49943.75,99.88746643066406,3.844658136367798,3.7984282970428467,2.329768180847168,0.0004806041542906314,1.0931940078735352,174,2133,49992.88671875,99.98576354980469,99.99329376220703,3.7712011337280273,2.2118372917175293,0.0011209654621779919,1.0829358100891113,211,2341,49173.33984375,98.34664154052734,42.54237365722656,3.875858783721924,2.3170316219329834,0.0006063652108423412,1.0896124839782715,166,1598,49919.140625,99.8382568359375,99.18172454833984,3.4973978996276855,2.0187411308288574,0.0008259511087089777,1.0859869718551636,155,1413,48556.92578125,97.11383056640625,5.221370697021484,3.7300527095794678,2.235795259475708,0.0006516837747767568,1.0838372707366943
102,3,125000,1104,10164,248169.83984375,4,240,1986,49171.08203125,98.34215545654297,42.34554672241211,3.7957417964935303,2.3282430171966553,0.000557510822545737,1.0915377140045166,205,1904,49968.25390625,99.9365234375,23.93102264404297,3.777702569961548,2.2169902324676514,0.0008658599690534174,1.1124088764190674,243,2238,49995.6015625,99.99115753173828,89.87001037597656,3.8699629306793213,2.3073437213897705,0.0006353711942210793,1.0663442611694336,214,1850,49991.49609375,99.98298645019531,4.375645637512207,3.509456157684326,2.0539908409118652,0.0011439776280894876,1.1346293687820435,202,2186,49043.40625,98.08682250976562,1.9792231321334839,3.730156421661377,2.2423484325408936,0.0011108278995379806,1.1186301708221436
103,3,125000,995,8830,248926.625,4,195,1917,49996.09375,99.99220275878906,4.597900867462158,3.804572343826294,2.3302736282348633,0.0009352350025437772,1.1164921522140503,212,1836,49996.2890625,99.9925765991211,2.3508498668670654,3.7880613803863525,2.220625400543213,0.0018511915113776922,1.1324348449707031,217,1989,49926.1875,99.85240936279297,5.6411237716674805,3.865847110748291,2.3016433715820312,0.0006612086435779929,1.0667256116867065,182,1438,49999.62890625,99.99934387207031,3.5342493057250977,3.545635223388672,2.093325614929199,0.0016633605118840933,1.1288878917694092,189,1650,49008.42578125,98.016845703125,27.568450927734375,3.737893581390381,2.252305030822754,0.0007341909222304821,1.0379658937454224
104,3,125000,1001,8960,248303.71875,4,217,2135,49995.3359375,99.9907455444336,2.4242961406707764,3.811302423477173,2.3318121433258057,0.00028203247347846627,1.0751161575317383,203,1678,49727.86328125,99.45572662353516,0.1540670394897461,3.8370585441589355,2.2694215774536133,0.0005012344918213785,1.054534673690796,207,1925,48857.82421875,97.71565246582031,10.582131385803223,3.8734843730926514,2.313093900680542,0.00022422790061682463,1.0563716888427734,172,1761,49965.0625,99.93017578125,99.84600067138672,3.620380163192749,2.1494123935699463,0.001025593257509172,1.0998249053955078,202,1461,49757.6328125,99.51522827148438,0.0010000000474974513,3.783787727355957,2.2889201641082764,0.0003795432858169079,1.0554583072662354
105,3,125000,1068,9796,247170.02734375,4,209,1658,49996.4375,99.99292755126953,99.99825286865234,3.8075315952301025,2.331097364425659,0.00041071412852033973,1.101033329963684,229,2633,49049.31640625,98.09862518310547,12.447104454040527,3.832282543182373,2.247589588165283,0.00031301737180911005,1.0496749877929688,226,1821,49366.8046875,98.73358154296875,60.5616455078125,3.867906332015991,2.304159164428711,0.0005834627081640065,1.0920884609222412,204,2039,48945.12890625,97.8902359008789,24.870079040527344,3.5682666301727295,2.1297800540924072,0.0007158326916396618,1.107508897781372,200,1645,49812.33984375,99.62472534179688,0.010011933743953705,3.7448766231536865,2.2623322010040283,0.0013751410879194736,1.1092149019241333
106,3,125000,1098,9969,246433.796875,4,229,2100,49179.02734375,98.35801696777344,2.233713388442993,3.808605670928955,2.3308072090148926,0.0003562235797289759,1.0552908182144165,219,1877,49986.49609375,99.97298431396484,99.97650909423828,3.8155858516693115,2.227465867996216,0.0004711818473879248,1.1013929843902588,212,1984,49714.703125,99.42939758300781,0.0026543668936938047,3.8609228134155273,2.3019988536834717,0.00038980721728876233,1.069084882736206,190,2053,48629.2265625,97.25846099853516,9.542160987854004,3.5621745586395264,2.137054204940796,0.00040920733590610325,1.0605037212371826,248,1955,48924.34375,97.84868621826172,23.531068801879883,3.7137913703918457,2.239586353302002,0.0012906407937407494,1.105209231376648
107,3,125000,753,9284,247973.7734375,4,134,1867,49997.1640625,99.9943618774414,21.64140510559082,3.820080518722534,2.339118719100952,0.0005690979887731373,1.1134326457977295,141,1551,49023.703125,98.0473861694336,2.7722270488739014,3.8233420848846436,2.234060049057007,0.0007129287696443498,1.1362731456756592,146,1687,49981.3359375,99.96258544921875,99.955322265625,3.85583233833313,2.295635461807251,0.0004410505061969161,1.0712412595748901,186,2602,49875.0546875,99.7501220703125,0.49166178703308105,3.5216450691223145,2.120732545852661,0.0014586233301088214,1.173167109489441,146,1577,49096.515625,98.1930160522461,36.0295295715332,3.687394857406616,2.2109639644622803,0.0027828358579427004,1.1797665357589722
108,3,125000,984,9017,248296.57421875,4,190,1618,49973.75390625,99.94755554199219,3.6220340728759766,3.8285598754882812,2.3425021171569824,0.0002912664203904569,1.054347276687622,168,1630,49975.4453125,99.95094299316406,3.564173698425293,3.8099682331085205,2.2273175716400146,0.00041874885209836066,1.067928433418274,185,1460,49980.3515625,99.96070098876953,1.3284679651260376,3.842926025390625,2.2837979793548584,0.00047507762792520225,1.0786305665969849,181,2297,48373.79296875,96.74762725830078,3.6646947860717773,3.470149517059326,2.1070358753204346,0.000790908292401582,1.0740201473236084,260,2012,49993.23046875,99.98639678955078,3.0442306995391846,3.6456363201141357,2.1673712730407715,0.0015018557896837592,1.097375750541687
109,3,125000,988,9911,246728.109375,4,185,1660,49987.00390625,99.97401428222656,2.895782470703125,3.843842029571533,2.351055860519409,0.0017929791938513517,1.1891318559646606,206,1883,48664.953125,97.3299560546875,10.737231254577637,3.7775089740753174,2.1901285648345947,0.001008603605441749,1.1191247701644897,190,1843,49811.20703125,99.62242889404297,0.2253904938697815,3.8266448974609375,2.265944719314575,0.0006676220800727606,1.1195571422576904,211,2277,49924.359375,99.84870147705078,5.239011764526367,3.32292103767395,2.075225830078125,0.003508007386699319,1.2456457614898682,196,2248,48340.5859375,96.68114471435547,0.8627902865409851,3.5863609313964844,2.1106984615325928,0.0009972285479307175,1.1008416414260864
110,3,125000,982,10539,248895.58984375,4,216,2237,49986.796875,99.97358703613281,2.406738042831421,3.8438422679901123,2.352130651473999,0.00036144256591796875,1.0851486921310425,163,1877,49988.921875,99.97773742675781,1.4458974599838257,3.821479320526123,2.2409825325012207,0.0006963753257878125,1.1049699783325195,223,2357,49522.33984375,99.04469299316406,75.16890716552734,3.838075876235962,2.289565086364746,0.0003965949872508645,1.0579731464385986,177,2044,49401.22265625,98.80236053466797,47.81169128417969,3.365021228790283,2.108295440673828,0.0016135310288518667,1.1170129776000977,203,2024,49996.30859375,99.99263000488281,3.6954054832458496,3.662989377975464,2.1479196548461914,0.0019466113299131393,1.1297101974487305
111,3,125000,1077,9871,246286.2578125,4,210,1808,47952.0859375,95.9041976928711,0.05562984198331833,3.847111701965332,2.3534188270568848,0.00046376942191272974,1.067729115486145,218,2053,49999.17578125,99.99845886230469,7.274281024932861,3.8081846237182617,2.220522403717041,0.0006130647379904985,1.0652347803115845,229,2299,48885.0859375,97.77021026611328,21.13361167907715,3.8313188552856445,2.287123918533325,0.00023447751300409436,1.0448147058486938,223,2027,49480.421875,98.96082305908203,45.41744613647461,3.2786498069763184,2.099684476852417,0.0011688017984852195,1.1041210889816284,197,1684,49969.48828125,99.93894958496094,3.0586578845977783,3.6813652515411377,2.1540088653564453,0.0023542975541204214,1.1800518035888672
112,3,125000,950,9165,245744.83203125,4,210,2056,49458.7265625,98.91748046875,1.293842077255249,3.8563244342803955,2.358457326889038,0.0010107493726536632,1.109146237373352,210,1907,48631.24609375,97.26251983642578,2.64026141166687,3.7846739292144775,2.1783132553100586,0.0015735030174255371,1.1705347299575806,176,1783,49466.71484375,98.9334945678711,5.568025588989258,3.8206498622894287,2.2784783840179443,0.0004920768551528454,1.0713578462600708,172,1555,49991.41796875,99.98281860351562,5.121109962463379,3.1962711811065674,2.095924139022827,0.0014424490509554744,1.129242181777954,182,1864,48196.7265625,96.39346313476562,0.08331064134836197,3.685922145843506,2.158770799636841,0.0011621356243267655,1.0908747911453247
113,3,125000,854,7591,247144.96484375,4,73,670,49407.3125,98.81463623046875,15.790609359741211,3.8722832202911377,2.3652827739715576,0.0014086675364524126,1.1888823509216309,212,1869,49544.01953125,99.08797454833984,5.235601425170898,3.781898021697998,2.1790175437927246,0.0017634319374337792,1.1220877170562744,159,1350,48651.70703125,97.30341339111328,3.1142570972442627,3.82414174079895,2.296076774597168,0.0006941509200260043,1.0734385251998901,220,2048,49588.8515625,99.17768096923828,10.057012557983398,3.2585277557373047,2.1256253719329834,0.0009286308195441961,1.0937284231185913,190,1654,49953.07421875,99.90618896484375,1.1695629358291626,3.7170002460479736,2.1910555362701416,0.0010727309854701161,1.0972988605499268
114,3,125000,907,9050,248288.02734375,4,163,1498,49946.13671875,99.89227294921875,99.63529205322266,3.8653411865234375,2.3661580085754395,0.00046965599176473916,1.0816296339035034,143,1406,48381.23828125,96.76239776611328,3.776097536087036,3.747177839279175,2.1359658241271973,0.0023018550127744675,1.1461482048034668,200,1901,49990.2734375,99.98062133789062,99.98776245117188,3.8133678436279297,2.2923026084899902,0.00021559714514296502,1.0508066415786743,234,2662,49999.47265625,99.9989013671875,14.976819038391113,3.235260486602783,2.1117260456085205,0.0016698312247171998,1.1845850944519043,167,1583,49970.90625,99.94188690185547,99.89306640625,3.7093327045440674,2.1763205528259277,0.00023883342510089278,1.0346860885620117
115,3,125000,731,8504,248033.76953125,4,134,1421,49634.02734375,99.26801300048828,8.904397964477539,3.866542339324951,2.3689253330230713,0.0008564567542634904,1.1094143390655518,206,2551,49979.8125,99.95955657958984,2.3791332244873047,3.648367166519165,2.035660982131958,0.003750197822228074,1.1529771089553833,105,1203,48447.58984375,96.89521789550781,4.724884033203125,3.7974395751953125,2.2832882404327393,0.0010810995008796453,1.0798131227493286,202,2432,49996.3984375,99.99281311035156,48.337059020996094,3.141571521759033,2.069355010986328,0.0009960150346159935,1.0804435014724731,84,897,49975.94140625,99.95189666748047,99.926513671875,3.656405448913574,2.1311705112457275,0.0008561658905819058,1.0919702053070068
116,3,125000,1125,10130,247612.9375,4,248,2264,49044.375,98.08875274658203,8.377963066101074,3.8535947799682617,2.3657174110412598,0.00021047591872047633,1.0471677780151367,195,1942,49996.21484375,99.99242401123047,3.0304925441741943,3.7157952785491943,2.1266863346099854,0.0013525747926905751,1.1336870193481445,233,1875,48591.3828125,97.18278503417969,8.366498947143555,3.831240653991699,2.3170318603515625,0.0008088707691058517,1.0829105377197266,248,2322,49986.08203125,99.97215270996094,13.577491760253906,3.408459424972534,2.142174243927002,0.0005804753163829446,1.0935094356536865,201,1727,49994.8828125,99.98971557617188,4.711396217346191,3.741946220397949,2.211048126220703,0.0003001046134158969,1.0846344232559204
117,3,125000,590,7344,248046.2109375,4,164,2230,48623.01171875,97.24600982666016,4.563356399536133,3.8609046936035156,2.369980812072754,0.0003720736422110349,1.0777240991592407,103,1291,49994.37890625,99.98878479003906,99.99579620361328,3.6872880458831787,2.118832588195801,0.0019176650093868375,1.1534571647644043,94,906,49978.62890625,99.9572525024414,99.94185638427734,3.831270933151245,2.319042921066284,0.0008972120122052729,1.1546441316604614,104,1088,49959.4453125,99.91895294189453,99.79293823242188,3.427248477935791,2.157294750213623,0.00030962229357101023,1.0567923784255981,125,1829,49490.74609375,98.98151397705078,72.29436492919922,3.7412109375,2.208003282546997,0.00048162220628000796,1.0913184881210327
118,3,125000,1038,10327,248845.5234375,4,177,1446,49938.00390625,99.87596893310547,99.517333984375,3.8598785400390625,2.370168447494507,0.0004082393425051123,1.087686538696289,190,2186,49996.9921875,99.99398040771484,5.72842264175415,3.707278251647949,2.143842935562134,0.0008600043947808444,1.0715181827545166,227,2117,48960.140625,97.92037963867188,1.509399652481079,3.8306236267089844,2.315481185913086,0.000732290733139962,1.0927785634994507,239,2366,49960.61328125,99.9211654663086,99.80400085449219,3.4892234802246094,2.1763997077941895,0.00040634392644278705,1.0625172853469849,205,2212,49989.7734375,99.9795150756836,0.6966334581375122,3.759411573410034,2.223769187927246,0.0005826449487358332,1.0785579681396484
119,3,125000,660,8385,248707.453125,4,98,1174,48723.921875,97.4478530883789,13.053717613220215,3.8689794540405273,2.3740785121917725,0.00022187471040524542,1.0645300149917603,98,933,49995.609375,99.99119567871094,99.99736022949219,3.6349003314971924,2.069728374481201,0.0006601333734579384,1.049890398979187,127,1299,49994.9375,99.9898681640625,2.7432196140289307,3.8152074813842773,2.2951371669769287,0.0009739184170030057,1.0861318111419678,165,2413,49995.9453125,99.99188232421875,23.592714309692383,3.4275383949279785,2.1534197330474854,0.0005275774165056646,1.067219614982605,172,2566,49997.0390625,99.99413299560547,99.99877166748047,3.7094781398773193,2.1691534519195557,0.0020848894491791725,1.109410047531128
120,3,125000,768,8511,248422.2421875,4,123,1358,49982.08984375,99.96418762207031,2.90157151222229,3.871974468231201,2.3761706352233887,0.0004019904008600861,1.0795942544937134,181,2285,49984.41015625,99.96884155273438,3.8740007877349854,3.657633066177368,2.093883991241455,0.0013270687777549028,1.1504210233688354,171,1629,48480.1328125,96.96026611328125,4.622959613800049,3.807997941970825,2.2843470573425293,0.0007041978533379734,1.0725165605545044,113,1351,49999.28515625,99.99857330322266,10.161975860595703,3.431107759475708,2.1587882041931152,0.0004946041153743863,1.0748099088668823,180,1888,49976.32421875,99.95269775390625,3.20180606842041,3.698204755783081,2.1535699367523193,0.000664861174300313,1.0824213027954102
121,3,125000,916,9804,248751.26171875,4,167,1930,49139.52734375,98.27906799316406,2.4731249809265137,3.8733315467834473,2.375838041305542,0.00021994828421156853,1.056986927986145,219,2176,49974.9296875,99.9498062133789,1.3734488487243652,3.429295539855957,1.9449617862701416,0.0014657091815024614,1.1487361192703247,199,1930,49667.75390625,99.33552551269531,41.2163200378418,3.752330780029297,2.228766918182373,0.0014449262525886297,1.101859450340271,167,1894,49989.58203125,99.97914123535156,99.98589324951172,3.1244752407073975,2.060871124267578,0.0018611812265589833,1.0989975929260254,164,1874,49979.46875,99.95889282226562,3.0532336235046387,3.5770516395568848,2.0332579612731934,0.0011564063606783748,1.111481785774231
122,3,125000,688,7798,249527.9609375,4,100,1272,49992.03125,99.9841079711914,99.99170684814453,3.875452756881714,2.3787736892700195,0.00022893189452588558,1.0680265426635742,111,1228,49998.15234375,99.996337890625,99.99949645996094,3.6480178833007812,2.10604190826416,0.0005645966157317162,1.0546252727508545,147,1563,49990.69921875,99.98130798339844,8.830138206481934,3.787245988845825,2.261434555053711,0.0004694294766522944,1.0876191854476929,155,1568,49566.453125,99.1329574584961,79.04539489746094,3.413099527359009,2.1451163291931152,0.0027370143216103315,1.0987672805786133,175,2167,49980.625,99.96136474609375,5.049042701721191,3.7128851413726807,2.128892660140991,0.002482519019395113,1.156520962715149
123,3,125000,643,8594,246337.52734375,4,123,1590,48849.5390625,97.69904327392578,19.107746124267578,3.877592086791992,2.377725839614868,0.00027086734189651906,1.0811398029327393,151,2224,48875.5859375,97.75117492675781,7.162256717681885,3.498981237411499,2.0227272510528564,0.0006807589088566601,1.0867877006530762,91,1283,49997.734375,99.99545288085938,99.9992446899414,3.7587709426879883,2.2368714809417725,0.0015238451305776834,1.163812279701233,133,1909,48620.3359375,97.2406234741211,5.51143741607666,3.169511556625366,2.05861496925354,0.0012435007374733686,1.0947390794754028,145,1588,49994.33203125,99.98866271972656,6.430571556091309,3.6486809253692627,2.027604818344116,0.0020206975750625134,1.1518824100494385
124,3,125000,962,8629,248976.97265625,4,184,1665,49992.36328125,99.98469543457031,1.4874564409255981,3.876866102218628,2.3760669231414795,0.0002801298978738487,1.0614573955535889,221,1922,49778.8671875,99.55773162841797,0.15211817622184753,3.534008741378784,2.0530378818511963,0.0005515098455362022,1.0980106592178345,199,1846,49242.33203125,98.48463439941406,24.73033905029297,3.752910614013672,2.2315797805786133,0.0010275720851495862,1.1559419631958008,192,1964,49978.58203125,99.95711517333984,73.73125457763672,3.146470785140991,2.0477380752563477,0.001236286130733788,1.0954079627990723,166,1232,49984.828125,99.96968078613281,99.97052001953125,3.6748275756835938,2.037839651107788,0.0007354116532951593,1.1177808046340942
125,3,125000,999,9659,246320.04296875,4,226,2098,49995.03125,99.99007415771484,13.931751251220703,3.879244565963745,2.376089096069336,0.0002412366884527728,1.0536786317825317,240,2024,48973.69140625,97.94741821289062,1.690285086631775,3.5102970600128174,2.064908504486084,0.0006630516145378351,1.083053469657898,192,1955,49995.73828125,99.991455078125,99.99751281738281,3.7464187145233154,2.2307541370391846,0.0018207430839538574,1.154654622077942,242,2408,48660.03125,97.32006072998047,10.592013359069824,3.069664239883423,2.030613660812378,0.0014038752997294068,1.0720311403274536,99,1174,48695.55078125,97.39112091064453,1.3787424564361572,3.6769676208496094,2.0550549030303955,0.0007358336006291211,1.1212608814239502
126,3,125000,910,8335,247161.22265625,4,200,1855,48736.7890625,97.4735336303711,1.0699329376220703,3.8872556686401367,2.380181074142456,0.00031038044835440814,1.0779842138290405,175,1612,48686.984375,97.37397003173828,10.959868431091309,3.4629673957824707,2.0486505031585693,0.0009621166973374784,1.0973789691925049,171,1483,49869.87890625,99.73976135253906,1.2117763757705688,3.748283624649048,2.2426390647888184,0.0021476554684340954,1.140451192855835,187,1982,49943.5390625,99.88714599609375,4.366463661193848,2.969712972640991,2.0092554092407227,0.0008934258949011564,1.0519585609436035,177,1403,49924.03125,99.8479995727539,1.0860024690628052,3.6740987300872803,2.0317611694335938,0.001128323026932776,1.1519131660461426
127,3,125000,808,9883,249770.515625,4,142,1576,49992.90625,99.98587036132812,99.99341583251953,3.8920810222625732,2.381883144378662,0.00047411202103830874,1.077078938484192,141,1785,49995.28515625,99.99051666259766,99.39442443847656,3.5898687839508057,2.131284475326538,0.00045152902021072805,1.0714701414108276,169,1961,49791.81640625,99.58365631103516,0.3791150152683258,3.771498680114746,2.2834885120391846,0.001530394540168345,1.1429380178451538,163,1844,49991.8828125,99.98381042480469,3.3804986476898193,3.104412794113159,2.066110372543335,0.0016441845800727606,1.1014530658721924,193,2717,49998.625,99.99713134765625,13.201467514038086,3.7384984493255615,2.117333173751831,0.0006080055027268827,1.0526788234710693
128,3,125000,917,9575,247627.03125,4,188,2386,48889.6953125,97.77947998046875,13.576650619506836,3.893472909927368,2.382303237915039,0.00021594524150714278,1.0205243825912476,221,1761,48746.859375,97.49370574951172,13.014790534973145,3.520238161087036,2.088454246520996,0.000586233101785183,1.055876612663269,155,1318,49994.79296875,99.98954772949219,8.2296142578125,3.7532958984375,2.2855470180511475,0.0009499668958596885,1.081828236579895,201,2573,49998.96875,99.99798583984375,10.790416717529297,2.9197986125946045,2.016721248626709,0.002909891540184617,1.1301651000976562,152,1537,49996.71484375,99.9933853149414,20.3260440826416,3.7147092819213867,2.0829989910125732,0.0007358288858085871,1.0379787683486938
129,3,125000,759,7907,248599.83203125,4,179,2003,49969.59765625,99.93917846679688,2.8026630878448486,3.89530873298645,2.3833601474761963,0.00023342370695900172,1.047050952911377,72,711,48673.265625,97.34651184082031,5.202914237976074,3.4457476139068604,2.0355238914489746,0.0033020186237990856,1.1209769248962402,162,1270,49972.37109375,99.9447250366211,3.212531566619873,3.74658465385437,2.29288911819458,0.0010416030418127775,1.0939167737960815,199,2722,49996.3671875,99.99268341064453,4.86555814743042,2.7961480617523193,2.0008721351623535,0.0024595092982053757,1.1045596599578857,147,1201,49988.23046875,99.97647857666016,3.3429572582244873,3.6988813877105713,2.0501649379730225,0.00033179522142745554,1.0463950634002686
130,3,125000,813,8230,249559.70703125,4,212,1859,49986.75390625,99.97351837158203,3.041019916534424,3.8933708667755127,2.3825619220733643,0.0002125024766428396,1.0594054460525513,212,2380,49990.90234375,99.98173522949219,2.5031492710113525,3.468630313873291,2.0257468223571777,0.0034038398880511522,1.1505534648895264,164,1621,49993.43359375,99.98686218261719,25.455081939697266,3.7082207202911377,2.288055896759033,0.0005726480158045888,1.0751776695251465,155,1638,49620.78125,99.24148559570312,11.056118965148926,2.734283447265625,2.022268295288086,0.0018856858368963003,1.129673719406128,70,732,49967.8359375,99.93560028076172,99.86888885498047,3.6967992782592773,2.074237108230591,0.0015866493340581656,1.0927196741104126
131,3,125000,945,9531,246337.66796875,4,217,2028,49345.671875,98.69136810302734,15.818037986755371,3.894428014755249,2.3834173679351807,0.00019770144717767835,1.039361596107483,193,1784,48155.30078125,96.31063079833984,0.01875116489827633,3.5641558170318604,2.0446953773498535,0.0016236352967098355,1.0990601778030396,199,2134,49962.2578125,99.92451477050781,99.8202133178711,3.7044384479522705,2.2989680767059326,0.0011547183385118842,1.0729237794876099,204,2384,48914.28515625,97.8285140991211,22.898513793945312,2.7266716957092285,2.0378353595733643,0.002395086223259568,1.1093039512634277,132,1201,49960.15234375,99.92028045654297,99.7995834350586,3.7452354431152344,2.09149169921875,0.0022120093926787376,1.1761009693145752
132,3,125000,722,8045,247796.6484375,4,101,1209,49979.78515625,99.95963287353516,99.94807434082031,3.898646354675293,2.385798692703247,0.0002580189611762762,1.0592892169952393,205,2037,49998.20703125,99.99642944335938,32.649688720703125,3.5192646980285645,2.0176925659179688,0.000612072937656194,1.0978394746780396,107,1134,49990.625,99.9811782836914,41.210025787353516,3.688420295715332,2.297670602798462,0.0009896421106532216,1.105328917503357,186,2719,49322.4765625,98.64497375488281,35.444557189941406,2.588920831680298,2.013251543045044,0.0015913271345198154,1.0802375078201294,123,946,48505.5546875,97.01109313964844,2.198808431625366,3.761354923248291,2.120471239089966,0.0015739869559183717,1.1816554069519043
133,3,125000,865,9605,247573.9453125,4,154,1460,49992.49609375,99.98493194580078,99.99251556396484,3.8923661708831787,2.3819918632507324,0.00018263101810589433,1.045436143875122,185,2518,49997.8828125,99.9957504272461,99.99932861328125,3.401993989944458,1.9684906005859375,0.0007436418090946972,1.0808310508728027,166,1519,49991.5234375,99.9830093383789,99.99051666259766,3.627777576446533,2.2764229774475098,0.0014445233391597867,1.1029081344604492,173,2144,48982.65234375,97.96536254882812,27.412031173706055,2.3546719551086426,1.9593119621276855,0.001946787815541029,1.1194701194763184,187,1964,48609.390625,97.21883392333984,0.8742586374282837,3.724818706512451,2.06722092628479,0.00260365242138505,1.1738330125808716
134,3,125000,1061,11372,248559.109375,4,200,2219,49724.19921875,99.4484634399414,90.91871643066406,3.8888440132141113,2.3802332878112793,0.0001781797327566892,1.045520305633545,258,2990,49995.7734375,99.99151611328125,31.575115203857422,3.3883464336395264,1.975338101387024,0.0008320665219798684,1.0670567750930786,219,2116,49989.93359375,99.97989654541016,2.704307794570923,3.5874645709991455,2.260098934173584,0.003797814715653658,1.147673487663269,226,2415,48864.41796875,97.72883605957031,5.520056247711182,2.507014513015747,1.9622844457626343,0.00446459511294961,1.2383501529693604,158,1632,49984.78515625,99.96953582763672,99.97025299072266,3.738060235977173,2.106865882873535,0.003006279468536377,1.1873085498809814
135,3,125000,1005,8884,246982.71484375,4,204,1818,49993.546875,99.98717498779297,45.06084060668945,3.8869330883026123,2.3803927898406982,0.00033002853160724044,1.0570529699325562,177,1837,48729.703125,97.45938873291016,3.9195752143859863,3.426427125930786,2.005859375,0.0008283495553769171,1.0981426239013672,213,1532,49824.2421875,99.6485366821289,0.0244050994515419,3.5649402141571045,2.241976022720337,0.002355980919674039,1.1936795711517334,210,2047,48449.5390625,96.89907836914062,4.950488090515137,2.695322275161743,1.9944572448730469,0.004005162511020899,1.2030267715454102,201,1650,49985.68359375,99.97137451171875,99.97368621826172,3.7635722160339355,2.1478428840637207,0.0014580035349354148,1.1627638339996338
136,3,125000,720,8835,248668.4375,4,156,2018,49979.14453125,99.9582748413086,4.061089992523193,3.883289098739624,2.379934072494507,0.00012635707389563322,1.031673550605774,151,1998,49175.046875,98.35015869140625,42.69744110107422,3.4608898162841797,2.0352182388305664,0.0009689903235994279,1.08560311794281,126,1124,49993.9375,99.98782348632812,12.554734230041504,3.5926225185394287,2.2360095977783203,0.00236464012414217,1.1625869274139404,171,2309,49525.8984375,99.05170440673828,22.071922302246094,2.742774486541748,1.9931079149246216,0.002155005931854248,1.1995857954025269,116,1386,49994.41015625,99.98883056640625,9.005220413208008,3.769314765930176,2.163288116455078,0.00034162760130129755,1.0666030645370483
137,3,125000,686,9040,249417.34375,4,111,1222,49997.0,99.99397277832031,99.99874114990234,3.8893914222717285,2.38339900970459,0.0002324414235772565,1.0528455972671509,149,2097,49464.94140625,98.9298095703125,69.89472198486328,3.5120344161987305,2.0726263523101807,0.0008633685065433383,1.0677582025527954,142,2116,49980.64453125,99.96125793457031,2.3986151218414307,3.588473320007324,2.2215561866760254,0.002010669559240341,1.1406437158584595,162,2191,49996.48046875,99.99290466308594,10.910476684570312,2.90291166305542,2.017928123474121,0.003145041409879923,1.1832025051116943,122,1414,49978.27734375,99.95649719238281,1.7959014177322388,3.78592586517334,2.1947929859161377,0.0013628196902573109,1.1471613645553589
138,3,125000,774,8534,246779.02734375,4,141,1355,49984.1484375,99.96829986572266,1.8050734996795654,3.8860855102539062,2.383031129837036,0.00023164509912021458,1.0576962232589722,190,2450,49922.3046875,99.84464263916016,75.31372833251953,3.6160333156585693,2.1356213092803955,0.00031447887886315584,1.049429178237915,179,2053,49997.015625,99.99410247802734,35.27645492553711,3.620095729827881,2.225625514984131,0.0017315458972007036,1.1245179176330566,153,1686,49985.81640625,99.97164916992188,2.1382052898406982,3.0981194972991943,2.057671546936035,0.004656178876757622,1.1872599124908447,111,990,46889.7421875,93.77952575683594,0.0010000000474974513,3.7946836948394775,2.241462230682373,0.0010891723213717341,1.1572915315628052
139,3,125000,1066,9780,249209.13671875,4,216,1977,49996.41015625,99.99279022216797,7.105065822601318,3.8853862285614014,2.381822347640991,0.00025315998937003314,1.0734717845916748,217,2232,49994.04296875,99.98816680908203,7.286139965057373,3.4971325397491455,2.0679068565368652,0.00042783498065546155,1.0399247407913208,224,1839,49992.10546875,99.98418426513672,31.75551986694336,3.5821659564971924,2.195152759552002,0.0012984012719243765,1.1408519744873047,192,1844,49436.67578125,98.87334442138672,67.23590087890625,3.032043933868408,2.029301643371582,0.003287906525656581,1.2423826456069946,217,1888,49789.90234375,99.57978820800781,29.895549774169922,3.759026288986206,2.2084200382232666,0.0004806089273188263,1.0755443572998047
140,3,125000,922,9567,244684.0234375,4,161,1216,47999.078125,95.99811553955078,0.2275002896785736,3.8866398334503174,2.3815758228302,0.0004100751830264926,1.072668433189392,218,2319,49227.73046875,98.45539855957031,47.428401947021484,3.486618995666504,2.05255126953125,0.0015690564177930355,1.1024444103240967,180,1942,48445.49609375,96.89098358154297,4.873313903808594,3.585514545440674,2.1935787200927734,0.0013071679277345538,1.101102590560913,179,2104,49015.11328125,98.03016662597656,29.728450775146484,3.108081817626953,2.0514516830444336,0.0027519320137798786,1.1795910596847534,184,1986,49996.60546875,99.99311828613281,43.06168746948242,3.7545166015625,2.2121853828430176,0.0007368159131146967,1.0890483856201172
141,3,125000,1011,9575,248312.69140625,4,203,1536,49993.9609375,99.98796081542969,4.9725446701049805,3.886871814727783,2.379490375518799,0.0006622052169404924,1.0897361040115356,193,2368,49749.484375,99.49891662597656,32.191383361816406,3.435152530670166,2.005427122116089,0.001435837708413601,1.0778284072875977,156,1354,48665.77734375,97.33159637451172,3.915766716003418,3.593658924102783,2.193058490753174,0.0008478116942569613,1.1062252521514893,237,2335,49908.03125,99.81607055664062,98.94378662109375,3.1449151039123535,2.0541608333587646,0.0038515639025717974,1.1611127853393555,222,1982,49995.4375,99.99087524414062,59.735435485839844,3.7392866611480713,2.198955774307251,0.0003786873712670058,1.0627899169921875
142,3,125000,899,9622,249673.59375,4,188,1909,49994.08984375,99.98822021484375,6.161426544189453,3.8892695903778076,2.38204288482666,0.0009307265281677246,1.1540794372558594,200,2293,49982.53125,99.96508026123047,4.493573188781738,3.5226593017578125,2.0280117988586426,0.0007637763046659529,1.0567092895507812,163,1518,49982.72265625,99.9654541015625,2.6137800216674805,3.626479148864746,2.2084007263183594,0.0018613766878843307,1.158036231994629,162,1741,49951.8671875,99.90373992919922,1.5039048194885254,3.2657084465026855,2.094346046447754,0.0035177564714103937,1.2638448476791382,186,2161,49762.3828125,99.52474975585938,0.0490790493786335,3.7476603984832764,2.2037384510040283,0.0011761020869016647,1.096405029296875
143,3,125000,848,8809,248526.11328125,4,194,2319,49990.86328125,99.98182678222656,1.3772501945495605,3.890395164489746,2.3819777965545654,0.00021056651894468814,1.0569919347763062,232,2584,48913.46484375,97.82691955566406,7.431817054748535,3.5999181270599365,2.0446834564208984,0.001740312553010881,1.1709372997283936,157,1423,49645.74609375,99.29150390625,35.629302978515625,3.621840238571167,2.199504852294922,0.0012544941855594516,1.114405632019043,144,1318,49980.91796875,99.96183776855469,4.5577073097229,3.3195366859436035,2.1130497455596924,0.0030061148572713137,1.1986926794052124,121,1165,49995.12109375,99.99021911621094,99.99675750732422,3.7371959686279297,2.1725244522094727,0.0027458572294563055,1.1559453010559082
144,3,125000,921,9916,248208.78515625,4,218,2775,49118.09765625,98.23621368408203,37.80906295776367,3.8833329677581787,2.374239683151245,0.00015927552885841578,1.0359439849853516,175,1996,49846.2265625,99.6924819946289,3.719484329223633,3.569589138031006,2.016308069229126,0.002041466301307082,1.1986720561981201,170,1626,49999.0546875,99.99815368652344,11.409063339233398,3.579942464828491,2.157308340072632,0.002345745451748371,1.1760449409484863,170,1906,49260.9375,98.52188110351562,50.503170013427734,3.2588253021240234,2.084247350692749,0.0012917113490402699,1.1020654439926147,188,1613,49984.46875,99.96897888183594,10.344690322875977,3.6893181800842285,2.0988855361938477,0.0021774745546281338,1.1473528146743774
145,3,125000,876,9301,248105.18359375,4,142,1380,49096.48046875,98.19296264648438,36.02761459350586,3.889885187149048,2.3765687942504883,0.0001441335625713691,1.0479110479354858,191,2173,49991.45703125,99.98291778564453,4.7967681884765625,3.643301010131836,2.051992893218994,0.0007163071422837675,1.0739130973815918,169,1404,49552.1015625,99.10415649414062,30.43793296813965,3.583535671234131,2.1464169025421143,0.0014727043453603983,1.1593141555786133,172,2270,49976.03515625,99.9520034790039,2.677156686782837,3.2795042991638184,2.080355405807495,0.0007318663410842419,1.094007968902588,202,2074,49489.109375,98.97816467285156,5.49825382232666,3.689983367919922,2.0746428966522217,0.0022145796101540327,1.1152987480163574
146,3,125000,789,8943,248624.2734375,4,204,2343,49991.7265625,99.98345947265625,5.059563159942627,3.8930327892303467,2.378331184387207,0.00035461902734823525,1.0702753067016602,124,1287,49993.1015625,99.98619079589844,3.6229054927825928,3.654521942138672,2.057694673538208,0.0007888770196586847,1.0881462097167969,133,1490,48657.48046875,97.31497192382812,2.656557559967041,3.5547685623168945,2.1256120204925537,0.0017640923615545034,1.1449092626571655,140,1754,49996.98828125,99.99400329589844,48.903926849365234,3.254180908203125,2.061817169189453,0.0015180777991190553,1.0915448665618896,188,2069,49984.9765625,99.96992492675781,99.9709701538086,3.6781115531921387,2.0494167804718018,0.0007296252297237515,1.074918270111084
147,3,125000,1014,10602,246727.66015625,4,205,2163,48741.78515625,97.4835433959961,1.3046751022338867,3.894645929336548,2.3791251182556152,0.00046676158672198653,1.1262726783752441,204,2014,49366.52734375,98.73298645019531,0.8236413598060608,3.659280300140381,2.0574841499328613,0.0003808474575635046,1.0356802940368652,198,1968,48817.55078125,97.63504791259766,17.405059814453125,3.513932943344116,2.11682391166687,0.0024348043370991945,1.1474529504776,225,2868,49819.77734375,99.63951110839844,96.0114517211914,3.218494415283203,2.0438644886016846,0.0008596920524723828,1.1074531078338623,182,1589,49982.01953125,99.96405029296875,1.45931077003479,3.6507604122161865,2.023977518081665,0.00034846781636588275,1.0502676963806152
148,3,125000,811,7835,248738.8828125,4,148,1208,49992.71875,99.98542785644531,11.072440147399902,3.900320291519165,2.380556344985962,0.00016135691839735955,1.04351806640625,163,1636,49999.44921875,99.99890899658203,99.99993133544922,3.6044328212738037,1.976127028465271,0.0014150666538625956,1.193387508392334,165,1633,48871.9375,97.74386596679688,18.1383113861084,3.469719886779785,2.1189050674438477,0.0024736332707107067,1.1651431322097778,200,2188,49995.62109375,99.99129486083984,2.791339159011841,3.1390936374664307,2.017014265060425,0.002486658049747348,1.1406420469284058,135,1170,49879.15625,99.75833129882812,0.23668424785137177,3.6260671615600586,1.9997549057006836,0.0011766862589865923,1.1181933879852295
149,3,125000,687,7604,249668.109375,4,124,1274,49999.625,99.99927520751953,99.99996185302734,3.893211841583252,2.379422187805176,0.00012380599218886346,1.0407273769378662,171,2166,49699.53125,99.39907836914062,6.206197738647461,3.686335325241089,2.0750932693481445,0.0009705328848212957,1.1183191537857056,117,1312,49976.6796875,99.95332336425781,99.93074798583984,3.4976112842559814,2.18454909324646,0.002093274611979723,1.187922477722168,162,1780,49994.31640625,99.98868560791016,2.361240863800049,3.214136838912964,2.0397796630859375,0.0017631029477342963,1.069905400276184,113,1072,49997.95703125,99.99594116210938,99.99938201904297,3.6455373764038086,2.06851863861084,0.000952544214669615,1.0968186855316162
150,3,125000,1019,9668,246382.92578125,4,170,1538,49813.30078125,99.62661743164062,0.4587726294994354,3.8894524574279785,2.3759710788726807,0.0003462171589490026,1.0621473789215088,254,2377,48450.109375,96.900146484375,0.29513734579086304,3.68894362449646,2.068646192550659,0.0013702773721888661,1.1184648275375366,192,1864,48396.08984375,96.7922134399414,1.0451512336730957,3.4554784297943115,2.2065913677215576,0.003098041983321309,1.1682791709899902,215,2057,49731.6953125,99.46331787109375,91.3797378540039,3.154332399368286,2.008033514022827,0.001105184550397098,1.1021625995635986,188,1832,49991.73046875,99.98344421386719,99.99102020263672,3.6195428371429443,2.060774803161621,0.002412776928395033,1.1443918943405151
